"Shared","T.SCO","B.SCO"
"Cidec","Tsc22d1","Asns"
"Arxes2","Cebpa","Ralgds"
"Lipe","Mknk2","Pdcd4"
"Cd36","Slc1a3","Adcyap1r1"
"Retsat","Dipk2a","Hipk3"
"Gpd1","Kcnk3","Rxra"
"Fabp4","Ccl5","Fbln5"
"Ffar2","Cdkn2c","Anxa8"
"Adipor2","Gm19705","Septin6"
"Plin1","Mfge8","Trabd2b"
"Nat8l","Flt1","Efr3a"
"Adig","B3galt2","Sfrp2"
"Trarg1","Cd274","Lfng"
"Dlc1","Idh1","Lhfpl2"
"G0s2","Saa3","Sh3bp5"
"Pnpla2","Tle3","Nectin2"
"Arl4a","Sbsn","Hes1"
"Ephx2","Slc25a10","Sox9"
"Cavin2","Tob1","Nedd4l"
"Idh3a","Slc2a4","Fosl1"
"Acox1","Qki","Fuca1"
"4931406C07Rik","Ppp1r3d","Hmox1"
"Abcd2","Unc119","Fhl2"
"Pim3","Hexim1","Nfix"
"Fitm2","Ripk2","Rarres2"
"Dnajb9","Gnpat","Itih4"
"Prxl2a","Slc1a5","Nr4a1"
"Sorbs1","Xrcc3","Tsku"
"A530016L24Rik","Pank3","Wnk4"
"Cavin1","Dhrs3","Lasp1"
"Pnpla8","Tbx18","Eif1ad"
"Cluh","Tlr2","Sh3kbp1"
"Scarb1","H1f2","Tns2"
"Plin4","Pex11a","Ifrd1"
"Dhrs7b","Cdc42ep2","Zfp503"
"Ormdl3","Birc2","Ccnd1"
"Agpat2","Nqo1","Mtss2"
"Fabp5","6430571L13Rik","Cth"
"Pck1","Adamts4","Apoc1"
"Aqp7","Tbc1d4","Pparg"
"Acadm","Lrg1","Rasl11b"
"Taldo1","Pank1","Gstk1"
"Dgat2","Hibch","Nt5dc2"
"Pdk2","Cyp7b1","Twf2"
"Alas1","Ifi207","Ccdc80"
"Uck1","Sptbn5","Smurf1"
"Clstn3","Acaa2","Rhot2"
"Mcrip2","Il15ra","Dnajb6"
"Hycc2","Acaa1a","Atp1b1"
"Krt79","Jak2","Nus1"
"Crat","Tlcd1","Il17re"
"Dgat1","Mcam","Appl2"
"Acat2","Gpam","Chchd4"
"Prkar2b","Adrb3","Mccc1"
"Pcx","Amigo2","Plppr3"
"Cat","Mmab","Foxo6"
"Peg10","Uqcr11","Mthfd2"
"Atg101","Celf2","Vdac3"
"Cmbl","Cxcl9","Lum"
"Cox8b","Pgrmc2","Smim1"
"Phlda3","Il13ra2","Nudt18"
"Lrrc39","Cox14","Stambpl1"
"Hadhb","Dolpp1","Rnd2"
"Aatk","Hpx","Cd81"
"Mgst1","Bmpr1a","Csnk1a1"
"Agpat3","Camkk2","Bmp4"
"Mcur1","Glul","Osgin1"
"Abhd5","B4galt5","Gm45769"
"Mmd","Id1","Ybx3"
"Echdc1","Cilp2","Mafb"
"Aco1","Lgr4","C3"
"Ctcflos","2010003K11Rik","Agpat1"
"Aifm2","Ankrd28","Maff"
"Ppp2r5a","Arhgap18","Gda"
"Ltc4s","Rasa4","Dpt"
"Cdo1","Lpgat1","Psmg1"
"Hadha","Itgav","Clec14a"
"Acsl1","Tmem123","Vkorc1"
"Aco2","Zfp281","Pdlim2"
"Olr1","Diaph2","Dlk1"
"Ptx3","Cd74","Rora"
"3930402G23Rik","Slamf8","Map1a"
"Nabp1","Arrb1","Hacd4"
"Bscl2","Serpina3g","Cacna1a"
"Gpt","Gm38882","Adamts15"
"Rab5if","Ganc","Gcnt2"
"Sort1","Col15a1","Cdk1"
"Adamts5","Mrps6","Nexn"
"Mrap","Tst","Niban1"
"Chpt1","Wfdc17","Mef2d"
"Chp1","Akt2","Ell2"
"Lpcat3","Ifi203","Gars1"
"Tmcc3","AU020206","Thra"
"Sfxn1","Steap2","Atp13a3"
"Paqr4","Slc39a14","Fzd2"
"Ech1","Pitpnm2","Dpysl3"
"Entpd5","Alad","Nacc2"
"Grhpr","Gnb5","Map2k3"
"Pde3b","Irf1","Hmga2"
"Hsdl2","Tkt","Acer2"
"Pdhb","Nudt7","Hccs"
"Adissp","Mndal","Smim5"
"Msra","Bid","Slc11a2"
"Reep6","Rgcc","Itgbl1"
"Slc25a34","Cxcl10","Rad17"
"Larp1b","Atp5me","Nras"
"Slc9a6","Fsd2","S100a8"
"Tmem120a","Tdrp","Ttyh3"
"Aldh1a7","Mdh1","Plvap"
"Me1","Prkaca","Snrpb"
"Dolk","Abcc3","Septin9"
"Irs2","Trib1","Micall1"
"Coq9","Slc25a19","P4hb"
"Mpp7","Selenop","Larp4"
"Lgals12","Cox8a","Itgb5"
"Ahnak2","Sgpl1","Farsb"
"Esrra","Nfkbie","Atf4"
"Col1a2","Gm35853","Lrpap1"
"Aldh9a1","Coq8a","Got1"
"Qdpr","Casp4","C1qbp"
"Pex19","Tor3a","Ier3"
"Decr1","Cttnbp2nl","Pygb"
"Atp5mc3","Acsf2","Sh3bgrl"
"Prl2c2","Pfkfb1","Ppic"
"Camp","Cgnl1","Tfpi"
"Gadd45g","Fcor","Pcdh18"
"Hmgb3","Fbxo9","Nid2"
"Vcam1","Cebpg","Crtap"
"Gas6","Lrch1","Fggy"
"Tmem182","Il6","Rap1gap2"
"1600014C10Rik","Serpina3f","Man1a"
"Cyc1","ENSMUSG00000121484_Serpina3h","Psma5"
"Tmed5","Dab2","Myl9"
"Aldh3b2","Il13ra1","Fbxo25"
"Bgn","Cox4i1","Eif5"
"Tfrc","Zfyve21","Enpp2"
"Cyp2f2","Fmnl2","Cd248"
"Gstz1","Lmo4","Rusc2"
"Acss2","Smim19","Mbd4"
"Scd1","B430219N15Rik","Dipk1a"
"Gale","Lcn2","Lgals3"
"Sh2b2","F3","Arpc1b"
"Adamts1","Isoc2a","Cpe"
"Acadvl","Ablim2","Plaa"
"Dnajc15","Mast2","Tnks2"
"Mmp14","Agrn","Deaf1"
"Sh3pxd2b","Ifi202b","Aspm"
"Slc16a1","Prlr","Gpbp1l1"
"Etfb","Flot1","Tmem256"
"Pfkl","Stom","Naalad2"
"Hcar1","Gstm1","2500002B13Rik"
"Pdxp","Gm26588","Comtd1"
"Cpt2","Gas7","Hk2"
"Chchd6","Rasd1","Papss2"
"Rnf122","2310022B05Rik","Tm4sf1"
"Dlat","Aldh6a1","Cdk6"
"Lpin1","Ifi204","Ssh2"
"Il17ra","Slc8a1","Siah2"
"Ppa1","Angptl1","Znrf2"
"Gpat3","Sertad2","Abca8a"
"Cited2","Rnf144a","Maged2"
"Nid1","Nrp1","Gpx7"
"Pex16","Avpi1","Gfm1"
"Csad","Rilpl2","Ccn5"
"Ginm1","Sprr2d","ENSMUSG00000121879_Zfp862-ps"
"Mtus1","Mrps26","Fkbp7"
"Slco3a1","Igsf9","Mest"
"C9orf72","Itsn1","Izumo4"
"Cyb5a","Mettl16","Slc20a2"
"Ldb3","Tnfaip6","Hmbox1"
"Ndufab1","Ampd3","Ccdc47"
"Sting1","Xbp1","Usp8"
"Slc25a1","Akt3","Emc2"
"Ndufa8","Rnf125","Cox6a2"
"Atpaf2","B3glct","Smim10l1"
"Rnf11","Irs1","Kdm5c"
"Clu","Rtl8b","Masp1"
"Fn1","Gm44386","Slc16a6"
"Gpr146","Gadd45b","Prkcd"
"Gstt3","Ch25h","Exoc2"
"Emp2","Igsf3","Ube4b"
"Acbd4","Commd3","Ipo9"
"Trim29","Psma1","Patl1"
"Plin2","Rasl12","Ssbp3"
"Sod1","Hoxa7","Eif4g2"
"Csf1","Rreb1","Gstm7"
"Blvrb","Niban2","Exoc4"
"Pdzd2","Angpt4","Cradd"
"Scd2","Brpf3","Gm34084"
"Htra3","Apobec3","Dnaja2"
"Pgd","Bcar3","Apol6"
"Tnc","Cd47","Atf3"
"St13","Hmgcl","Rhou"
"Hcar2","Nhsl2","Ppp2ca"
"Nrg4","Steap1","Cnppd1"
"Fgfrl1","Hint2","Tmem220"
"Zhx1","Zfp36","Epb41l4a"
"Ermp1","Gbp5","Tgfb2"
"Cryab","Slc13a4","Hilpda"
"Sfxn3","Dglucy","Hycc1"
"Cox7a2","Plscr2","Zbtb18"
"Pik3ip1","Gm33841","Qtrt2"
"Ces1f","Tmem65","Shisa4"
"Dipk1b","Rnf150","Mcph1"
"Uqcrh","Nhs","Gm13205"
"Cxcl12","Susd6","Rprd1b"
"Ucp2","Acat3","Dynlt3"
"Pdpn","Abtb1","Palld"
"Cebpd","Polr3gl","Arf1"
"Ccl6","Cacnb3","Ids"
"Dbi","Fmc1","Mllt11"
"Ppp2r1b","Pkp4","Noct"
"Sh3pxd2a","Apobec1","Lgalsl"
"Isyna1","Dlg4","Slc35b4"
"Pdk4","Cxcl16","Lurap1l"
"Nudt4","Cmpk2","Gltp"
"Egln3","Fads2","Maf"
"Pros1","Mif4gd","Timm10b"
"Mgp","Reep3","Ppp3r1"
"Bcl2l13","Slc25a30","Tmem184b"
"Plekhf1","Prps1","BC037039"
"Pmvk","Prnp","Ikbip"
"Ffar4","Stxbp1","Cldn12"
"Nipsnap1","H4c8","Trim24"
"Apmap","Egfr","Atg5"
"Echs1","Steap4","Rbl2"
"Slc25a44","Kiz","Arfgef2"
"Cbr3","8430430B14Rik","Ppp2r2d"
"Uqcr10","Atp5mf","Xpot"
"Mrpl15","Hagh","Dusp6"
"Olfml2b","Apba1","Ak1"
"Mdh2","1700020L24Rik","Fam210b"
"Cyp1b1","Tmem37","Rnf185"
"Jade1","Saa1","Stard5"
"Ltbp2","C1galt1","Fhod1"
"Scara3","Tnfrsf22","Hapln4"
"Bzw2","Tnfaip1","Dnaaf5"
"Bnip3","Mycl","Cfl2"
"Mpc2","Pabir2","Acot7"
"Timp1","Siglec1","Mix23"
"Mrpl34","Ptrh1","Rps6ka3"
"Emc6","Ankfy1","Rdh5"
"Ube2h","Pkdcc","Adamts10"
"Cyb5b","Ddo","Them4"
"Hdac7","Uhrf2","Antxr2"
"Dclk1","ENSMUSG00000121347_Gm2011","Tigd2"
"Aspa","Ifit2","Adam33"
"Plcb1","Jcad","Macrod1"
"Igf2bp2","Spib","Inppl1"
"Socs3","Dusp4","Fgf2"
"Mrpl45","Gm5617","Ctnnal1"
"S100a1","Nhlrc3","Rbbp9"
"Esd","Ttc39b","Ltbp3"
"Mgst3","Txnip","Nfe2l1"
"Mfsd4b1","Ifi211","Pfkp"
"Eci2","ENSMUSG00000121494_9030619P08Rik","S100b"
"Sod2","Rgs16","Txnl1"
"Arxes1","Ccl8","Serf1"
"Acbd5","Mtarc2","Anapc11"
"Ccl7","Tnfaip2","Garnl3"
"Abhd15","Selenbp1","Gli3"
"Slc25a51","Arhgef10l","Utp4"
"Uqcrq","Klf7","Tmem29"
"Pak3","Dr1","Mtfp1"
"Fam110c","Radil","Tstd2"
"1810021B22Rik","Fbxo45","Cyp20a1"
"Isoc1","Rsad2","Gtf2a1"
"Tuba1a","Ly75","Cars1"
"Dhcr7","ENSMUSG00000109903_Cdhr17","Tln2"
"Apbb2","Ahnak","Tmem165"
"Mlycd","Msn","Thbs2"
"Ugcg","Atp1a2","6030458C11Rik"
"Adam12","Akr7a5","Ampd2"
"Cidea","H4c9","Taf4b"
"Zfp706","Rab3d","Ogfod1"
"Derl1","Snx33","Wfdc21"
"Olfml3","Chst1","Eeig2"
"Hsd17b12","Sun2","Mfap5"
"Ptgr2","Lrrc42","Pacsin3"
"Bag4","Phf11d","Ctsf"
"Usp38","Agtrap","Sulf2"
"Tent5a","Ndufa7","Ppfibp1"
"Extl3","Glis2","Txnl4b"
"Cox5a","Slc6a6","Fos"
"Gstt1","Gm56906","Sfxn2"
"Lias","2510046G10Rik","Jam2"
"Ubqln1","Snora30","Cyrib"
"Eml1","Gdpd1","Glt8d2"
"Acads","1700080G18Rik","Nlrp2"
"Ccl2","Adm","Cnpy2"
"Slc25a22","Arpc2","Fzd3"
"Atp5f1d","Cd276","Rxrg"
"Slc36a2","Layn","Eif3h"
"Lpar1","Rhoc","Hsd17b7"
"Inca1","Slfn9","Hexa"
"Ankrd40","Lyst","Dnm3os"
"Serpina3n","Mafk","Anapc1"
"Hadh","Rbm47","Rab6a"
"Tmem134","Nfatc4","Cdc42ep4"
"Mgll","Serpinb2","Col8a1"
"Klf15","Tnfsf12","Elavl1"
"Sparcl1","Mmp2","Gstm2"
"Klb","Iqsec1","Atp6v0b"
"Rab6b","Rbm43","Msrb3"
"Tapt1","Tmem143","Itga1"
"Aida","Abcb9","Rpl7"
"Gramd1b","Ap3b1","Bbln"
"Col5a2","Hemk1","Ndn"
"Mrgprf","Trim30d","Nfic"
"Slc22a23","Heca","Tpp1"
"Mfhas1","Mapk6","Dxo"
"Bckdhb","Lncbate1","Tef"
"Vim","G3bp2","Lrig3"
"Ppargc1b","Mdfic","Psme3ip1"
"Etfdh","Apex2","Cpne2"
"Pyurf","Mutyh","Mcm4"
"Ndufb8","Fam83a","Phlda1"
"Txlng","Togaram1","Klhl33"
"Gpx1","Ptk2b","Sco2"
"Dhrs4","Gm39121","Slc25a33"
"Dcun1d3","9630013D21Rik","Glrx"
"Ak3","Eif4ebp1","Zdhhc5"
"Tbc1d20","Slc26a2","Trappc5"
"Orm3","Sgpp1","Plekha3"
"Xpnpep3","Ucp3","Idh2"
"Gsta3","Fabp12","Tgfb3"
"Dtx2","Pnp","Rap2a"
"Mfn2","Cox6c","Crlf1"
"Ypel3","Rhbdd3","Ikbkg"
"Pdxk","Rab3a","Foxd1"
"Pigl","Fam53b","Nrbp2"
"Rbms1","Epb41l3","Rpa1"
"Ak2","Cep162","St3gal3"
"Hopx","Inpp1","Tbpl1"
"Samm50","Pusl1","Prkrip1"
"Prrx1","Coq6","Alkbh5"
"Tmem97","Il6st","Tnip1"
"Itga6","Lpar6","Fxr2"
"Serpinb6a","Gm10603","Phf10"
"Pxmp4","Tecr","Il11ra1"
"Atp5pb","Tpbg","Stam2"
"Fcgrt","mt-Co1","Tyms"
"Ppargc1a","Chsy1","Iah1"
"C1s1","Rab32","6820445E23Rik"
"Map4","Eppk1","Papola"
"Irx3","Car2","Bdh2"
"Crls1","Rasa3","Zfp827"
"Ndufs7","Zbtb7c","Clp1"
"Cs","Dusp9","Dohh"
"Cox6a1","Litaf","Pabpc4"
"Cx3cl1","Lipt1","C1qtnf6"
"Pcdh19","Slc5a6","Poglut3"
"Tspan12","Dnajc28","Sbf1"
"Hs6st1","Atp5f1c","Tmem199"
"Prdx3","Fibin","Slc7a1"
"Gm10851","Klhl2","Maf1"
"Cp","Slc25a42","Kpna1"
"Mrc2","Mx1","Taok1"
"Actn1","Trappc13","Slc7a11"
"Cald1","Nrp2","P3h3"
"Aldoa","Ifi47","H3f3b"
"Ehd1","Apoc4","Serpinh1"
"Pex13","Mccc2","Wars1"
"Nadk","Agbl3","Aqp5"
"Lama5","Cxcl11","Lypla1"
"Hmgn3","Tmem82","Dcbld1"
"Rasl11a","Lamp1","Ythdf3"
"Ctsl","Tefm","Sqstm1"
"Angptl4","Rnasel","Atp2a3"
"Klf6","Ankef1","Dync2li1"
"Cycs","Aldh2","Lamb3"
"Pex14","Prmt2","Mlxipl"
"Ndufb6","Rad50","Oxsr1"
"Slc18b1","Gm15417","Rars1"
"Dok1","Naaa","Ncbp1"
"Snrk","Gm56862","Arl2bp"
"Cbr1","Erap1","Rab3il1"
"Prune1","Phf11b","2510039O18Rik"
"Myh9","Apln","Samd5"
"Cisd1","Ifit3b","Bhlhe41"
"S1pr2","Rnf157","Myo1e"
"Bcap31","Rnf115","Mpv17"
"Mustn1","Tspan18","Zfp609"
"Fah","Cox7a1","Gtpbp4"
"Igfbp3","Gm45187","Wdhd1"
"Elmod3","Clmn","Ppme1"
"Pdgfrb","Fzd1","Tmem263"
"Akap1","Phip","Il34"
"Pla2g6","Gm41541","Rps26"
"Adamtsl4","Slfn2","Nbdy"
"Xdh","Herc6","Tril"
"Ip6k3","Pck2","Tmem170"
"Dgkd","Eif4e3","Tbcel"
"Prl2c3","Clic4","Yrdc"
"St3gal6","Igf1r","Mrpl1"
"Runx1t1","Slc7a2","Cd14"
"Slc4a4","Acy3","Clec3b"
"B430010I23Rik","Oasl2","Man2b1"
"Fam13a","Uqcrc2","Stk35"
"Pdp2","Blcap","Sardh"
"Rbms3","Oplah","Adcy9"
"Slc25a20","Gna13","Strip2"
"Mvd","Mfsd8","Cenatac"
"Miga2","Slpi","Kif21b"
"Ndufs1","Shpk","Atad1"
"Cd63","Rnf167","LTO1"
"Acaa1b","Creb5","Klhl24"
"Ubd","Scaper","Polr3h"
"Mxra8","Tubb2b","P2ry10b"
"Sephs2","2310034G01Rik","Qrsl1"
"Tspan14","Lrp11","Cfd"
"Ehd2","Limk1","Rbbp7"
"Sbk1","Apbb1ip","F2r"
"Gprc5b","Nt5c","Gmcl1"
"Trafd1","Fbxw17","Prodh"
"Ss18l2","Cemip2","Kcmf1"
"Msmo1","Gm31070","Pcdh9"
"Atp5po","Ptcd2","Gm4117"
"Gm6166","Gm29688","Tank"
"C1rb","Tdrd7","Tomm22"
"Lonp2","Ddx60","Eed"
"Akna","Kmt5a","Myo19"
"Tmem176a","Chd2","Smc2"
"Col5a1","Ift43","Junos"
"Atl3","Gm57071","Nmral1"
"Cuedc1","4933412E12Rik","Atp6v1h"
"Cxcl5","Aig1","Lrrc59"
"Gdf5","Cyren","Shld3"
"Glrx5","Nrip1","A330074K22Rik"
"Mgst2","App","Pear1"
"Sh3glb2","Lpl","Tk1"
"Nap1l4","Sfxn5","Zeb1"
"Nsdhl","Prr11","Cnp"
"Nt5c2","Chrdl1","Ppp6c"
"S100a6","Afap1l2","Prelid2"
"Sdhaf1","Rn7sk","Gdf15"
"Flna","4930453N24Rik","Pla2g4a"
"Ndufb10","Srgap2","Cdk5rap3"
"Gcsh","Arfip2","Lxn"
"Hprt1","Zfp768","Ptgr1"
"Aatf","Frat1","Tmem254"
"Ndufa12","Rnf144b","Klhdc8a"
"C1ra","Flrt3","Id2"
"Ndufv1","Sdhaf4","Vmp1"
"Clpx","Adipoq","Ccdc6"
"Fbn1","Tlcd3b","Cebpz"
"Ndufc2","Yme1l1","Lmbrd2"
"Pgm1","Atp10a","Josd1"
"Col3a1","Tyk2","Ddost"
"Fads1","Slc30a4","Cox17"
"Micos13","Pop7","Yars1"
"Lrrc58","Acat1","Impdh2"
"Negr1","Tmem53","Fscn1"
"Ralgapa2","Ehhadh","Dnttip1"
"2300009A05Rik","Hdhd3","Zfp106"
"Enah","Fstl1","Camsap3"
"Adh1","Kifc3","Tmed3"
"Zfp703","Evi5l","Ubiad1"
"Mpdu1","A530013C23Rik","Abraxas1"
"Etv3","Gbp7","Sgce"
"Cd1d1","Mrpl57","Tm7sf3"
"Insig1","Zbp1","Usb1"
"Fam217b","Mnt","Jmjd6"
"Bola3","Atosa","Clcn3"
"Scp2","N4bp2l1","Igfbp4"
"Endog","C030006K11Rik","Ube3c"
"Prss23","Fzd4","Pals1"
"Uqcc1","Samd9l","BC034090"
"Pgp","Plekhn1","Pclaf"
"Pwwp3a","Mogs","Mrpl4"
"Timp3","Poldip2","Cand2"
"Flacc1","Pla2g15","Ogn"
"Tmem147","Dubr","Top2a"
"Gm35290","Dda1","Cdon"
"Tmcc1","Pik3r5","Copg1"
"Serpina3c","Syde1","Wdr27"
"Pdlim1","Micall2","Pbxip1"
"Napepld","Birc3","Cers2"
"Ppcs","Cacna2d1","Ptges"
"Rassf6","Elf4","Zfp618"
"Six1","Tra2b","Ttk"
"Abhd1","Atp11a","Cry1"
"Grpel1","Elf1","Msx1"
"Higd2a","Zfp423","P4ha3"
"Pex11g","Asap1","Banf1"
"Smim26","Adrb2","Rpl10a"
"Cers4","Tslp","Stip1"
"Sik2","Cox20","Mtch1"
"Tbc1d2b","Cdca7l","Rgs17"
"Chchd2","Stat2","Arid4a"
"Spp1","ENSMUSG00000121679","Gm9794"
"Sdhb","Pdzrn3","Habp4"
"Egr1","Oxld1","Dtna"
"Cib2","Adora1","Zfp664"
"Fam117a","D8Ertd738e","Timm9"
"Srebf1","Hat1","Mpg"
"Hacd1","Apol9a","Sdf4"
"Ndufb9","Hk1","Prickle1"
"Hibadh","Rassf5","2310015A10Rik"
"Adcy5","Tusc2","Tab2"
"Col1a1","Rad51d","Gsk3b"
"Marcks","Slc31a2","Slc25a14"
"Prkg2","Slfn8","Hexb"
"Fbxo2","Tgif1","Rnd3"
"Syap1","Bcl2l10","Acsl4"
"Axl","Adhfe1","Mat2a"
"Uqcrc1","Plxna2","Bmper"
"Dtx4","Ptpa","Dtx3"
"Fcf1","Usp42","Upf3b"
"4122401K19Rik","Gm40617","Capn5"
"Gsta4","Parl","Zhx3"
"Tagln2","Rap1b","Jund"
"Col18a1","Cxcl1","Pcbp2"
"Prdx1","Uba7","Hdac11"
"Ckap4","Lrrc32","Arhgap20"
"Pigyl","Cd68","Cers5"
"Gbe1","Spsb1","Smcr8"
"Phactr1","L3mbtl2","Camk2g"
"Rrs1","Tomm20","Sra1"
"Snai2","Dcp2","Bach2"
"Bag2","Urgcp","Rpl31"
"Hdhd2","Pop5","Chst12"
"Arhgef17","Ppfia1","Wbp1"
"Ppp1r15b","Atn1","Ywhaq"
"Gm31305","Chst15","Lrch2"
"Plekhm1","Irgm2","Gtf2e2"
"Gm42067","Pml","Nr1h2"
"Tmem106a","Helz2","Naa25"
"Atp5mc1","Plxnb2","Ehbp1"
"Cybc1","Egr2","Eif2ak4"
"Peli2","F730043M19Rik","Camsap2"
"Kif1c","Hacd2","Pdik1l"
"Naa10","Dgka","Tent4b"
"Ndufv2","Serpina3m","Nol6"
"C1qtnf12","Isca1","Fbxl14"
"Naa60","Nicol1","Strbp"
"Slc44a2","Nfkb1","Gm37933"
"Ypel5","Gatd3a","Larp4b"
"Stradb","Parp12","Gusb"
"Klf4","Dync1h1","Cplx2"
"Pls3","Nopchap1","Ckap2"
"Rbpms","Gnl1","Gm49336"
"Flad1","Cisd3","AA465934"
"Scd3","Mtpn","Dleu2"
"Hsd17b4","Rab11bos1","Plekhm2"
"Cyp2u1","Midn","Slc25a13"
"Abtb2","Scarna2","Tmigd1"
"Hdgfl2","Dennd2d","Mea1"
"Bpnt1","Slc10a6","Tatdn2"
"Megf9","Ifit3","Pdk3"
"Ift122","Daxx","Tstd3"
"Lncbate6","Nlrc5","Hsd17b11"
"Pex1","Ppp3ca","9330102E08Rik"
"Sparc","Tnfrsf12a","Ero1a"
"Septin7","Wipf1","Slc22a17"
"Ndufaf4","Nkiras1","ENSMUSG00000121883"
"Cacng7","Igsf8","Ccnb2"
"Atp10d","Mitd1","Klf10"
"Marchf6","Acly","Ar"
"Pmp22","Mkks","Gcat"
"Rab7b","Dynll2","Rps21"
"Glipr2","9330133O14Rik","Timmdc1"
"Il1rap","Cntrl","Cpq"
"Epb41l1","Stk40","Eif3f"
"Rcn1","Ifit1","Abcb6"
"Jagn1","Sctr","Atg16l2"
"Htra2","Rbm4b","Cdca2"
"Plpp5","Aamdc","Rgl1"
"Capg","Tshz1","Prpf18"
"Sri","L3hypdh","Ifngr1"
"Nfib","Med13l","Ap5b1"
"Maco1","Fnbp1l","Limd2"
"Rnh1","Rnf128","Fbxo34"
"Cndp2","Rassf3","Tmem140"
"Gm22748","Gm12059","Elp5"
"Por","Fam171a2","Zfp395"
"Thrsp","Fam219a","9930012K11Rik"
"Ghitm","Gsk3a","Sox11"
"Ier5","Cd302","Ap1g2"
"Lgmn","Sestd1","Ube2j2"
"Gfer","Atraid","Sdad1"
"Fra10ac1","Nmnat1","Timm8a1"
"Vcan","Krt80","Lrig1"
"Acta2","Smad7","Fam110b"
"Ptpn4","Adgra2","Plscr4"
"Mpst","Alms1","Lpar4"
"Nucb2","Dsel","Sdhaf3"
"Osbpl11","Dlg3","Dnmt3a"
"Trp53inp2","Gm10687","Grhl1"
"Pcolce","Kif20b","Pappa"
"Gm56768","H2ac6","Ghdc"
"Aldh3b1","Dpm1","Angpt2"
"Myof","mt-Nd5","Abhd14b"
"Rps6kb1","Gns","Smg5"
"4931408D14Rik","Mrps35","Hars1"
"Cmpk1","Snx9","Gm48832"
"Tns1","Prorsd1","Cul2"
"Slc25a24","Ppt2","Mrpl47"
"Psma6","Sys1","Gli2"
"Vasn","Rock1","Anapc13"
"Man2b2","Ropn1l","Sipa1l3"
"Rnf166","Ccdc82","Hbegf"
"Mr1","Nlgn2","Ccn2"
"Myo10","Frmd8os","Sco1"
"Bnip3l","Eepd1","F11r"
"Ifnar2","Get1","Rhot1"
"Greb1","Sipa1l2","Yars2"
"Gm15411","Ddr2","Bet1"
"Lrrk1","Trub1","Hells"
"Afg3l2","Xaf1","Tapbp"
"Tmsb10","Card19","Uba5"
"Car5b","Clcn5","Tarbp1"
"2210408F21Rik","Tmco4","Ppip5k2"
"Ndufa3","Aldh1l1","S1pr1"
"Fam107b","Snx1","Lyrm7"
"2310001K24Rik","Kcna4","Gm20300"
"Ywhag","Dguok","Uhmk1"
"Gm19531","Abhd3","Rpl23"
"Acsl5","Nat8f3","Ccdc59"
"Kif21a","Pard6a","B2m"
"Lamb2","Gm12781","Foxf2"
"0610005C13Rik","Gm20559","Ppil4"
"Pkmyt1","H2bc4","B9d1"
"Armc1","Fbxo30","Gk5"
"Ndufc1","Eid2b","Szrd1"
"Chchd10","Nt5e","Rbl1"
"Asap3","Notch2","Ttc17"
"Tnfrsf1b","Aqp11","Slc25a25"
"Il15","Gyg1","Cdk2ap1"
"Mc5r","Rab11fip5","Rufy4"
"Ikbkb","Dync1i2","Kdsr"
"Etfrf1","Ndst1","Mdm2"
"Chchd3","Romo1","Snhg8"
"Elovl3","Arhgap27","Pwwp3b"
"Pcsk4","4933406C10Rik","Pvr"
"Adgrg2","Morrbid","Mthfsl"
"Mpc1","Gm15867","Samd4"
"Osbpl5","Swi5","Prickle3"
"Gpi1","Mrpl2","Lyrm2"
"Rapgef3","Plcb2","Ap3s1"
"Slc19a1","Ubl4a","Otud6b"
"Ftl1","Tap1","Btbd3"
"Gm10039","Map3k1","Fam171b"
"Cdc34","Slc5a3","ENSMUSG00000121407_Gm6345"
"Pcolce2","Reep5","9530082P21Rik"
"Mrps34","Ralbp1","Prtn3"
"Timm22","Trerf1","Ube2b"
"Ly6c1","Borcs5","Bbs5"
"Inhba","Aldh3b3","Ddx3x"
"Anks1","Tmem127","mt-Ta"
"Acad11","Cry2","Ydjc"
"Acacb","Socs5","Tcf19"
"Slc1a4","Stk38","Gm45338"
"Fdps","Ghrh","Tmem131"
"Bmp1","Zup1","Aebp2"
"Ndufa9","Plcl1","Zcchc10"
"Cox5b-ps","Trp53cor1","Pbx2"
"Mmgt1","Pcyt2","Ip6k1"
"Gm43672","Lyrm4","Commd1"
"Atp2b1","Cenpl","Gm14303"
"Pkd2","Isg20","Dusp14"
"Tbc1d13","Snora73b","Gas8"
"2310061I04Rik","Zfp637","Rab21"
"Hmgcs1","Slc41a3","Yeats2"
"Ifitm2","Melk","Osbpl8"
"2410022M11Rik","Sucla2","Copa"
"9130401M01Rik","Iigp1","Sugt1"
"Ldha","Ly6e","Mtpap"
"Samhd1","Vps37c","Slc38a10"
"Atp5f1a","Mmut","Slmap"
"Dbt","5930430L01Rik","Puf60"
"Pim1","Pdk1","Spag5"
"Pla2g12a","Hddc3","Meis2"
"Slit2","Cpeb3","Stxbp4"
"Lmo7","Ccni","Ap1b1"
"Oip5os1","Rnd1","Capns1"
"Ubac1","Acod1","Gpcpd1"
"Ubl3","Tbrg1","Gsr"
"Natd1","Ric8b","Degs1"
"Mirt2","Plod3","Pfdn5"
"Gsto1","Spata6l","Arhgap6"
"Dld","ENSMUSG00000121483_Gm20257","Mef2b"
"Ncam1","Ophn1","Pom121"
"Cenpv","Trit1","Akirin2"
"Spg21","Aqp3","Rps8"
"Mcl1","Fer","Arhgap23"
"Atp2b4","Has2","Syne2"
"Sdc2","Egln1","Gm39213"
"Slc4a7","Arhgap31","Pold1"
"Nrn1","Orai2","Flt3l"
"Tubb2a","Cyb5rl","Spred1"
"Tmem120b","Tnfrsf23","Vps35l"
"Aspn","Clic1","Fbxo5"
"Thbd","ENSMUSG00000121445","Hpcal1"
"Ddhd2","H2-Q4","Eif1"
"Fuom","Slc25a16","Map2k7"
"Flnb","Pkp2","Cdc42bpa"
"Fkbp11","Nuak2","Cdk8"
"Stx11","Stat5a","Cip2a"
"Adamts2","Snx15","Mcrs1"
"Ndufa11","Cnnm2","Gtse1"
"St3gal2","Ifi44","Slc29a2"
"Phb2","Myorg","Nudt17"
"Fgf10","Pogk","Mrpl38"
"Ap5s1","Cyfip1","Shox2"
"Pde1b","Dixdc1","Akap13"
"Mapk7","Plk1","Psmd13"
"Smoc1","Apcdd1","Rpl39-ps"
"Efemp2","Tmbim1","Rbmx2"
"Nrxn2","Tulp3","Mc2r"
"Abcc5","Gla","Ube2m"
"Chst11","Anxa6","Gm8292"
"Pea15a","Ifih1","Lsm3"
"Sh3bgrl3","Tmem237","Snord13"
"Oxnad1","Cpped1","Sema4b"
"Tgfbi","Kctd10","Ipo4"
"Pex3","Ndufs6","Calm3"
"Gclm","Ndufb3","Rpl5"
"Vegfd","Sema3a","Sec61a1"
"Smc4","Sp100","Lin7c"
"Myl12a","Tesk1","Rabgap1l"
"Itga7","Polrmt","Mto1"
"Emp3","Ctdspl","Stim2"
"Pam","Spaar","Fas"
"Atp5f1b","ENSMUSG00000121583_Zftraf1","Hcfc2"
"Gm56945","Stoml1","Kank1"
"Ndufb2","Mlana","Vrk1"
"Suclg1","Zfp386","Arl8b"
"Ciapin1","Rhob","Ralgapa1"
"Smim41","Shld1","Agt"
"Mbnl1","Ankrd55","Sesn1"
"Tpm4","Gm56859","Cpeb4"
"Tada2b","Cbx8","Tmem41b"
"Smim36","Slc15a4","Gm56833"
"Thoc6","Rtl8a","Coa7"
"Speg","Vps18","Camk2d"
"Fgfr1","Antxr1","Arvcf"
"Psmd4","Arfgap3","Ddx51"
"Aoc3","Hnrnpl","Ncbp2as2"
"Ppif","D3Ertd751e","Pimreg"
"Etfa","Irak2","Etv1"
"Ptgfr","Sycp2","P3h1"
"Podn","5031439G07Rik","Chac1"
"Arhgap5","Gabbr1","Gm7691"
"Hs6st2","Pkd2l2","Scarf2"
"Eeig1","Uba6","Sned1"
"Fkbp5","Gm15551","Snn"
"Gm10134","Gm56915","Rps3a1"
"Plat","Coq3","Nicn1"
"Rheb","Phyh","Zfp37"
"Emp1","Ndufb7","Pmm2"
"Ivns1abp","Zfp385a","Cnot7"
"Mrpl18","Rflnb","Kpnb1"
"Ywhab","Dact3","Ggh"
"Oxct1","Psmb9","Acadsb"
"Slc27a4","Bet1l","Slc7a5"
"Sgms2","Lppos","Rps29"
"Dpy19l1","Tfb1m","Sar1a"
"Rnf19b","Ppp4r2","Ranbp9"
"Sncg","Cdc42se1","Stn1"
"Cela1","Anp32e","Fkbp4"
"Lima1","Mtg2","Snap23"
"Rtf2","Tspan5","Akt1s1"
"Wwtr1","9330160F10Rik","Purb"
"Tiparp","Gm46404","Dnajc3"
"Pygl","Cenpe","Sorbs3"
"Ddx17","B430105G09Rik","Ctxnd1"
"Fam114a1","Msln","Eif5a"
"Mrpl12","Usp18","Vps33b"
"Plekhg5","Dusp7","Phlpp2"
"Krt10","Zkscan3","Nap1l1"
"Mrpl20","Cpeb1","Eif6"
"Gm36180","Hivep1","Zmiz2"
"Amdhd2","Stxbp3","Skil"
"Phb1","Ppp1r1a","Nsun5"
"Tbx15","Grk5","Zfp948"
"Gm47595","Arid5b","Tmem216"
"Mtx2","Cma1","Imp3"
"Kdm6b","Gprin3","Snrnp48"
"Tpm1","Bud31","Timp2"
"Pmf1","Ptgir","Smurf2"
"Tcf4","Isg15","Kif4"
"Tagln","Oard1","Sepsecs"
"Ptges2","Esyt1","Frk"
"Sipa1l1","Emc9","Rpl30"
"Sox4","Mir100hg","Katna1"
"H2-T23","Ttll1","Slc35g1"
"Ass1","Asb1","Gdi1"
"Nudt12","Psd","Nol4"
"Sema3f","Pkig","Phldb1"
"Cst3","Gm57122","Gm2830"
"Fst","Psmb5","Rpl26"
"Frat2","Prkca","1600020E01Rik"
"Mindy1","Arl13b","Mtln"
"Osmr","Agfg2","Tacc3"
"Smim20","Xkr8","Zfp61"
"Ggta1","Grtp1","Rrm2b"
"Ninl","Aftph","Nudt14"
"Lrrn4cl","Foxs1","Rps12"
"Socs2","Junb","Ppm1d"
"Txn2","Poli","Ets2"
"Klhl5","Reep4","Plekhf2"
"Cnn3","Mfng","Pfdn2"
"Srxn1","Arel1","Zfp428"
"Lrrcc1","Coq10a","Btaf1"
"Adcy6","Cdip1","Rfc2"
"Gpsm2","Creg1","Slc3a2"
"Nde1","Adgrg1","Ahdc1"
"Gk","Pradc1","Plaat3"
"Cox5b","Alg2","Nudt22"
"Gm9899","Snhg6","Ubl7"
"Gnai2","Sdha","Arhgap10"
"6330409D20Rik","Fasn","Tmem135"
"Hp","Vcl","Ccdc28b"
"Hspb8","Mkrn1","Bmal1"
"Ciao3","Ssh3","Nme4"
"Immt","Trpm4","Il17rc"
"Pik3r1","Gbp3","Lancl1"
"Trim47","Neu1","Ppp2r1a"
"Lgals1","Tmem126b","Chd3"
"Mrpl53","Sema4c","Pik3r2"
"Snx10","Bsdc1","Iars1"
"Rab31","Gm32389","Lrif1"
"Coq5","Taok3","Ago2"
"Slc30a9","Cox11","Cbr2"
"Acadl","Diaph1","Arih1"
"Abi3bp","Tmem63a","Ankzf1"
"Zfp655","Psmd6","Tmem41a"
"Pde4b","Scamp1","Hspa1b"
"Naglu","Frmd8","Sirt7"
"Sdhc","Zfand6","Vps26a"
"Blvra","Mx2","Spry1"
"Ppip5k1","Oit3","Champ1"
"Abcb8","Vwa5a","Ppid"
"Cmip","Nudt9","Ephb2"
"Supt3","Ndufa2","Eif3e"
"Lactb2","Gm17501","Arl3"
"Ncan","Cox6b1","Mcm5"
"Dock9","Trim30a","Gga2"
"Vgll3","Polr2i","Rpl3"
"Kyat1","Hira","Scpep1"
"Slc29a1","Cby1","Fam3c"
"Mtfr1l","Slc35c1","Slain2"
"Gm57383","Rnf213","Atg16l1"
"Tmem11","2510009E07Rik","Laptm4a"
"Slc25a39","Mlkl","Lrr1"
"Slc50a1","Abi2","Nherf2"
"Agpat4","Zfp983","Fkbp10"
"Mms19","Mfap3","Atf6"
"Mrps2","Atg13","B4galt3"
"Ankrd12","Zc3hav1","Slc25a35"
"9330154J02Rik","Psmb8","Clptm1"
"Bhlhe40","Engase","Tsg101"
"Rtn3","Prss36","Rpl35"
"Plxna1","Znhit3","Cenpb"
"Atp6v1d","Ddx6","Fbxl3"
"Chmp1b2","Nat8f1","Cbfb"
"Mical3","Tlr3","Snap29"
"Slc43a2","Sfxn4","Snhg5"
"Bcl2l1","Gm15408","Mrpl58"
"Csrp1","Cep20","Man1c1"
"Lix1l","Vps36","Erbin"
"Ogdh","Actr2","Stx2"
"Pxdn","A930005H10Rik","Coro7"
"Gys1","Map6","Pdlim7"
"Bicc1","Agfg1","Bcorl1"
"Chrna2","Zfp672","Eif4e"
"Pex5","Ndufb11","Marchf2"
"Praf2","Cdc40","Gnpnat1"
"Vdac1","Cirbp","Mast4"
"Lsm1","Ehd4","Map2k2"
"Fgl1","Tmt1b","Ppig"
"Galk2","Ssh1","Tbl1x"
"Prkar2a","S1pr3","Rapgef1"
"Ano6","Arhgap29","Celf1"
"Trib2","Slc25a5","Arl15"
"Eva1b","Syt11","Foxred1"
"Gfm2","Mtg1","Gtf2i"
"Exd1","Rcan1","Rgl2"
"Ier5l","Acaca","Tmed1"
"Tpi1","Gid4","Cpd"
"Psen2","4933431K14Rik","Hipk1"
"Mgrn1","Apbb1","Lbr"
"Ndufs2","Pcca","Ppp1r15a"
"Tmem14c","Snx24","Slc38a2"
"Armcx2","Plxna3","Tmem43"
"Acvr1","Adam17","Spring1"
"Ddah2","Gm44771","Vldlr"
"Klhl7","Ttc21b","Dus2"
"Nav3","Srgap1","Thbs1"
"Ubqln2","Usp6nl","Nucb1"
"Slc46a1","Znrf1","Abt1"
"Phldb2","Pak1","Sspn"
"Col5a3","Kbtbd11","Mylk"
"Ogfod2","Ptgs2","Eef1b2"
"Lcor","Bckdha","Mrpl37"
"Epdr1","Washc5","Ces1d"
"Lox","Cdkn2b","Cdc42bpb"
"Pam16","Lipt2","Emc3"
"Zfpm2","Terf2ip","Rara"
"Tmem167","Cyp2ab1","ENSMUSG00000121504_Ppp4r1l-ps"
"Naa50","Zfas1","Ldaf1"
"Cdpf1","Morn4","Pycr1"
"Iba57","Frmd4a","Creb3l2"
"Gamt","Fat1","Zkscan1"
"Rmdn3","Ezr","Rplp0"
"Vwa8","Vegfa","Aggf1"
"Cd93","Rab29","Phax"
"Loxl3","Gm16001","Pbx1"
"Pdhx","Sdc4","Set"
"Ehd3","Cep83","Macroh2a1"
"Lonrf1","Mt2","Rit1"
"Tmem176b","Tfb2m","Ppp1r7"
"Gm20544","Anxa4","Ubac2"
"2810004N23Rik","Plk2","Dpp7"
"Ccn4","Agl","S100pbp"
"Btnl12","Eea1","H6pd"
"Ddr1","Ahr","Slc35a3"
"Cdr2","Pigp","Mief1"
"Mapre2","Tbl2","Rpl6"
"Rtn4ip1","Pfkfb4","Rae1"
"Sfr1","Irgm1","Ctdsp1"
"Slc38a4","Thoc2","Pitpnm1"
"Cox10","Snhg1","Mesd"
"Golm1","Smox","Dhx15"
"Prr5","Tubg1","Atp2a2"
"Loxl1","Parp14","Tuba4a"
"Brd7","Cep290","Nkapd1"
"Tshr","Zbtb39","Apoe"
"Dhrs9","Rabl6","Jkamp"
"Il1rl2","Npm1","Laptm4b"
"Coasy","Rell1","Rpl18a"
"Tns3","Rbp1","Bbip1"
"Adam9","Zfp821","Afap1"
"Slc35f5","Smyd3","Rpl37"
"Enpp1","Uqcrb","Smarcd2"
"Anxa3","Shld2","Npdc1"
"Orm2","Deptor","Hikeshi"
"Filip1l","Abca2","Nudt16l1"
"Psip1","Igf2bp3","Zbtb4"
"Gng11","Tmem205","Mia2"
"Tnk2","Map1s","Tm9sf3"
"Slc48a1","Gm57397","Cpsf2"
"Letmd1","D830050J10Rik","Arcn1"
"Ebf1","Large1","Hcfc1r1"
"Sptlc2","Ppm1h","Rpl4"
"Sult1a1","Gpx4","Fip1l1"
"Nab2","Atm","Ncor2"
"Matn2","Trim12c","Camk1"
"Col16a1","Hlcs","Nars1"
"Rnf4","Ces1a","Rpp14"
"Rny3","Tmem243","Glud1"
"Lhfpl6","Oas2","Man1a2"
"Ptgis","H3c15","Fbxw2"
"Trip13","Ebpl","Tuba1c"
"Preb","Ppp1r12a","Cdk16"
"Vdr","Pdgfra","Pnrc2"
"Spry4","Slc35a4","Gatad1"
"Cyp51","Bsg","Nfkbia"
"Cyp4f17","Plekha4","Nolc1"
"Tprkb","Agpat5","Rpl36a"
"Ccng2","Acsbg1","Mff"
"Mxra7","Slc41a2","Prelp"
"Postn","1700086P04Rik","Psmd11"
"Ndufaf3","Fam178b","Polr2f"
"Mrpl36","Fryl","Shisa5"
"Ctsk","Ap3m2","Phf5a"
"Myo1c","Bloc1s1","Klhdc2"
"Alcam","Mttp","Rab18"
"Itgb2","Gm57388","Rps25"
"Saa2","Ahcyl2","Snrnp27"
"Ube2k","Vmac","Eif4a1"
"Cbx4","Polr1has","Ociad1"
"Nek7","Arid4b","Rps10"
"Mrpl3","Stc1","Hspe1"
"Piezo1","Nrbf2","Chmp4b"
"Lrrfip1","Pknox2",NA
"Fdft1","Lix1",NA
"Atp6ap2","Styxl1",NA
"Mertk","Pik3r3",NA
"Pef1","1110038B12Rik",NA
"H2-M3","Atp6v1b2",NA
"Zyx","Myadm",NA
"Six4","Ptprk",NA
"Fbxo4","Mpv17l2",NA
"A430046D13Rik","Ptpn2",NA
"Dot1l","Idh3g",NA
"Pole4","Mlx",NA
"Basp1","Cyb561a3",NA
"Azin1","Hrct1",NA
"Ldhb","Traf4",NA
"Fem1a","Ddx28",NA
"Rab1b","Arl4c",NA
"Zbtb5","Triap1",NA
"Col4a2","Plac8",NA
"Dock11","Sik1",NA
"Cenpf","Gm57003",NA
"Ccdc34","Slc37a3",NA
"Rnf24","Copz1",NA
"Tmem109","Poln",NA
"Itm2b","Eif2b1",NA
"Pde4dip","Cyp2c70",NA
"Cavin3","Pde6d",NA
"Tent5b","Zfp267",NA
"Errfi1","Ndrg3",NA
"Uap1l1","Lnx2",NA
"Borcs6","Rab10",NA
"D5Ertd579e","Rhebl1",NA
"Poglut1","Ercc1",NA
"Clock","Scoc",NA
"2310039H08Rik","Slc43a1",NA
"Ptpn14","1110046J04Rik",NA
"Map3k5","Apoc3",NA
"Nos3","Clasp2",NA
"Lzic","Rpia",NA
"Rpl27a","Git1",NA
"Cdc25a","2310010J17Rik",NA
"Pfkfb3","Ifngr2",NA
"Tceal9","Has2os",NA
"Gid8","Zcchc24",NA
"Gm57475","Pdzk1",NA
"Ddi2","Ankrd9",NA
"Itpk1","Vegfc",NA
"4930503L19Rik","Gm10699",NA
"Igfbp7","Apol9b",NA
"1700123O20Rik","Tor1aip1",NA
"Tomm40","Spink5",NA
"Wdr6","Txnrd3",NA
"Kank2","Rnf114",NA
"Elmod2","Timm21",NA
"Ptprm","Myl6b",NA
"Casp8","Sprtn",NA
"Ifi30","Nxpe3",NA
"Syn2","Gm2415",NA
"Znhit1","A130051J06Rik",NA
"Zfp740","Ift74",NA
"Ednra","Smad6",NA
"Cdkl5","Elovl5",NA
"Eif2ak1","Kif13a",NA
"Dennd2b","Gm57386",NA
"Tysnd1","Slc37a4",NA
"Tspan4","Ndc80",NA
"Mturn","Fyn",NA
"Cdk2ap2","Pbx4",NA
"Fdx1","Spart",NA
"Gm5131","Jak1",NA
"Rras2","Bbx",NA
"Dock5","Usp40",NA
"Clip3","Eral1",NA
"Tpm2","Ankrd1",NA
"Rgs2","Dnpep",NA
"Slc27a1","Dhx58",NA
"Afg3l1","Cyld",NA
"Atf5","Itsn2",NA
"Tmed9","Krt36",NA
"Lman2","Snapin",NA
"Dysf","Nudt13",NA
"Letm1","Ly6h",NA
"Sgms1","Irf2",NA
"Rxrb","Clybl",NA
"Immp1l","Gm5460",NA
"Dcn","Lce1g",NA
"Fut11","Ldah",NA
"Gba1","Pomt1",NA
"Cntln","Serping1",NA
"Mlf2","Pms1",NA
"Gde1","Gm31814",NA
"Ammecr1","Hgf",NA
"Serp1","St6gal1",NA
"Tpm3","Bub1",NA
"Parp16","Pacs2",NA
"Fgf7","Uri1",NA
"Dhcr24","Gm14221",NA
"Rab34","Dcaf8",NA
"Casp12","Frrs1",NA
"Prps2","Samd8",NA
"Tmem231","3300005D01Rik",NA
"Ctdsp2","Ipo5",NA
"Coq7","Ppil3",NA
"Pld2","ENSMUSG00000121871_Slc2a4rg-ps",NA
"Tmtc4","Pgbd1",NA
"Amot","Calr3",NA
"Gm54867","Nipsnap3b",NA
"Calcoco1","Gja1",NA
"Cdh11","Acot9",NA
"Grina","Maged1",NA
"Septin8","Mapk11",NA
"Mul1","Prxl2c",NA
"Phkg1","Amz1",NA
"Mrps5","St3gal4",NA
"Lgi4","Efna2",NA
"Flrt2","Gm56911",NA
"Vasp","Scrn3",NA
"Ifitm3","Sppl2a",NA
"B3galnt1","ENSMUSG00000121683",NA
"Itga5","Gm10762",NA
"Ccna2","Gm57330",NA
"Gmds","Elovl6",NA
"Commd5","Nelfa",NA
"Dennd5b","Ubxn8",NA
"Mcm6","Sirpa",NA
"Vat1","Gm31718",NA
"Gng10","Tmem38b",NA
"Ptcd3","Gm57170",NA
"Id3","Parp8",NA
"Ndufb4","Uqcc6",NA
"Nsmce2","Hoxaas3",NA
"Igfals","Armc9",NA
"Rai14","Spice1",NA
"Ephb3","Hpdl",NA
"Ssbp2","Bcat2",NA
"Parva","Nif3l1",NA
"Dpysl2","Gatc",NA
"Tspan6","Bcas3",NA
"Aplp2","ENSMUSG00000121794",NA
"Tomm70a","Prkx",NA
"Col4a1","Dync1li2",NA
"Abcc4","Lgals4",NA
"Zfp36l1","Gramd4",NA
"Pdia5","Zfp362",NA
"Hsp90ab1","Cbr4",NA
"Fam111a","Atp23",NA
"Hspd1","Smim14",NA
"Lgals9","Ncoa6",NA
"Zbtb11os1","Plscr3",NA
"Met","Dcaf11",NA
"Parp1","Lhx1",NA
"Plpp6","Il18bp",NA
"Ckap2l","Gm12250",NA
"Spon2","4930412C18Rik",NA
"Rb1","Relb",NA
"Lnpep","Gata6",NA
"Nadk2","Epm2aip1",NA
"Tmsb4x","Zfp36l2",NA
"Ifitm6","Mospd3",NA
"Ppp2r5b","Ank2",NA
"Sh3glb1","Vcp-rs",NA
"Cul3","Polr2j",NA
"Cstf2t","Zfp979",NA
"Rars2","Pgrmc1",NA
"Zfp770","Rpusd3",NA
"Nf2","Plec",NA
"Isca2","Ptms",NA
"Prkag2","Cmtm4",NA
"ENSMUSG00000121488_Gm5886","Rin1",NA
"Gabarapl1","Rassf1",NA
"Ly6a","Eno2",NA
"Gm7049","Nudt3",NA
"Ube2w","Lrrc49",NA
"Gm10138","Aacs",NA
"Scara5","Gm56596",NA
"Tmem88b","Wwp2",NA
"Wdfy2","Commd1b",NA
"Vopp1","Pkn1",NA
"Ppara","Gm49785",NA
"Abhd4","Dmxl2",NA
"Rps5","Rrad",NA
"Crlf3","Ufsp1",NA
"Racgap1","Ubap2",NA
"Tmed2","Crybg1",NA
"Ccn1","Ndufa6",NA
"Riok2","Eda2r",NA
"Trp63","Dnajb14",NA
"Il33","Abhd6",NA
"Gucd1","Arhgap22",NA
"Brd9","Tmem276",NA
"Plekhh2","Atrx",NA
"Smpd2","Klhl25",NA
"Homer1","Smim29",NA
"Orm1","Tbccd1",NA
"Tgoln1","Nr2c2ap",NA
"Dlx4","Uck2",NA
"Orc5","Fiz1",NA
"Yaf2","Sbf2",NA
"Cox19","6430548M08Rik",NA
"Wasf1","0610040B10Rik",NA
"Mospd1","Heph",NA
"Tmem198b","Amacr",NA
"Anapc5","Tapbpl",NA
"Gm2a","Rogdi",NA
"Psmb3","Gm6658",NA
"Furin","Cpne3",NA
"C1s2","Stard9",NA
"Slc35e4","Gm50340",NA
"Rnase4","Serpinb9",NA
"Tgfb1i1","Gm20186",NA
"S100a10","Zfp408",NA
"Glb1","BC023719",NA
"Inhbb","Clec11a",NA
"Lamtor1","Tpcn2",NA
"Gsn","Cd44",NA
"Ccdc102a","Ivd",NA
"Ecm1","Tmem132a",NA
"Insr","Tvp23bos",NA
"Rsu1","Eif2b4",NA
"Txnrd1","Mark2",NA
"Serhl","Usp31",NA
"Hsd11b1","Lifr",NA
"Ptges3l","Gm45380",NA
"Evi5","Enpp4",NA
"Ube3a","Oaz1",NA
"Mmp23","Exosc8",NA
"Ano10","9330020H09Rik",NA
"Ctsa","Alkbh7",NA
"Gm56878","Trappc6a",NA
"Arl6ip6","Ilvbl",NA
"Sowahc","Ptbp3",NA
"Clstn1","Slc2a6",NA
"Twsg1","Pald1",NA
"Atad3a","Fam20b",NA
"Mrps23","Dusp22",NA
"Cux1","Fahd1",NA
"Marchf5","Zc2hc1a",NA
"Nrep","Uqcc3",NA
"Naa40","Clmp",NA
"Mlst8","Vamp8",NA
"Tbrg4","Mtmr11",NA
"Bltp2","Cygb",NA
"Angptl2","Dse",NA
"Nkiras2","Ctns",NA
"Tmem50a","Ppp2r3a",NA
"Crip2","Zbtb38",NA
"Dnaja3","Gm56623",NA
"Skp1","N4bp1",NA
"Bclaf1","Mycbp",NA
"Col4a5","Tm7sf2",NA
"Smc1a","Ppp1r16a",NA
"Abhd11","Pemt",NA
"Grsf1","ENSMUSG00000121489_1810014B01Rik",NA
"Prdx4","Auh",NA
"Lrrc8d","Ehbp1l1",NA
"Arap1","Zbtb7b",NA
"Timm10","Tnfaip3",NA
"Calhm2","P2rx4",NA
"Nmi","Fam216a",NA
"Atp5if1","Gm13341",NA
"Tusc3","A530020G20Rik",NA
"Myh10","Ly96",NA
"Abcd3","1190005I06Rik",NA
"Adamts9","Pbld2",NA
"Ndufa12-ps","Trim23",NA
"Thy1","Lrrc27",NA
"Gypc","Timm13",NA
"Mtap","Asb8",NA
"Cldn15","Tob2",NA
"Trf","Arhgap28",NA
"Rpl12","Gm57241",NA
"Bcl2","Katnal2",NA
"Timm50","Itgae",NA
"Ndufa4","Mrpl11",NA
"Pmm1","Spata6",NA
"Csf2rb","Mppe1",NA
"Serpinb1a","Coq2",NA
"Fam210a","Nxn",NA
"Stard7","Usp54",NA
"Fbln2","Ephx1",NA
"Hotairm1","Ppp4r1",NA
"Sil1","Slc37a2",NA
"Oat","Gm14636",NA
"Os9","Abhd12",NA
"Endou","Llgl1",NA
"Mgat4b","Tnfrsf1a",NA
"Phospho2","Lekr1",NA
"Mtch2","Gls",NA
"Prkce","Med22",NA
"Pid1","Optn",NA
"Armcx4","Tmem30a",NA
"Tmx2","Mbd2",NA
"Arhgef10","Slc44a1",NA
"2610029K11Rik","Farp1",NA
"Tmem245","Itgb1",NA
"Rpl39","Dlg1",NA
"Slc7a6","Zfp867",NA
"Sox5","9430081H08Rik",NA
"Pgam1","Pttg1",NA
"Ak4","Sh2b3",NA
"Pxmp2","Mpeg1",NA
"Cyb561","Gpr137b",NA
"Ube2c","Mrps24",NA
"Add1","Zbtb14",NA
"Uqcrfs1","Ncoa4",NA
"Atp6v1e1","Slc16a10",NA
"Pdpr","Xpr1",NA
"Ece1","Nhsl3",NA
"Tspan17","Gnai3",NA
"Bhlhb9","Ebf2",NA
"Nans","Tifa",NA
"S100a4","Pcbp3",NA
"2200002D01Rik","B930094E09Rik",NA
"St3gal5","Gm47071",NA
"Rpn2","Rnf149",NA
"Irf2bpl","Trabd",NA
"Sertad4","Efna1",NA
"Dusp10","Lamtor3",NA
"Spcs3","Eif4ebp2",NA
"Glt8d1","Arl14ep",NA
"Snx17","Diablo",NA
"Mettl15","Sik3",NA
"Birc5","Limk2",NA
"Mapkap1","Mfsd12",NA
"Fbxo8","Mindy2",NA
"Opa1","9530068E07Rik",NA
"Synpo","Tmem185a",NA
"Mcfd2","P4ha2",NA
"Cnpy4","Acvr1b",NA
"Slc25a26","Ssc4d",NA
"Timm17a","Src",NA
"Cops6","Pex11b",NA
"Ppm1a","Cmc2",NA
"Spryd7","Bloc1s6",NA
"Pick1","Dctn3",NA
"Rpl13","Zfr2",NA
"Atp6v0e","B230208H11Rik",NA
"4930523C07Rik","Tmem69",NA
"Sgo1","H2bc6",NA
"Uqcc2","Kcnn4",NA
"Ubp1","Zdhhc18",NA
"Dlg5","Ndufa10",NA
"Pdpk1","Gm8927",NA
"Rpl22","Rnf31",NA
"Emg1","Mast3",NA
"Sephs1","Nherf1",NA
"Zfp91","Cenpw",NA
"Svil","Impdh1",NA
"Cmtm3","Eci1",NA
"Rnf215","Akap7",NA
"Crip1","Hyi",NA
"Tmem33","Dpm3",NA
"Adtrp","Nubpl",NA
"Cenpt","Myo1b",NA
"Myo7a","Cd99l2",NA
"Rita1","Ywhah",NA
"G430095P16Rik","Yif1b",NA
"C2cd2l","2900060B14Rik",NA
"Vamp5","Oas1b",NA
"Atp1a1","Synm",NA
"Nop10","Tmem202",NA
"Fads3","Appbp2",NA
"Mrps17","Abhd16a",NA
"Cyp4f16","Sult2b1",NA
"Alg9","Renbp",NA
"Mocs2","Exoc8",NA
"Cc2d2a","Hoxa4",NA
"Atp6v0e2","Ctps1",NA
"Aifm1","Angel2",NA
"Arl5a","Cap1",NA
"Serpine2","Ncoa3",NA
"Ube3b","H3c4",NA
"Cnn2","Pxn",NA
"Selenow","Cyb5r3",NA
"Coa5","Crnde",NA
"Cdc42ep1","Alg1",NA
"Ercc5","Gm15787",NA
"Erp29","Fam124a",NA
"Acsl3","Hoxd3os1",NA
"Wapl","Sccpdh",NA
"Ubr5","Upf2",NA
"D16Ertd472e","Adck2",NA
"Golph3","Acot13",NA
"Snhg18","Exoc3",NA
"Zfp111","Ugp2",NA
"Marcksl1","Mrnip",NA
"Fastkd1","Ndufs4",NA
"C030014I23Rik","Gng12",NA
"Prelid3b","Bace1",NA
"Pik3cb","Uggt1",NA
"Ppp1cb","Fut8",NA
"Ltbp1","Ldhb-ps",NA
"Cdc5l","Dusp11",NA
"Frmd6","Scly",NA
"Ttyh2","Dnajc18",NA
"Mrps9","Gpt2",NA
"Def8","Fnta",NA
"Ap1s2","Copz2",NA
"Wdfy1","Irf2bp1",NA
"Kif23","Slc29a3",NA
"Slc35d1","Kctd14",NA
"Impa2","Slk",NA
"Mif","Pcna-ps2",NA
"Ankrd24","Unc93b1",NA
"Map2k5","Wdr93",NA
"Slc25a11","Scarb2",NA
"Ibtk","Hoxc13",NA
"Mmadhc","1810055G02Rik",NA
"Foxn3","Tnfrsf21",NA
"Pds5b","Nsrp1",NA
"Fam241a","Gm9951",NA
"Selenon","Cdca4",NA
"Xrcc5","1110038F14Rik",NA
"Aqp1","Irf7",NA
"Cers6","Jmjd8",NA
"Kmt5c","Tbcb",NA
"Ift57","Tbc1d16",NA
"mt-Tl2","E130307A14Rik",NA
"Cdc27","Adamtsl5",NA
"Coa3","Gm11613",NA
"Ube2r2","Heatr5a",NA
"Npc2","Sord",NA
"Grb14","6720427I07Rik",NA
"Rbm15","Mrpl44",NA
"Tex2","Tgds",NA
"Tiam1","Tln1",NA
"Cfap210","Rhog",NA
"Sypl1","Foxd2os",NA
"Ank","Cchcr1",NA
"Sap30l","mt-Nd1",NA
"Cdc42ep3","Pmepa1",NA
"Rps27","Dek",NA
"Atg4d","Phc1",NA
"Actb","Gm56797",NA
"Lonp1","Zswim6",NA
"Qsox1","Mief2",NA
"Enc1","Rnaseh2b",NA
"Psme3","Snhg9",NA
"Hspa9","Hoxb3os",NA
"Stmp1","Slc9a8",NA
"Afg1l","Nipa2",NA
"Arfrp1","Tnpo1",NA
"Plxnd1","Taok2",NA
"Parp3","Nhlrc2",NA
"Hacl1","1700096K18Rik",NA
"Ccdc71l","Stk11",NA
"Lss","Lims2",NA
"Mxd4","Rassf2",NA
"Cdh13","Mtif3",NA
"Fam110a","Arsa",NA
"Gas1","Dnajc27",NA
"Rps20","Cant1",NA
"Picalm","Gm16163",NA
"Kdelr3","Srpx2",NA
"Ergic3","Sp140",NA
"Wipi2","Idh3b",NA
"Btg1","Map4k3",NA
"Tmem60","Mrpl48",NA
"Nsa2","1600012H06Rik",NA
"Mrpl55","Sh3tc1",NA
"Cdc25b","Gpr135",NA
"Ptn","Gbp2",NA
"Zdhhc7","Srsf10",NA
"Sumo1","1810024B03Rik",NA
"Map7d1","Fmnl3",NA
"Cnot3","Gchfr",NA
"Ndc1","Pgs1",NA
"Psat1","Gpatch11",NA
"Fhip1b","Mat2b",NA
"Gclc","Nagk",NA
"Coq10b","Smad3",NA
"Hipk2","Ccdc115",NA
"Ncor1","Pdlim5",NA
"Cebpb","Dynlt2b",NA
"Smarcc1","Tet3",NA
"Gins2","Spdl1",NA
"Thap11","Adcy3",NA
"Cfl1","Zfand5",NA
"Wdr55","Suds3",NA
"Rwdd4a","Hspg2",NA
"Tradd","Gm15464",NA
"Wdr45","Tut7",NA
"Echdc3","Rprml",NA
"Sc5d","Rmc1",NA
"C4b","Hyal2",NA
"Sdc1","Ndufb5",NA
"Coro1c","Gsdmd",NA
"Sqle","Hlx",NA
"Vps13a","Sfi1",NA
"Gnas","Spry2",NA
"Dbp","Rela",NA
"Nfia","Pde7a",NA
"Creb3l1","Chml",NA
"Pdha1","Baiap2",NA
"Cish","Ptgfrn",NA
"Vps37a","2010320M18Rik",NA
"G6pdx","Myo9b",NA
"Cbx6","Rxylt1",NA
"Tgm2","Rasgef1b",NA
"Tmbim6","Irak3",NA
"Eif1b","Daam1",NA
"Las1l","Ddrgk1",NA
"Brip1os","Gbp2b",NA
"Ung","Tpst1",NA
"Timm44","Leprot",NA
"Rcn3","Nudc-ps1",NA
"Glmp","Eif3a",NA
"Ssrp1","Cnbd2",NA
"Dlst","E230016K23Rik",NA
"St3gal1","Aamp",NA
"Dap","Clec10a",NA
"Rpl32","Dhdds",NA
"Aip","Mcc",NA
"Nenf","Vps72",NA
"Itm2c","Akip1",NA
"Angpt1","Pgm3",NA
"Mapk3","Fam120aos",NA
"Ostc","Ccne2",NA
"Rpl21","Pink1",NA
"Rps7","Ascc3",NA
"Rpl14","Dele1",NA
"Micos10","Mllt3",NA
"Rps24","Ube2a",NA
"Malat1","Plekhg3",NA
NA,"Dnajc1",NA
NA,"Stim1",NA
NA,"Gm57395",NA
NA,"Sdf2l1",NA
NA,"Slc25a3",NA
NA,"Fzr1",NA
NA,"Mrpl49",NA
NA,"Ubxn2a",NA
NA,"Spast",NA
NA,"Dcaf12",NA
NA,"Ccnd2",NA
NA,"Micu3",NA
NA,"Gsap",NA
NA,"Rcbtb2",NA
NA,"Grn",NA
NA,"Arhgap35",NA
NA,"Cenpa",NA
NA,"Timm17b",NA
NA,"Mfsd9",NA
NA,"Ciao2a",NA
NA,"Pex10",NA
NA,"Klhdc10",NA
NA,"Igtp",NA
NA,"Insig2",NA
NA,"Tmco1",NA
NA,"Mgat3",NA
NA,"Slc46a3",NA
NA,"Pan3",NA
NA,"Cklf",NA
NA,"Ctdspl2",NA
NA,"Gm19739",NA
NA,"Ado",NA
NA,"Trappc2b",NA
NA,"Rnf38",NA
NA,"Nfs1",NA
NA,"Arrb2",NA
NA,"S100a13",NA
NA,"Cr1l",NA
NA,"Ndufs8",NA
NA,"Atoh8",NA
NA,"Fkbpl",NA
NA,"Rhobtb1",NA
NA,"Parm1",NA
NA,"Serpinb8",NA
NA,"Psmb10",NA
NA,"Abcb10",NA
NA,"Kctd13",NA
NA,"Ric8a",NA
NA,"Mrps27",NA
NA,"Cog8",NA
NA,"Parp10",NA
NA,"Ufd1",NA
NA,"Stx4a",NA
NA,"Cd109",NA
NA,"Apaf1",NA
NA,"Ube4a",NA
NA,"Prune2",NA
NA,"Lpin3",NA
NA,"Sema3b",NA
NA,"Mta1",NA
NA,"Klc4",NA
NA,"Hspbap1",NA
NA,"Suox",NA
NA,"Ptpn21",NA
NA,"Mcee",NA
NA,"Mt1",NA
NA,"Fubp1",NA
NA,"Mterf2",NA
NA,"Parp11",NA
NA,"Mga",NA
NA,"Cdca7",NA
NA,"Slc43a3",NA
NA,"Smndc1",NA
NA,"Mark4",NA
NA,"Acp2",NA
NA,"Tpx2",NA
NA,"Nthl1",NA
NA,"Fbxl6",NA
NA,"Hacd3",NA
NA,"Zfp90",NA
NA,"Abhd13",NA
NA,"Kctd3",NA
NA,"Eef1d",NA
NA,"Dag1",NA
NA,"Tubb5",NA
NA,"Numb",NA
NA,"Tmem177",NA
NA,"Erp44",NA
NA,"Atp6v0a2",NA
NA,"Lmf2",NA
NA,"Actr6",NA
NA,"Tmem70",NA
NA,"C2cd3",NA
NA,"Zxdb",NA
NA,"Rilpl1",NA
NA,"Tsen34",NA
NA,"Gnptab",NA
NA,"Atf7",NA
NA,"Dnaaf2",NA
NA,"Nln",NA
NA,"Nrdc",NA
NA,"Hps4",NA
NA,"Cflar",NA
NA,"Bcs1l",NA
NA,"Atp5f1e",NA
NA,"Nectin3",NA
NA,"Fbxo33",NA
NA,"Arl6ip4",NA
NA,"Itprip",NA
NA,"Il4ra",NA
NA,"Tmem242",NA
NA,"Dock4",NA
NA,"Tdrd3",NA
NA,"Wrn",NA
NA,"Ap5z1",NA
NA,"Gtf2h4",NA
NA,"Acvrl1",NA
NA,"Pus1",NA
NA,"Nek9",NA
NA,"Wsb1",NA
NA,"Mrps16",NA
NA,"Arhgef9",NA
NA,"Mmp24os1",NA
NA,"Smarcc2",NA
NA,"Ppm1m",NA
NA,"Prdm9",NA
NA,"Fundc1",NA
NA,"Dbnl",NA
NA,"Trmt5",NA
NA,"Psmf1",NA
NA,"Cdkn1b",NA
NA,"Ice2",NA
NA,"Bltp3a",NA
NA,"Ndufa13",NA
NA,"Ptpn9",NA
NA,"Vhl",NA
NA,"Loxl2",NA
NA,"Msi2",NA
NA,"Ppp4c",NA
NA,"Xpo5",NA
NA,"Bcat1",NA
NA,"Cyth1",NA
NA,"Fbxl19",NA
NA,"Tcirg1",NA
NA,"Erf",NA
NA,"Man1b1",NA
NA,"Washc4",NA
NA,"Fastk",NA
NA,"Supv3l1",NA
NA,"St6galnac4",NA
NA,"Ddx47",NA
NA,"Dcaf5",NA
NA,"Cep15",NA
NA,"Arpc5",NA
NA,"Ipo7",NA
NA,"Sft2d2",NA
NA,"Wdr1",NA
NA,"mt-Ti",NA
NA,"Pcmtd2",NA
NA,"Cdc73",NA
NA,"Slc30a7",NA
NA,"Dusp19",NA
NA,"Vps4a",NA
NA,"Nckap1",NA
NA,"Hivep3",NA
NA,"Naa16",NA
NA,"Saraf",NA
NA,"Fxyd1",NA
NA,"Samd4b",NA
NA,"Gem",NA
NA,"Dnajc2",NA
NA,"Dnal4",NA
NA,"Map3k7",NA
NA,"Tlnrd1",NA
NA,"Pgls",NA
NA,"Uvrag",NA
NA,"Nusap1",NA
NA,"Cisd2",NA
NA,"Apobr",NA
NA,"Fyttd1",NA
NA,"Numbl",NA
NA,"Umad1",NA
NA,"Pold2",NA
NA,"Cops7b",NA
NA,"Mtif2",NA
NA,"Trim35",NA
NA,"Dmac1",NA
NA,"Zfp938",NA
NA,"Armcx1",NA
NA,"Dph6",NA
NA,"Kras",NA
NA,"Mrpl50",NA
NA,"Ndufv3",NA
NA,"Chordc1",NA
NA,"Nt5m",NA
NA,"Rcor2",NA
NA,"Smim27",NA
NA,"Psmg2",NA
NA,"Sdc3",NA
NA,"Bag1",NA
NA,"Smtn",NA
NA,"Prc1",NA
NA,"Qser1",NA
NA,"Med14",NA
NA,"Taf2",NA
NA,"Mysm1",NA
NA,"Cct8",NA
NA,"Pafah2",NA
NA,"Gm56517",NA
NA,"Nifk",NA
NA,"Mphosph8",NA
NA,"Lmna",NA
NA,"Setd1b",NA
NA,"Pdcl3",NA
NA,"Kitl",NA
NA,"Phtf1",NA
NA,"Ankrd46",NA
NA,"Lyar",NA
NA,"Brap",NA
NA,"Trim3",NA
NA,"Gzf1",NA
NA,"Atf1",NA
NA,"Iftap",NA
NA,"Gna11",NA
NA,"Phf2",NA
NA,"Mon1b",NA
NA,"Clcn7",NA
NA,"Nol10",NA
NA,"Rffl",NA
NA,"Pip4p2",NA
NA,"Pura",NA
NA,"Runx1",NA
NA,"Trappc11",NA
NA,"Ssbp4",NA
NA,"Wdr18",NA
NA,"Ormdl1",NA
NA,"Jpt2",NA
NA,"Rhbdf1",NA
NA,"Sec22b",NA
NA,"Gskip",NA
NA,"Elk3",NA
NA,"Trak1",NA
NA,"Med30",NA
NA,"Nek6",NA
NA,"Nfkb2",NA
NA,"Prrc2c",NA
NA,"Hint3",NA
NA,"Armt1",NA
NA,"Mosmo",NA
NA,"Ptk2",NA
NA,"Tcof1",NA
NA,"Tsfm",NA
NA,"Dyrk2",NA
NA,"Brox",NA
NA,"Mxd1",NA
NA,"Nubp1",NA
NA,"Ppa2",NA
NA,"Kxd1",NA
NA,"Retn",NA
NA,"Specc1",NA
NA,"Tor1aip2",NA
NA,"Pggt1b",NA
NA,"Wnk1",NA
NA,"Selenoi",NA
NA,"Mien1",NA
NA,"Btbd2",NA
NA,"Slc25a37",NA
NA,"Zrsr2",NA
NA,"Smpd1",NA
NA,"Ccdc124",NA
NA,"Naa38",NA
NA,"Ppard",NA
NA,"Cstf3",NA
NA,"Pum2",NA
NA,"Rtn4",NA
NA,"Eif2ak2",NA
NA,"Adar",NA
NA,"Aasdhppt",NA
NA,"Hsd17b10",NA
NA,"Dapk1",NA
NA,"M6pr",NA
NA,"Mavs",NA
NA,"Gadd45a",NA
NA,"Tbcd",NA
NA,"Clk1",NA
NA,"Chmp2b",NA
NA,"Ap1ar",NA
NA,"Dazap1",NA
NA,"Amfr",NA
NA,"Cdc123",NA
NA,"Mettl9",NA
NA,"Ddx10",NA
NA,"Tprg1l",NA
NA,"Cltc",NA
NA,"Mrpl14",NA
NA,"Rock2",NA
NA,"2810001A02Rik",NA
NA,"Ptp4a2",NA
NA,"Mvk",NA
NA,"Slc20a1",NA
NA,"Uchl3",NA
NA,"Higd1a",NA
NA,"Ripor1",NA
NA,"Tbl1xr1",NA
NA,"Xpo1",NA
NA,"Nemf",NA
NA,"Brd4",NA
NA,"Msrb1",NA
NA,"Znfx1",NA
NA,"Slc35b2",NA
NA,"Chrac1",NA
NA,"Lztr1",NA
NA,"Cabin1",NA
NA,"Phpt1",NA
NA,"Chd4",NA
NA,"Snrpg",NA
NA,"Mkln1",NA
NA,"Ep400",NA
NA,"Mrpl52",NA
NA,"Fam136a",NA
NA,"Ubxn1",NA
NA,"Crebbp",NA
NA,"Snhg3",NA
NA,"Apba3",NA
NA,"Synrg",NA
NA,"Gopc",NA
NA,"Rab11a",NA
NA,"Cd82",NA
NA,"Ktn1",NA
NA,"Lsm14a",NA
NA,"Hdac2",NA
NA,"Prkag1",NA
NA,"Acbd6",NA
NA,"Ebna1bp2",NA
NA,"Eif5b",NA
NA,"Fh1",NA
NA,"Cops8",NA
NA,"Anp32a",NA
NA,"Ctnnb1",NA
NA,"Lamtor4",NA
NA,"Hnrnpul2",NA
NA,"Wasl",NA
NA,"Rbpj",NA
NA,"Sdhd",NA
NA,"Trim8",NA
NA,"Sf3b3",NA
NA,"Smc6",NA
NA,"Ddb1",NA
NA,"Rps15a",NA
NA,"Man2a1",NA
NA,"Sae1",NA
NA,"Tuba1b",NA
NA,"Klf9",NA
NA,"Sub1",NA
NA,"Bzw1",NA
