"Shared","B.CAP7","B.ROSI"
"Selenow","Scd2","Pmp22"
"Atg101","Mcm6","Scd1"
"Igfals","Ksr1","Ubd"
"Hp","Slc27a1","Dock11"
"Dlc1","Tmbim6","Igfbp4"
"Cidec","Pfkp","Bhlhe40"
"Ccl6","Nampt","Dbp"
"Plin2","Mcm3","Dpep1"
"Angptl4","Fam111a","Rab6b"
"Arxes2","Tagln2","Matn2"
"Arl4a","Tenm4","Deptor"
"Idh3a","Gpsm2","Rras"
"Ppp2r5a","Ddit3","Dusp10"
"Hsd17b12","Top2a","Ftl1"
"4931406C07Rik","Ndrg1","Bzw2"
"Acox1","Alpl","Ogn"
"Ly6c1","Ets2","Mindy1"
"Ehd1","Kif23","Blvra"
"Acsl1","Ddit4","Klf15"
"Echdc1","Cd302","Ppfibp1"
"Picalm","Edem1","Slc35b4"
"Hprt1","Mcm5","Mpp1"
"Emp1","Cyb5r1","Acer2"
"Pck1","mt-Co1","Map9"
"Prkar2b","Pclaf","Megf9"
"Ciapin1","Fam117b","Pex5"
"Ralgds","Trim2","Mrpl18"
"Cbr3","Gpatch4","Trim24"
"Nectin2","Lig1","Rpia"
"Thbd","Smc2","Irf2bpl"
"Fabp5","Angptl6","Pdzd2"
"Adcyap1r1","Sema3g","Slc5a3"
"Tuba1a","Rnf128","1700123O20Rik"
"Pdhb","Npepps","Ephx1"
"Ppp1r15b","Ostf1","Tnip1"
"Aifm2","Cav2","Aph1b"
"Hspd1","Lrg1","6330409D20Rik"
"Hadha","Birc5","Zcchc24"
"Ccnd1","Aars1","Mmp2"
"Cyp2f2","Ghrh","Cox7a2l"
"Nrep","Ulk1","Rnf125"
"C9orf72","Tmcc1","Arl3"
"Mustn1","Ube2c","Foxc1"
"Sfxn1","Cenpf","Hotairm1"
"Tspan4","Ptprn","Rin2"
"S100a4","Plod1","Tdrp"
"Ubqln1","Basp1","Pradc1"
"Dhrs9","Ckap2l","Fmo2"
"Cd63","D830050J10Rik","Trps1"
"Ccl9","Gtse1","Stx2"
"Mrpl15","Slc25a33","Cyp4f17"
"Gas6","Tyms","Resf1"
"Syn2","Tra2b","2310001K24Rik"
"Aldh1a7","Fbln2","Lamb3"
"Acsl5","Dut","Dhtkd1"
"Cryab","Aspm","Tmem86a"
"Mcrip2","Ndc80","Heg1"
"Gsn","Serpinb8","Plekha6"
"Mxra8","Gins2","Fbxo25"
"Asns","Nr2f2","Dcun1d3"
"Tmem176b","D17H6S56E-5","Cd1d1"
"Fosl1","Postn","Lgi4"
"Pim3","Parl","Angpt4"
"Nudt4","Rhoj","Tef"
"S100a6","Net1","Apba1"
"Zfp503","Tcf19","Gabarap"
"Tmem182","Kif20b","Pwwp3a"
"Tmem176a","Eprs1","Gba1"
"Agpat3","Fbxo5","Fkbp4"
"Serpina3c","Abhd6","Slc6a6"
"Sorbs1","Ccna2","Flacc1"
"Chp1","Snupn","Zbtb4"
"Pgd","Rbpms2","Selenbp1"
"1600014C10Rik","Atf1","Fbln7"
"3930402G23Rik","Ttc19","Tnfrsf1b"
"Sparcl1","Tbl2","Ltbp3"
"Gpi1","Srr","Igf2bp1"
"Vim","Arhgef25","Mgrn1"
"Olfml3","Lsm5","Mid1ip1"
"Trarg1","Nasp","Spry1"
"Efr3a","Ube2d1","Sc5d"
"Isoc1","Slc2a4","Ap5s1"
"Gpat3","Smim11","Emilin1"
"Dlat","Fkbp10","Sdf2l1"
"Aco2","9330154J02Rik","Rnd2"
"Cst3","Fosl2","Nr1d2"
"Cavin1","Gk5","Chd3"
"Ffar2","Paxbp1","Cacng7"
"Ier5","Cpeb4","Mycl"
"Prkg2","Gtpbp2","Col6a2"
"Ctsl","Col16a1","Clcn7"
"Hadhb","Cela1","Srpx2"
"Pgp","Vegfa","Shc1"
"Hcar2","Dcaf12","Fbxo2"
"Egln3","Prc1","Ttc39c"
"Dysf","Zfas1","Ogfrl1"
"Cd36","Cimap1c","Hspa2"
"Mmd","Mtss1","Tmt1b"
"Hexa","Insig2","Acy3"
"Pfkl","Tmed1","Arl2bp"
"Mmp14","Arl15","Ifngr1"
"Ghitm","Ubc","Gm34084"
"Ldha","Mafg","Hspe1"
"Lpcat3","Rad51ap1","ENSMUSG00000095041"
"Sox4","Trib3","Npnt"
"Lhfpl2","Pttg1","Dynll1"
"Septin6","Vapa","Poldip2"
"Lrrc8d","Rnf217","Nop2"
"Olfml2b","Nadk2","Lama5"
"Angptl2","Thnsl1","Rad51d"
"Slc25a51","Gm33055","Ap3b1"
"Hmga2","Prnp","Rtn4"
"Adamts1","Lgr4","Diaph2"
"Arhgef17","Hoxc13","Il15"
"Decr1","Cryl1","Samd4"
"Abhd1","Nhs","Lamc1"
"Mif","Tshz1","Inf2"
"Cyc1","Ptma","Mrpl36"
"Lrrc39","Ankef1","mt-Tc"
"Hmox1","Ppt1","Flt3l"
"Pex16","Gm56878","Galns"
"Serpinb6a","Alkbh3","Fam110b"
"Aatk","Aurkb","Nop10"
"Derl1","Pspc1","Eif5a"
"Acta2","Sod3","Hacl1"
"Etfb","Leprotl1","Washc2"
"Tsku","Ogfod3","Sec14l1"
"Angpt1","Brip1","Sra1"
"Uck1","Rad54l","Naa25"
"Plpp5","Farp1","Myo7a"
"Gm35853","Pbx2","Snta1"
"Itm2b","Ccdc50","Slc46a1"
"Pex19","Cdt1","Tbx15"
"Slc25a39","Nop58","Mrpl21"
"Pla2g12a","Pimreg","Notch1"
"Sfrp2","Cbr2","Prtn3"
"Cox7a2","Ppp1r3c","Mms19"
"Glb1","Eno2","Timm13"
"Lpin1","Adgrf5","mt-Ta"
"Cald1","Alkbh5","Ccdc6"
"Marcks","Ckap2","Zfand3"
"Pgm1","Amz1","Cyb5rl"
"Rxra","Rab22a","Atg12"
"Sult1a1","Ranbp9","Ppp1r3d"
"Me1","Rad51","Grb10"
"Fdps","Kcnn4","Tnfrsf12a"
"Adamtsl4","Trip13","Ppp2r1b"
"Grhpr","Zbtb7b","Sema4c"
"Aqp1","Pgrmc2","Slc12a9"
"Flna","Pcna","Emp2"
"Gys1","Efnb2","Tob2"
"Gstt3","Pear1","Cd82"
"Lima1","Foxd2os","Ibtk"
"Slc25a34","Nfkbiz","Pld1"
"Nat8l","Gadd45a","Acox2"
"Appl2","Mbnl2","Prps1"
"Marchf5","Dtd1","Impa2"
"Pdcd4","Psmb10","Ccdc18"
"Aspn","Espl1","Cox8b"
"Sh3bp5","Ankrd28","Pmepa1"
"Tmed5","Lmna","Prr13"
"Rasl11a","Wdr33","Cert1"
"Kitl","Eef2","Msrb1"
"Psat1","Comt","Gm32591"
"Immt","Cln8","Ncbp2as2"
"Mmadhc","Tacc3","Kiz"
"Col3a1","Shld3","Mrps26"
"Gbe1","Racgap1","Fah"
"Prelid3b","Hdac9","Map1lc3a"
"Cox5a","Gfpt1","Cd151"
"Phkg1","Capn6","Cdkl5"
"Cyp1b1","Rprd1a","Fam120aos"
"Tgfbi","Eya1","Cnnm2"
"Slc25a24","Rps3","Ankrd39"
"Vcam1","Cip2a","Ppard"
"Pdxp","Rnf157","Nudt22"
"Fgl1","Xrcc1","Vrk1"
"Col5a2","Abcc4","mt-Tm"
"Tpi1","Ten1","Mtfp1"
"Vegfd","Cdh26","Ginm1"
"Abhd5","Cdc37l1","Haghl"
"Emc6","Cdca2","Scly"
"Pfkfb3","Avpi1","Gm15867"
"Sh2b2","Fam83d","Slc13a4"
"Mdh2","Ska3","Cstf2t"
"Eif1ad","Pold1","Gpr15lg"
"Qdpr","Spc24","Prdx1"
"Sox9","Ptpn2","Poli"
"Dhrs7b","Tbl1x","Nudt7"
"Bcap31","Ppm1b","Fam20c"
"Aldoa","Api5","Igf1"
"Retsat","Cox7a1","Nt5c2"
"Gpd1","Larp7","Plk3"
"Larp1b","Klf9","Rnf122"
"Smim41","Stxbp5","Klhl25"
"Ccdc80","Ark2n","Zfp467"
"Ccn1","Gm45495","F2r"
"Csf1","Kif15","Zfp618"
"Abca8a","Pi15","F730043M19Rik"
"Prelid2","Cystm1","Taf9b"
"Tmem97","Samd12","Pbx4"
"Fkbp5","Ubald1","Dusp9"
"Sh3kbp1","Fam3c","Prkx"
"Ddah2","Lrrc8c","Mospd1"
"Adamts5","Smim30","A330074K22Rik"
"Fgfrl1","Adgrl1","Tnrc6c"
"Hsd11b1","Arih1","Snora30"
"Dnaja3","Dipk1b","Hip1"
"Csnk1a1","Diablo","Sptbn5"
"Tmem120a","Prdm15","Hs2st1"
"Slc4a4","Pole2","Frat2"
"Eeig2","Sema4g","Pdss1"
"Nus1","Tpbg","Nicol1"
"Timp1","Dars1","Sdhaf1"
"Bnip3","Fam162a","Dvl2"
"Car5b","AU040320","Aacs"
"Samm50","Brk1","Per3"
"Hspa5","Spidr","Gpc1"
"Pdk2","Kdm5b","Mdh1"
"Lasp1","Dtymk","Fam171b"
"Fabp4","Blzf1","Rmnd1"
"Bcl2l13","Gm13010","Washc1"
"Hspa9","Sypl1","2810013P06Rik"
"Cnn2","Cul2","Stim2"
"Niban1","Srsf2","Emc9"
"Rtn3","Lzts1","Sco2"
"Grpel1","Pbk","Cd274"
"Vdac1","Cotl1","Tmem205"
"Ndufaf4","Exoc8","Gm20544"
"Pkm","Slfn9","Tusc3"
"Bgn","Aldh1l2","Sar1b"
"Lhfpl6","Morrbid","Snhg3"
"Cyb561","Arhgap33","Gpam"
"C4b","Slc35b1","Sec24d"
"Ero1a","Fbxo21","Sik1"
"Uqcrq","Wfs1","Snx30"
"Gramd1b","Zfp654","Snora73b"
"Tcf4","Ncaph","Slc26a11"
"Aplp2","Pard6a","Fbxo7"
"Pcolce2","Trim44","Cpeb3"
"Emp3","Ddt","Bdh2"
"Ndufa11","Lcorl","Alg9"
"Pkmyt1","Eef1b2","Aggf1"
"Sertad4","Ulk3","Atp6v1b2"
"Ywhag","Dlx2","Fam136a"
"Ndufv1","Oga","Atpsckmt"
"Ogdh","Gm15491","Reep4"
"Snx10","Diaph3","Nabp1"
"Hk2","Ncapg","Mlana"
"Apbb2","Crlf3","Il34"
"Ppm1a","Gramd2b","Fmc1"
"Pgam1","P4ha2","Rbm4"
"Ndufb8","Pkp2","Atn1"
"Arxes1","Hells","Gm37933"
"Jmjd6","Lmnb1","Elavl1"
"Stambpl1","Ptprs","Gm10644"
"Abhd14b","Tcp11l1","Ddx21"
"Ift122","Gapdh","Ergic2"
"Ier3","Card10","Ift27"
"Tns2","Npc1","Ust"
"Dld","Cenpa","AI837181"
"Sspn","Dhfr","Plscr4"
"Cyb5b","Rgs10","Medag"
"Fitm2","Cks2","Malat1"
"Hilpda","Krtcap2","Stxbp1"
"Actn1","Lrfn4","Itga1"
"Bola3","Ifi202b","Incenp"
"Rbpms","Mtmr2","Gm31814"
"Psmd4","Rpl6","Ube2e2"
"Msra","Tha1","Hps1"
"Ctcflos","Nit2","Osbpl8"
"Lonp1","Gtf2ird1","Zc2hc1a"
"Lactb2","Ndel1","Lyplal1"
"Prrx1","Inafm1","Mpzl1"
"Lix1l","Mki67","Pitpna"
"Scd3","Il1rl1","B3galt2"
"Cdr2","Mfsd10","Paqr4"
"Cbx6","Mis18a","Dnajc24"
"Mrpl45","Rbfox2","Etfa"
"Ccl2","Nr2f1","Ganc"
"Acbd4","Kif11","Ccdc88a"
"Mrap","Gtf3a","Ubr1"
"Ndufb6","Apbb1ip","Dnajc1"
"Col1a1","Selenoh","Pde6d"
"Ehd2","Kctd15","ENSMUSG00000121494_9030619P08Rik"
"Fuca1","Sft2d2","Gm10138"
"Tns1","Rap1gds1","Kdelr3"
"Orm1","Mcm2","Apba3"
"Tpp1","Sema7a","Tmem258"
"Clstn3","Trerf1","Cenpv"
"Vdac3","Nr2c2","Gm56859"
"Pnpla8","Dnph1","Cog2"
"Pnpla2","Kdm2a","Ldhb-ps"
"Wasf1","2810002D19Rik","Zfp934"
"Psma1","Sos1","Lef1"
"Nipsnap1","Fbxo17","Rab3d"
"Cbx4","Hirip3","Dtwd1"
"Mvd","Rasa3","Nans"
"Alcam","Nup98","Nudt13"
"Pde4dip","Tpst1","Cct3"
"Ldaf1","Dgkh","Notch2"
"Dhrs3","Ranbp1","Tspan18"
"Sod2","Chn1","Ccnd2"
"Atp1b1","Lyst","Chst1"
"Mgp","Slc2a1","AI429214"
"Uap1l1","Zwilch","Tomm40l"
"Nedd4l","Orc4","Hnrnpab"
"Agt","Fbl","BC034090"
"2300009A05Rik","Ccnt1","Lrtm1"
"Acadvl","Hint1","Ddx24"
"Slc29a1","Rnd3","Lancl1"
"Cndp2","2810021J22Rik","Fryl"
"Cs","Ncald","Mthfs"
"Chchd2","Rala","Mcm7"
"Rab5if","Nop56","Atp5f1c"
"Ermp1","Ciart","Cdk5rap3"
"Zbtb18","Rfc1","Ufsp1"
"Wwtr1","Uhrf1","Qtrt2"
"Cfl2","Acly","Dxo"
"Nrbp2","Esd","Tdrd7"
"Xdh","mt-Nd1","Rtl8b"
"Fgf7","Palld","1700080G18Rik"
"Socs2","Colgalt1","Sun1"
"Gars1","Zfp428","Skic2"
"Hsd17b11","S100a16","Mtmr4"
"Sparc","Ubr4","Mycbp2"
"Ffar4","Slc10a3","Maml3"
"Dclk1","Paqr3","Tmod3"
"Gtf2e2","Col15a1","Selenos"
"Spp1","Arhgap31","Gbp11"
"Atf4","Ptger4","Camkk2"
"Tent5a","Cirbp","Ncapd3"
"Bnip3l","Snapc5","Asb8"
"Gm10851","Ncbp3","Tram2"
"Apoc1","Adgra2","Carns1"
"Uqcrc1","S100a11","Cyfip1"
"Itga6","Plaur","Arhgap17"
"Cyp26b1","Sacs","Rpgrip1l"
"Rnf11","Dnmt1","Sun2"
"Pcx","Sepsecs","Stk16"
"Dock9","Poglut2","Abracl"
"Taldo1","Gm8618","Fig4"
"Ecm1","4833407H14Rik","Acat1"
"Smurf1","Dpy19l3","Psph"
"Orm3","Ankrd37","Mnt"
"Zfp91","Exosc8","Ttc7"
"Micall1","Kif4","Las1l"
"Cdk1","Dnajc2","Bcs1l"
"Dennd2a","Arid4a","Zfp574"
"Inppl1","Serpina3m","Bace1"
"Cmbl","Kntc1","Cic"
"Wars1","Atp8b2","Sh3bp2"
"Mrpl20","Pafah1b3","Flrt3"
"Ndufc1","Wdhd1","Fads2"
"Chchd6","Foxm1","Mettl16"
"Lgals3","Bmper","Vps35l"
"Atp2b1","E2f8","Nbdy"
"Pam16","Usp11","Jpt1"
"Vat1","Ces1d","Map4k4"
"Hs6st1","Gm12762","2310015A10Rik"
"Txn2","Tle5","Nfat5"
"Mpdu1","Sars1","Lsm4"
"Cc2d2a","Slc16a3","P4hb"
"Sh3bgrl","AV099323","Slc37a3"
"Egr1","Eno1","Mrps18a"
"Dpt","Mxi1","Srpk2"
"Atp5mc3","Snrnp25","Urm1"
"Mfsd1","Ccdc186","Mrps24"
"Ube2h","Zc3hav1l","Scaper"
"Mkln1","Pdk1","Ptcd1"
"Echdc3","Tmem107","Gm10250"
"Ptgfr","Gm56862","Gpc4"
"Smoc1","Gbf1","Dynlt3"
"Atp6ap2","Wfdc17","Adamts15"
"Fam110c","1190005I06Rik","Arl6"
"Casp8","Mknk2","Myl4"
"Cox5b-ps","Peg3","Invs"
"Ormdl3","Prdm10","Cpne3"
"Axl","Asb13","Zfp827"
"Pea15a","Fdxr","Mrpl11"
"Acss2","Gls","Gtf2h5"
"Alas1","Ptar1","Sh3bp4"
"Ccdc47","Sgo2a","Gm10603"
"Col1a2","Gm11940","4930503L19Rik"
"Ndufa12","Them6","Anxa1"
"Cluh","Btbd10","Amigo2"
"Cited2","Hikeshi","ENSMUSG00000121483_Gm20257"
"Ndufa8","Map2k1","Rdh13"
"Slc25a1","Atoh8","Chkb"
"Oxnad1","Nrp1","Casp3"
"Ung","Zfp688","Ip6k1"
"Cp","Fam72a","Asf1b"
"Ndufab1","Fscn1","Gpr19"
"Dpysl3","Jmjd8","Nupr1"
"Lrrcc1","Islr","A930005H10Rik"
"Nacc2","Xaf1","B4galnt1"
"Txnrd1","Spag1","ENSMUSG00000121504_Ppp4r1l-ps"
"Fam110a","Hmbox1","Smco4"
"Farsb","Cenph","Snrpb"
"Egln1","Csrnp2","Smim12"
"Slc50a1","2500004C02Rik","Zeb1"
"Sdhb","Szt2","Rin1"
"Six1","Elk3","Tcf7l2"
"Tmem147","Brpf3","Tbc1d20"
"Ypel5","Saa2","Ophn1"
"Slc27a4","Pola2","Ppwd1"
"Crtap","Bsg","Rpusd4"
"Srxn1","Slc1a5","Magee1"
"Cycs","Rnpep","N4bp3"
"Cpt2","4930458D05Rik","Suds3"
"Ppargc1b","H2-T10","Xlr3a"
"Dgat1","Cyp2j6","Dmac2"
"Dot1l","Irf5","Gm47096"
"Smim36","Hoxb2","Fbxw4"
"Fdx1","Oas1b","Synm"
"Gpr146","Taf3","Pphln1"
"Mrps2","Psme4","Ccdc181"
"Acat2","Tsacc","Itpa"
"Plvap","Lrrc20","Bub1"
"Adipor2","ENSMUSG00000121484_Serpina3h","Ing1"
"B3galnt1","Prkab2","Sirt7"
"4122401K19Rik","Ajuba","Exosc2"
"Enpp2","Mipol1","Lgals12"
"Chst11","Fbxl15","Hk1os"
"Limk1","Usp47","Uvrag"
"Tomm40","Gm6316","Tvp23bos"
"Sh3glb2","Frmd4a","Nucks1"
"Pdha1","Mosmo","Ptpn3"
"Tmem60","Tatdn1","Zfp354c"
"Prkce","Plekhn1","Krba1"
"Mcur1","Shld2","Pde4a"
"Thra","R3hdm2","Specc1l"
"Prss23","9330102E08Rik","Cyp2c70"
"Tmem11","Ndufaf7","Zfp277"
"Psma6","Crybg1","Zhx1"
"Dcn","Ap5b1","Pld2"
"Smim5","Socs1","Cdkn2aipnl"
"Cdh13","Esyt1","Efna1"
"Gng10","Npm1","Rce1"
"G6pdx","Gramd1a","Cpt1a"
"Trafd1","Mrpl24","Ifi27l2a"
"B430010I23Rik","Inka1","Ttc8"
"Tpm4","Slc25a40","Lztr1"
"Aldh9a1","Adgrg6","Plppr2"
"Pcolce","Bhlhe41","0610030E20Rik"
"Tmsb4x","Idh1","Tsen2"
"Ckap4","Rpl7","Lpar4"
"Psmb3","Mtf2","Usp2"
"Gstk1","Nkapd1","Wdr81"
"Tgfb2","Zfp984","Lrrc32"
"Itpk1","Arhgap20","Ankrd24"
"Rsu1","Slc26a2","Gm57397"
"Mmgt1","Gm36371","Pip5k1a"
"Gm6166","Cdyl","Rangap1"
"Tuba1c","Fbxo42","Nifk"
"Pdpk1","Tubb6","Aopep"
"Ahnak2","Gm20522","Kifc3"
"Timp3","Chtf18","Pip4k2b"
"Tab2","Iqcc","Ezh1"
"Ctsk","B4galt4","Eno3"
"Cyrib","Sft2d1","Poln"
"Glt8d1","Dlg4","Uqcc6"
"Prxl2a","Wbp1l","Mecomos"
"Eva1b","Gm8292","Grcc10"
"Homer1","Parp14","Sema3c"
"Yaf2","Rpl35","Rpn2"
"Rgs2","Copg2","Gm5617"
"Fbln5","Nbl1","Aph1c"
"Cmtm3","Gstt2","H3c15"
"Ppa1","Gm47061","Cds2"
"Snrk","Rmi2","Gm53012"
"Slc30a9","Alyref","Snx25"
"Ccn4","Adam8","Sntb2"
"2500002B13Rik","Ap1g1","Mkrn2"
"Ssbp4","Pknox2","Pom121"
"Them4","Dscc1","Cep68"
"Prodh","Dnajc9","Bcor"
"Adam12","Kctd17","Hivep3"
"Inhbb","Gm39228","Prss27"
"Gusb","Nfil3","Gm56816"
"Lfng","Hivep2","Tmed2"
"Ppp2r5b","Gpr107","Polrmt"
"Hspa1b","Irx3os","0610005C13Rik"
"Cdc42bpb","Aff4","Puf60"
"Gm56768","Gm57103","Zcchc10"
"Pcdh18","Bcl11b","Snx27"
"Cmip","Slc35d1","Tinagl1"
"Rnf19b","Gpr149","Cpd"
"Mest","Gm32856","Mcoln1"
"Slc16a6","Echdc2","Aig1"
"Rora","Trpc1","Gm5914"
"Adh7","Thap3","Dtx2"
"Fhl2","Hacd2","Coa6"
"Tbc1d2b","Txnrd3","Pnisr"
"Atp6v1e1","Gm28875","Copa"
"Vnn3","2410002F23Rik","Cd47"
"Sdc2","Ttc14","Gm5817"
"Atp5mc1","Tbc1d22b","Gins4"
"Capg","Psmc6","Naa20"
"Creb3l1","Ttk","Hras"
"Mthfd2","Zkscan1","Nrp2"
"Ell2","Nt5c3b","Vegfc"
"Flrt2","Ppp4r3b","Hoxb4"
"Clec14a","Gm56688","B430319H21Rik"
"Gm36180","mt-Nd5","Hfe"
"Slc11a2","Mettl26","Eif2b4"
"Ctdsp2","Gm8186","Yipf1"
"Atl3","Gm20559","Gpr176"
"Cd81","Samd14","Adcy5"
"Ppme1","Mindy2","Ly6h"
"Tmem254","Atg7","Sec31a"
"Irs2","Dap3","Prdx6"
"Pros1","Xpo1","Msh2"
"Prdx3","Ier2","Erg28"
"Adig","Dnmt3a","Anpep"
"Kcmf1","Septin11","Tfam"
"Chchd3","Cped1","Camta2"
"Msrb3","Zc4h2","Dusp28"
"Lias","Herc2","Ell"
"Ctso","Pnkp","Ltc4s"
"Arl5a","Spats2l","Cenpw"
"Slc4a7","Cavin3","Pcbp2"
"Errfi1","Spc25","Ahsa1"
"Gpcpd1","Lonrf1","Fam234b"
"Ephx2","Rps8","Nr2c2ap"
"Chchd4","Gab2","Pierce2"
"Gdf15","Fut10","Ctdnep1"
"Gns","Ankrd42","Slc39a9"
"Tmem231","Gm45338","Marchf8"
"Supt3","Marchf7","Hpdl"
"Uqcrh","Spats2","Ppp1r18"
"Vamp5","Nuf2","Mysm1"
"Atp5po","2700033N17Rik","Auh"
"Gda","Pcna-ps2","Mapk7"
"Socs3","Cdca8","Ilvbl"
"Phb2","Obi1","Zfp579"
"Acp5","Cdc6","Zbtb16"
"Ssbp3","Nde1","Il6"
"Ak2","Exoc3l","Pacs1"
"Maff","Shcbp1","4930511E03Rik"
"Tomm70a","Srsf1","Naa40"
"Cnpy4","Il20rb","Ormdl1"
"Blmh","Churc1","Cdca7l"
"Got1","Nemp1","Mbd2"
"Fzd1","Rab21","2310040G24Rik"
"Klb","Igbp1","Sipa1l2"
"Gstt1","Tmco6","Lnpep"
"Mrpl37","U90926","Kmt2e"
"Osbpl11","Troap","Stoml1"
"Fam241a","Abcd2","Erp44"
"Cox6a1","Wdr91","Fam32a"
"Snai2","Ccnyl1","Gdi2"
"Sfxn3","Cdkl3","Fbxo10"
"Rwdd4a","Pcyox1","Fchsd2"
"Trim47","Prim1","Gsk3a"
"Rad17","Atad5","Josd2"
"Abcc5","Abhd14a","Gm56560"
"Hipk3","Thoc7","Asap2"
"Ptn","Cenpl","Tmem127"
"Nfix","Plscr3","Lbr"
"Nras","Homez","Gm15787"
"Zyx","Gsta3","Ddx17"
"Deaf1","Ifih1","Abtb2"
"Pmm1","Hmces","Pgghg"
"Mcl1","Ifi203","Hddc3"
"Timm17a","Inpp4b","Neat1"
"Pxdn","Rpl38","Matn4"
"Septin9","Gclm","Lsm14a"
"Mmp23","Iffo2","Elp4"
"Nap1l4","Slc19a2","Wwp2"
"Mafb","Ercc1","B230208H11Rik"
"Rasl11b","Gm15706","Phf20"
"Twf2","Wwp1","Xbp1"
"Os9","Golm1","Psip1"
"Rarres2","A330035P11Rik","Macroh2a1"
"Tmt1a","Arhgap11a","Cemip2"
"Gcnt2","Sqstm1","Mmrn2"
"Galk2","Arpin","Timm8b"
"Eif3f","Sgo1","Ptp4a3"
"Rrm2","Dedd","Bclaf3"
"Itih4","Jcad","Mcfd2"
"Sqor","Msrb2","Pus10"
"Yars1","Srbd1","Snap23"
"Podn","Pusl1","Xpr1"
"Hycc2","Psmb9","Nelfa"
"Lgalsl","Gm26782","Fastkd1"
"Ufsp2","Zfp180","Abcd4"
"Fzd2","Tram1l1","Epha2"
"Letm1","Cdca7","Slc41a3"
"Dtx4","Clcn4","Tm2d2"
"Lpar1","Lrr1","Eif2s1"
"Plat","Hif1a","Lamtor2"
"Ids","Mapk11","Gm37305"
"Cd14","Eif2ak1","Cflar"
"Ak4","Cuedc2","Crtc3"
"Gm48832","Gpr162","Hook2"
"Nsmce2","Usp54","Hnrnpa0"
"Atp5f1b","Ern1","Cpsf2"
"Myo1c","Hnrnpf","Ero1b"
"Nf2","Cnot6l","mt-Nd6"
"Eif1b","Stau2","Rpl27"
"Tm4sf1","Itgb1bp1","Rcan1"
"Elovl3","Lrrc1","Sort1"
"Tril","Sys1","Nkiras1"
"Cdc42ep1","Cep162","Ptk2"
"Sipa1l1","Tango2","Ap1s2"
"Ubqln2","Il18bp","Capns1"
"Phf5a","A630089N07Rik","Tbc1d17"
"Gltp","Ska1","Emc3"
"Dlk1","Soat2","Glis2"
"Krt79","Zc3h8","Pdxdc1"
"Man1a","Ccnb2","Gprc5c"
"Tgfb1i1","Rpap1","Optn"
"Uso1","Setx","Enah"
"Gm13205","Rp9","Mxd1"
"Tmem88b","Gm56765","Ndufa6"
"Cntln","E2f7","Zbtb20"
"Nexn","Rps5","Tmem170"
"Pdhx","Nek1","Nup93"
"Mrgprf","Slc43a1","Ap3m2"
"Itgb2","Ndrg2","Rgs12"
"Dnajc15","Kif2c","Sacm1l"
"Ubl3","Dnajb6","Uba6"
"Armc1","Trappc6a","Tfap2a"
"Mdm2","Mpeg1","Cetn2"
"Tpm2","Epb41l5","Nmt2"
"Tspan17","Rfc5","Paqr7"
"Txnl1","Slc44a1","Gm44954"
"Maf","Ralgps2","Itga2b"
"Amdhd2","Mark3","Napepld"
"Tpm1","Syde1","Mrps33"
"Afg3l2","Wbp4","Gt(ROSA)26Sor"
"Atg4d","Enpp5","Spa17"
"Htra2","Clpb","Wbp11"
"Tgm2","Rictor","Chka"
"Maoa","4931414P19Rik","Synj2"
"Pex13","Gm9712","Il18"
"Pdgfrb","Exosc1","H4c8"
"Cfd","Supt4a","2610008E11Rik"
"Oxct1","Pla2g2e","Hdhd3"
"Aqp7","Cdca5","Rdx"
"Tapt1","Rps4x-ps","9330160F10Rik"
"Ppp2r2d","Dubr","Llgl2"
"Gfm1","2010003K11Rik","Gm12781"
"Fkbp7","Smc1a","Mto1"
"Glt8d2","Ppp3cc","Nhsl3"
"Pmf1","Pkia","B430219N15Rik"
"Ednra","Guk1","Snhg5"
"Cth","Ccnb1","Sugp1"
"Slc35e4","Tmem9","Grk5"
"Zfp36l1","5031439G07Rik","Agl"
"Grsf1","Mkx","Slx4ip"
"Ndufv2","Grk2","Eny2"
"Hycc1","Rdm1","Igf1r"
"Id3","Rnf34","Sall2"
"St3gal1","Rbm18","Atat1"
"Ly6a","Klhl24","9330159M07Rik"
"Ifitm2","Acad12","Gm56911"
"Pex14","Ctps1","Adrb2"
"Acsl4","Pou2f1","1110013H19Rik"
"Serpina3n","Nqo2","Pign"
"Apol6","Vcp","Rgcc"
"Dusp1","Arhgap27os2","Prkci"
"Cbr1","Sema3b","Mbd3"
"Sh3bgrl3","Slc35c1","Polk"
"Camk1","Rplp0","Usp1"
"Cpne2","Ube2l6","Rcc1l"
"Hes1","Lrrfip1","Actr6"
"Sccpdh","Gatad2b","Morn4"
"Crip1","Mtcl2","Ipo8"
"Rcn1","Armc6","Znf41-ps"
"Scarb1","Gabpb1","Thoc2"
"Fdft1","Apobec1","Ppfia1"
"Sh3glb1","Cmtm4","Flot2"
"Lncbate6","Tbc1d15","Gm56507"
"Tmsb10","Fktn","Usp48"
"Coasy","Ubox5","Efna5"
"Gsto1","Cib1","Cers2"
"Txlng","Mcu","Sgk3"
"Klf6","Fam178b","Plcb2"
"Pygb","Etf1","Airn"
"Snhg18","Cdpf1","Gm37397"
"Plekhm1","Gtf2f1","Map1s"
"Glrx5","Brip1os","Gm42743"
"Rcor2","Rnaseh2a","Zfp93"
"Mcm4","Pltp","Fgfbp3"
"Serpinh1","Hoxd8","Pccb"
"Cxcl5","Hat1","Vstm2a"
"Mpv17","Gak","St6gal1"
"Ifrd1","Fbxl20","Mrpl41"
"Glmp","Gphn","Ezh2"
"Atf5","Abhd16a","Ppm1h"
"Rhot2","M6pr","Art3"
"Pmvk","Rps26","Ube2w"
"Atp5pb","Exog","Bcl3"
"Rit1","Rnf168","Gm36738"
"Isyna1","Ensa","ENSMUSG00000121485"
"Golga2","A930033H14Rik","Emg1"
"Gstm2","Hsbp1","N6amt1"
"Anks6","Evl","Mir5136"
"Dnajb9","Chrdl1","Sbds"
"Dpy19l1","Gtf2e1","Slc9a1"
"Pde3b","Dop1b","Atrx"
"Fos","Sec61a2","Tcaf1"
"Pls3","Uxs1","Zkscan3"
"Slc25a11","Actr10","Dus2"
"Dglucy","5730409E04Rik","Rsrc1"
"Ptges2","Kif3a","Ptbp3"
"Parp3","Magi3","Gnb5"
"Ppp6c","Dedd2","Slc31a2"
"Rab7b","Pts","Psmb2"
"Agpat1","Utrn","Tnip2"
"Dynlt2b","Kat2a","Pced1b"
"Ppif","Trrap","Eci1"
"Dazap1","Naa30","2310001H17Rik"
"Coa5","Pde4b","Apobr"
"Pik3ip1","Stmp1","Sephs1"
"Impact","F3","Atxn1"
"Fgf2","Aamdc","Nfkbia"
"Foxo6","Csnk1e","Shkbp1"
"Cdo1","Cul5","Flnc"
"Tceal9","Zyg11b","Spg7"
"Cers5","Tubgcp6","Eloc"
"Ndufa12-ps","Mettl22","Mrgpre"
"Strip2","Stard3nl","Borcs5"
"Ddx51","Fpgs","Cttnbp2nl"
"Ssbp2","2010315B03Rik","Serinc3"
"Tm7sf3","Akt1","Cfap298"
"Crat","Ppp1r12c","ENSMUSG00000121489_1810014B01Rik"
"Hmgcs1","Rchy1","Adck1"
"Plppr3","Slc25a16","Hoxa4"
"Armcx4","Napg","2900093K20Rik"
"Ankrd40","Cggbp1","Pacsin3"
"Ppp1r15a","Lbhd1","Snrpd1"
"Noct","Smim14","Cks1b"
"Mc2r","Zfp664","Tyro3"
"Nfe2l1","Slc25a36","Pabir2"
"Peli2","Creld2","Otud4"
"Lrrc58","Rnf144a","Ntn3"
"Plaa","1600020E01Rik","Pdk3"
"Ppp1r3b","Fkrp","Igip"
"Marchf6","Mad2l1","Kin"
"Slit2","Ggct","Srgap2"
"Vasn","Clasp1","Abhd2"
"Hspb8","Prdx2","Hltf"
"Mllt11","Slc48a1","Vac14"
"Lum","Txndc5","Pfdn6"
"Rnf126","Rrm1","Uqcc5"
"Apoc4","Capza1","Chrd"
"C1ra","Sphk2","Csgalnact1"
"Ptpn14","Atg3","Sycp2"
"St3gal6","Lysmd4","Mmab"
"Cox6a2","Manba","Cpeb1"
"Adtrp","Ddx39b","Usp6nl"
"Cyp51","Rabl6","Cenpm"
"Col5a3","Dhx32","Ldah"
"Pparg","Rpl18a","Hic1"
"Nsdhl","Fkbp3","Elf4"
"Praf2","Chd2","Asl"
"Wnk4","Grb2","B130011K05Rik"
"Cox4i1","Ly6e","Unk"
"Bag4","Ugp2","Pdzd4"
"Rnf150","Tmem237","Kmt2c"
"Mtss2","Eri3","Polg2"
"Col18a1","Ccdc12","Sec24b"
"Bbln","2310009B15Rik","Saal1"
"Lipa","Exosc7","Nom1"
"Cdon","Sema4b","Gm11942"
"Sri","Sh3gl1","Kri1"
"Gm2a","Ctnna1","Ankle2"
"Tiparp","Gar1","Oplah"
"Osbpl5","Fen1","Smim7"
"Srgap3","Uqcc3","Fkbpl"
"Ipo9","Phka1","Hscb"
"Itga5","Rlf","Zfp446"
"Acsl3","Srprb","Tacc2"
"Fgf10","AU022252","Brd7"
"Ube2k","Samd9l","Gm56053"
"Rap2c","Dctn3","Dlg3"
"Fbxo4","Cop1","Nup50"
"Sbf1","C1galt1","Rpap2"
"Myof","Herc1","Immp1l"
"Trp63","Cblb","Zfp748"
"Zfp703","Rabl3","Selenof"
"Hmgb3","Cdkn2d","Zfp947"
"Ndufc2","Shoc2","Rusf1"
"Timm10","Ints11","Nudt16"
"Rpl7l1","Mapk6","Commd1"
"Mrpl1","Smc4","Urb1"
"Vgll3","Tnks","Nmd3"
"Cd9","Clec2d","Dusp19"
"Ttc17","Hmgb2","Rab2a"
"Pvr","Spout1","Clec16a"
"Cd248","Slc20a1","Aldh7a1"
"Piezo1","Klc2","Gm33989"
"Cdc27","Cstf3","Acot6"
"Adcy9","Rnf138","Arfgap3"
"Sqle","Cep350","Slco2a1"
"Blvrb","Tanc1","Acyp1"
"Gadd45g","Pik3r1","Ccdc115"
"Esrra","Lpl","Susd6"
"H2-T23","Trak2","Asf1a"
"Parva","Rtl8a","Ccndbp1"
"Rgs16","Fignl2","Zdhhc7"
"Tmem184b","Sec16a","Edc3"
"Uqcr10","Dcaf6","Amotl1"
"Stard5","Rasd1","Cdkn1b"
"Rab6a","Ggps1","mt-Cytb"
"Filip1l","Snx18","P3h1"
"Smim10l1","Kdm5a","Ergic3"
"Furin","Cers4","Ccdc82"
"Ndufa3","Mospd3","Aldh1l1"
"Pex3","Rnf187","Nsd2"
"Poglut1","Zfp330","Spart"
"Serp1","Amn1","Klhl36"
"Adam23","Rpl22","B130034C11Rik"
"Pdia5","Abcb10","Smpd2"
"Arhgap5","Pdzd8","Fam149a"
"Rab31","Rpl36al","Slc2a9"
"Colec12","Nudt16l1","Rps19-ps11"
"Ubxn2b","Nsmce1","Prr5l"
"Ndufs4","Ahcyl1","Mrpl49"
"Fxr2","Mtr","Ar"
"Timm9","Aff1","Akt1s1"
"D5Ertd579e","Cramp1","Polr1e"
"Rusc2","Snx5","Igsf8"
"Pdlim2","Med16","Otud3"
"Cdk4","Nfatc3","Cntrl"
"Nfia","Mydgf","Gdpd2"
"Meis3","Impdh1","Zfp691"
"Coq5","Dhx8","Wnt5a"
"Naglu","Arrdc3","Irf2"
"Sncg","Rad50","Rock1"
"Ogfod2","Wdr70","Syngap1"
"Gm15411","Crbn","Cltc"
"Ncan","Rps17","Msx1"
"Bc1","Ogt","Wnk1"
"Mt2","Prpf40b","Foxred2"
"Ccdc102a","Hnrnpa1","Ap3s1"
"Col8a1","Porcn","Slc45a4"
"Samd5","Iscu","Rbfa"
"Sucla2","Srp72","Pin1"
"Tmem220","Rps9","Tpt1"
"Cav1","Nup107","Gcc2"
"Kdm4b","Slain2","Gm4924"
"Eml1","Tgfbr1","Slc25a38"
"Tank","Rnf8","Arhgef12"
"Igfbp7","Tnfrsf1a","Rnf144b"
"Setd7","Pck2","Car7"
"Slc16a1","Adss2","Gnl3l"
"Dlst","Rassf8","Cryzl1"
"Clcn3","Pced1a","Zfyve21"
"Kank2","Actl6a","Lpp"
"Ephb3","Cox7c","1110006O24Rik"
"Cavin2","Arhgap12","Trmt5"
"Acadm","Tpd52l2","Ift43"
"Vkorc1","Spag9","G630016G05Rik"
"Lipe","Atad2b","Slc15a3"
"P3h3","Arl8b","Srebf2"
"Itm2c","Ube2d3","Hyal2"
"Tmx2","Tmeff1","Glb1l"
"Rhot1","Rnf19a","Cep120"
"Bmp4","Rbm26","Psmd12"
"Naa50","Pcm1","Tefm"
"Vcan","Clk4","Myo1d"
"Steap3","Zfr","Zfp33b"
"Gcat","Emc1","Mpv17l2"
"Pbx1","Chtop","Fam217b"
"Sfpq","Calu","Klhdc8b"
"Anapc11","Uri1","Mideas"
"Naalad2","Sltm","Slc29a2"
"Gper1","Fkbp9","Cebpz"
"Cars1","Blcap","Ptpre"
"Agpat2","Ccnl2","S100pbp"
"Cd93","Pmpcb","Asgr2"
"Tigd2","Plpp3","Glud1"
"Sh3pxd2b","Rnf2","Timm23"
"Yjefn3","Eif3l","Ppp1r14b"
"Maged2","Rpl26","Gm49774"
"Copz1","Paics","Zfp1007"
"Cdh11","Ubr2","Slc25a17"
"Lss","Usp34","Sufu"
"Adam9","Rnf181","Upf2"
"Ccn5","Copb1","Cd99l2"
"Cope","Zwint","Nr4a2"
"St3gal2","Rps15","Lrrc75a"
"Vhl","Rpl4","Thoc1"
"Rbms3","Srrm2","Coro1c"
"Gulp1","Ilrun","Trf"
"Dok1",NA,"Mical2"
"BC037039",NA,"Zhx2"
"Stx7",NA,"Ddah1"
"Hcfc2",NA,"Nsun5"
"Slc9a6",NA,"Eif4g3"
"Gm10039",NA,"Gse1"
"Man2b1",NA,"Rmc1"
"Nfic",NA,"Cnot6"
"Ehbp1l1",NA,"Senp5"
"Cldn15",NA,"Fbxo33"
"Hsp90ab1",NA,"Ttc9c"
"Id2",NA,"Wbp2"
"Ehd3",NA,"Ccdc137"
"Thoc6",NA,"Tmem42"
"Tagln",NA,"Man1b1"
"Trabd2b",NA,"Lzts2"
"Epb41l1",NA,"Lingo4"
"Bag2",NA,"Gm39213"
"Gtf2a1",NA,"Pfdn5"
"Abhd15",NA,"Memo1"
"G0s2",NA,"Maged1"
"Pnp",NA,"Ctcf"
"Rap1gap2",NA,"Strada"
"Bmp1",NA,"Kazald1"
"Plin3",NA,"Tmem70"
"Pigl",NA,"Tor3a"
"Timp2",NA,"Zc3h3"
"Npdc1",NA,"Parn"
"Gmds",NA,"Spaca6"
"Serpine2",NA,"Mterf1b"
"Ttyh3",NA,"4930556M19Rik"
"Fam210a",NA,"Chchd1"
"Opa1",NA,"Pstk"
"Nmi",NA,"Mrps11"
"Sulf2",NA,"Bltp3a"
"Mrpl12",NA,"Cabp4"
"Cox6c",NA,"Dnase2a"
"Emc2",NA,"Slc15a4"
"Inhba",NA,"D030025P21Rik"
"Erap1",NA,"Appl1"
"Adrb3",NA,"Inpp4a"
"Adam33",NA,"Zfp787"
"Slc5a6",NA,"Kmt5a"
"Fbn1",NA,"Slc6a8"
"Cx3cl1",NA,"Trabd"
"Ndufa9",NA,"Dlg1"
"Cox19",NA,"Aldh3a2"
"Rpe",NA,"Pdrg1"
"Cd44",NA,"Shprh"
"Rbck1",NA,"1810021B22Rik"
"Bhlhb9",NA,"Tctn2"
"Ago2",NA,"Mrps6"
"Sdc1",NA,"Arcn1"
"Dab2",NA,"Unc93b1"
"Mbd4",NA,"Cfap300"
"Orm2",NA,"Skic8"
"Sik2",NA,"Cyp4f16"
"Letmd1",NA,"Osgin2"
"Rcn2",NA,"Tifa"
"Higd1a",NA,"Cnnm4"
"Eci2",NA,"Dennd10"
"Tln2",NA,"Ddx47"
"Gm45769",NA,"Btbd19"
"Pik3r2",NA,"Zfp873"
"Adissp",NA,"Vegfb"
"Lonp2",NA,"Ghr"
"Rmdn3",NA,"Foxs1"
"Lmo4",NA,"Saa3"
"Clstn1",NA,"Maf1"
"Suclg1",NA,"Mrpl9"
"Myo10",NA,"Nolc1"
"Mrpl3",NA,"Akr1b10"
"Ube3a",NA,"Gab3"
"Jade1",NA,"Hook3"
"Kyat1",NA,"Npr2"
"Bckdhb",NA,"Cep170b"
"Chst12",NA,"Sbno2"
"Bcl2",NA,"Endod1"
"Scara5",NA,"Kctd11"
"Ctr9",NA,"2810414N06Rik"
"Cdc42bpa",NA,"Zfp354a"
"Mrpl35",NA,"Rrp7a"
"Poglut3",NA,"Gnaq"
"Mtx2",NA,"Map2k2"
"Smim29",NA,"Rufy4"
"Snn",NA,"Rsrp1"
"Cebpg",NA,"Slc30a7"
"Ccdc34",NA,"mt-Tt"
"Gm31305",NA,"Zc3h11a"
"Arih2",NA,"Pafah1b2"
"Hsd17b4",NA,"Ppp1r8"
"ENSMUSG00000121488_Gm5886",NA,"Prkdc"
"Tlr4",NA,"Mcee"
"Atp2a3",NA,"Proser3"
"Pex11a",NA,"Mtmr14"
"Hdac7",NA,"Rpusd3"
"1700017B05Rik",NA,"Rbp1"
"Eif5",NA,"Vipas39"
"Acadl",NA,"Tfb2m"
"Wdr6",NA,"Pyroxd1"
"Lrrc17",NA,"Mrps25"
"H2ac25",NA,"Mrpl2"
"Plekhf2",NA,"D16Ertd472e"
"Elmod2",NA,"Exosc9"
"Ccl7",NA,"Bin3"
"Clock",NA,"Tspan31"
"Tnk2",NA,"Cby1"
"Slc25a10",NA,"Gm31728"
"Mul1",NA,"Zfp953"
"Six4",NA,"Nhp2"
"Loxl1",NA,"Thbs3"
"ENSMUSG00000121879_Zfp862-ps",NA,"Babam2"
"Sgms2",NA,"Cxxc5"
"Rdh10",NA,"Rpl36"
"Ass1",NA,"Inca1"
"Patl1",NA,"Glis1"
"Gli3",NA,"Csnk1g1"
"Pex11g",NA,"Coq8a"
"Serpinb1a",NA,"Gm9905"
"Il17re",NA,"Mettl1"
"Rnf185",NA,"Adss1"
"Usf3",NA,"Brca1"
"Ndufb10",NA,"Gmppa"
"Myh10",NA,"Csf2rb"
"Rraga",NA,"Cbfa2t2"
"Gas1",NA,"Tnxb"
"Mthfd1l",NA,"Gm13611"
"Ece1",NA,"Camk2d"
"Polr3h",NA,"Arsj"
"Atp5f1a",NA,"Iqck"
"Usp8",NA,"Ifnar1"
"Syap1",NA,"H1f4"
"Btnl12",NA,"Adipoq"
"P2rx4",NA,"Ahr"
"Isca1",NA,"ENSMUSG00000121780"
"Ubac1",NA,"Pir"
"Micos10",NA,"Cep104"
"Stip1",NA,"Zc3h6"
"Scp2",NA,"Nap1l1"
"Ak1",NA,"Upp1"
"Tlk2",NA,"Atp6v0e"
"Enc1",NA,"Cxcl16"
"Vmp1",NA,"Tmem185a"
"Dpysl2",NA,"Rai1"
"Atp1a1",NA,"Tom1l2"
"Reep6",NA,"Ppm1m"
"Rhou",NA,"1700010I14Rik"
"Dolk",NA,"Cdk20"
"Ifi30",NA,"Map3k20"
"Isoc2a",NA,"Kbtbd11"
"Acads",NA,"Atp11a"
"Rbms1",NA,"Chpt1"
"Rae1",NA,"Jag1"
"Amy1",NA,"Gm39193"
"Tnfsf12",NA,"Clpp"
"Atp6v1a",NA,"Tcea2"
"Kdm6b",NA,"B3gntl1"
"Fst",NA,"Kif7"
"Lypla1",NA,"Fmnl3"
"Ptges",NA,"Slc25a5"
"Chchd10",NA,"Fam83h"
"Lrig3",NA,"Plk2"
"Plxnb2",NA,"Cgref1"
"Miga2",NA,"Rpl15"
"Abcc1",NA,"Prkaa1"
"Snrnp27",NA,"Tsfm"
"Foxf2",NA,"Gm57354"
"Arf1",NA,"Mrps35"
"Fhip1b",NA,"Ndufa4"
"Plekhg5",NA,"Hgf"
"Antxr2",NA,"Tars1"
"Ebpl",NA,"mt-Tl1"
"Entpd5",NA,"Ostm1"
"Gale",NA,"Gm43566"
"Myl9",NA,"Ppp1r7"
"Pwwp3b",NA,"Timm8a1"
"Uqcrc2",NA,"H6pd"
"Hsd17b7",NA,"Nt5m"
"Gm22748",NA,"Naa15"
"Nucb1",NA,"Cyth2"
"Tmem161a",NA,"Jdp2"
"Gfm2",NA,"Acvr1b"
"Tnks2",NA,"Zfp24"
"Whamm",NA,"Gm10699"
"Myh9",NA,"Fus"
"Mrps23",NA,"Fam185a"
"Pitpnb",NA,"Pwwp2a"
"Slc25a20",NA,"Ipo13"
"Mpc1",NA,"Zscan21"
"Ppargc1a",NA,"Aox1"
"Slc38a4",NA,"Klra4"
"Ppp2r2a",NA,"Galnt7"
"Cacna1a",NA,"Ankrd16"
"Trp53inp2",NA,"Med4"
"Pip5k1c",NA,"Fnbp1"
"Nrxn2",NA,"Prxl2b"
"Tmem41a",NA,"F8"
"Runx1t1",NA,"Scnn1a"
"Degs1",NA,"Exd2"
"Coq3",NA,"Ift80"
"Atp6v1d",NA,"Tvp23b"
"Siah2",NA,"Polr1f"
"Itga7",NA,"Hnrnpd"
"Mcph1",NA,"Rbms2"
"S100a1",NA,"Rap1b"
"Gpd2",NA,"Eid2b"
"Endou",NA,"Rnf44"
"Loxl3",NA,"Bbs5"
"Slc25a46",NA,"Eps8"
"Hexb",NA,"Fahd1"
"Hccs",NA,"Alg14"
"Fn1",NA,"Dcaf8"
"Clptm1",NA,"Vps18"
"Hopx",NA,"Gabbr1"
"Vopp1",NA,"Ifrd2"
"2700097O09Rik",NA,"Gins3"
"Gng2",NA,"Ptpn21"
"Ahcyl2",NA,"Dapk1"
"Siae",NA,"Pura"
"Plekha2",NA,"Chid1"
"Zfp655",NA,"Patj"
"Hacd4",NA,"Abcf1"
"Atp5mf",NA,"Bbs9"
"Myl6b",NA,"Apoc3"
"Grb14",NA,"Ptpmt1"
"Pim1",NA,"Zfp961"
"Pdpn",NA,"Dcun1d5"
"Cxcl12",NA,"Actr2"
"Ptcd3",NA,"Snx2"
"Clu",NA,"Gm56582"
"Timm10b",NA,"Cr1l"
"Ptcd2",NA,"Ruvbl2"
"Iah1",NA,"Mical3"
"Mapre2",NA,"Cep250"
"Timm22",NA,"Tmem184c"
"Phactr1",NA,"Trp53rkb"
"Snord13",NA,"Efhc1"
"Plec",NA,"Epn2"
"Marchf2",NA,"Mtx1"
"Sod1",NA,"9530077C14Rik"
"Stbd1",NA,"Rbm8a"
"Mr1",NA,"Mkks"
"Pcgf5",NA,"Cyp2c55"
"Hipk2",NA,"Orai2"
"Slc25a23",NA,"Lsm12"
"Cebpb",NA,"Ppp1r12a"
"Smarcd2",NA,"Ddx46"
"Afg3l1",NA,"1110002L01Rik"
"Isca2",NA,"Zdhhc24"
"Tmem82",NA,"Arid5b"
"Ciao3",NA,"AW209491"
"Phlda1",NA,"Gsdme"
"Pcsk4",NA,"Dpf1"
"Rab13",NA,"Gm56489"
"Anxa2",NA,"Synrg"
"Svil",NA,"Elovl1"
"Scarf2",NA,"Lrp12"
"Vapb",NA,"Cep97"
"Il1rap",NA,"Adck5"
"Rgl1",NA,"Akr1b8"
"Itpka",NA,"Crk"
"Thy1",NA,"Macf1"
"Seh1l",NA,"Cdh2"
"Spsb2",NA,"Tbc1d19"
"Homer3",NA,"Gm44292"
"Sowahc",NA,"Hectd2os"
"Pyurf",NA,"Dis3l2"
"Bicc1",NA,"Prl2c3"
"Rtf2",NA,"Ephb4"
"Mrpl43",NA,"Map6"
"Lcor",NA,"Norad"
"Asah1",NA,"Sar1a"
"C1qtnf12",NA,"4933431E20Rik"
"Clk3",NA,"Fads1"
"Rgs17",NA,"Rfxank"
"Otud6b",NA,"Dcaf10"
"Pdlim1",NA,"Apoo"
"Map3k5",NA,"2900076A07Rik"
"2510039O18Rik",NA,"Dcaf17"
"Mical1",NA,"H2az1"
"C030014I23Rik",NA,"Suox"
"Angpt2",NA,"Ncoa3"
"Rps6ka3",NA,"Pcbp1"
"Fubp1",NA,"Emc4"
"Hmgb1",NA,"Epor"
"Lxn",NA,"Telo2"
"Tmem199",NA,"Gm43737"
"Pole4",NA,"Rwdd2a"
"Tmem123",NA,"Zfhx4"
"Lrrk1",NA,"Ccnl1"
"Gatad1",NA,"Dynlrb1"
"Selenot",NA,"Psme1"
"Atp5f1d",NA,"Bud31"
"Ywhab",NA,"Ccs"
"Klhl2",NA,"Pald1"
"Pitpnm1",NA,"Tmem268"
"D730045B01Rik",NA,"Gm15327"
"Med27",NA,"Ctf1"
"Arpc1b",NA,"Mbd5"
"Casp12",NA,"Pdgfrl"
"Uba3",NA,"Col6a1"
"Itgb5",NA,"Itpripl1"
"Exoc4",NA,"Paip2"
"Dhx36",NA,"Topaz1"
"Armcx2",NA,"Slc7a2"
"Ncbp1",NA,"Pten"
"Il17ra",NA,"Zfp318"
"Fut8",NA,"Rassf3"
"Nagpa",NA,"Clcc1"
"Por",NA,"Mettl5os"
"Cat",NA,"Nt5e"
"Kdm5c",NA,"Rtraf-ps"
"Ppp2ca",NA,"Runx1"
"Timmdc1",NA,"Pdcd10"
"Vdr",NA,"Amz2"
"Npc2",NA,"Angptl8"
"Setd5",NA,"Wdr19"
"Tfpi",NA,"4933412E12Rik"
"Dgkd",NA,"Egfl7"
"Sgce",NA,"Gm13736"
"Tmem150a",NA,"Cenps"
"Nr4a1",NA,"Zkscan17"
"Cfap210",NA,"Vps50"
"Insig1",NA,"Adm"
"Strbp",NA,"Cep19"
"Aebp2",NA,"Sdf4"
"Rnase4",NA,"Dennd1b"
"Phb1",NA,"Irak2"
"Il1r1",NA,"H2ac6"
"Cox5b",NA,"Ints10"
"Mix23",NA,"Pabpc4"
"Nme4",NA,"Polr2d"
"Zfp106",NA,"Mrps14"
"Igfbp3",NA,"Fam120a"
"Lurap1l",NA,"Arhgef3"
"Osbpl3",NA,"Pold4"
"Dlg5",NA,"Scai"
"Atf3",NA,"1810010H24Rik"
"Anxa8",NA,"Cd2bp2"
"Ndufs2",NA,"Kansl3"
"Enpp1",NA,"Ppp1r13l"
"Slc22a23",NA,"Bcl6"
"Jup",NA,"Vgll4"
"Prorsd1",NA,"Hmgcl"
"Scara3",NA,"Herpud2"
"Jam2",NA,"Ngdn"
"Ncor1",NA,"Evc2"
"Arpc5l",NA,"Gan"
"Srebf1",NA,"B930094E09Rik"
"Psmd13",NA,"Arl10"
"Itgb3bp",NA,"Ing3"
"Tapbp",NA,"Zfp764"
"Idh2",NA,"Phc1"
"Rcn3",NA,"Cdkn2a"
"Cisd1",NA,"Phaf1"
"Etfdh",NA,"Zfp316"
"Pi4k2a",NA,"Abhd3"
"Marcksl1",NA,"Slc52a2"
"Crls1",NA,"Bbs1"
"Pdp2",NA,"Tars3"
"Azin1",NA,"Gm47071"
"Nqo1",NA,"Gm44421"
"Gpx7",NA,"Ubqln4"
"Anks1",NA,"Gatc"
"Ctsz",NA,"Sec61b"
"Il1rl2",NA,"Gps2"
"Sox11",NA,"Pip4p1"
"Arhgef10l",NA,"Apaf1"
"Tcof1",NA,"Supt20"
"H13",NA,"Lmbr1l"
"Rps27",NA,"Pkd1"
"Rab3a",NA,"Zfp385a"
"Slc1a3",NA,"Bzw1"
"Cox11",NA,"Ncstn"
"Itpr2",NA,"Pdcd2"
"Prdx4",NA,"Rars1"
"Tmem135",NA,"Wsb1"
"Psmb6",NA,"Nipsnap3b"
"Thrsp",NA,"Atm"
"Oip5os1",NA,"Lpar6"
"Gm35290",NA,"Zbtb34"
"Ccdc85b",NA,"Scrn3"
"Nid1",NA,"Orc3"
"Cish",NA,"Card6"
"Fads3",NA,"Psmc4"
"Wfdc21",NA,"Hexd"
"Klf4",NA,"Tnfaip3"
"Atp1a2",NA,"Eloa"
"Serf1",NA,"Zfp94"
"9130401M01Rik",NA,"B230377A18Rik"
"Spring1",NA,"Mars2"
"Htra3",NA,"Nxt1"
"Mfng",NA,"Id4"
"Tada2b",NA,"Mkrn1"
"Mlx",NA,"Ash2l"
"Xrcc5",NA,"Cmtm7"
"C1rb",NA,"Apool"
"Bid",NA,"Arhgap23"
"Fam114a1",NA,"Rufy1"
"Anp32a",NA,"Adat1"
"Mapkap1",NA,"Xab2"
"Sgta",NA,"Matr3"
"Pbxip1",NA,"Kcnq1ot1"
"Dnase1l1",NA,"Dmac1"
"Adamts10",NA,"2900089D17Rik"
"Rnf24",NA,"Hnrnpul2"
"Ptges3l",NA,"Abt1"
"Izumo4",NA,"Wdr73"
"Mpp7",NA,"Snhg17"
"Acbd3",NA,"Trim3"
"Fkbp11",NA,"Gm16001"
"Fstl1",NA,"Txnrd2"
"Ehbp1",NA,"Hmg20a"
"S1pr2",NA,"Pigb"
"Coq9",NA,"Hnrnpl"
"Spg21",NA,"Cobll1"
"Psmd3",NA,"Zfp11"
"Papss2",NA,"Zfhx3"
"Sap30",NA,"Phf21a"
"Eif3c",NA,"Nacc1"
"Ctdsp1",NA,"Zbtb11os1"
"Tatdn2",NA,"Sgsh"
"Acvr1",NA,"Kdm2b"
"Cisd3",NA,"Cmc4"
"Pdk4",NA,"Csnk2a1"
"Mt1",NA,"Rab4a"
"Gstm7",NA,"Fkbp1a"
"Adcy6",NA,"Rab26os"
"Kpna1",NA,"Gas5"
"Zfp740",NA,"Katnip"
"Dnajc5",NA,"Ranbp10"
"Cops6",NA,"Col27a1"
"Strip1",NA,"Ints5"
"Caprin1",NA,"Ap5z1"
"Pdpr",NA,"Far1"
"Nfib",NA,"Pcdhb22"
"St13",NA,"Pxk"
"Igf2bp2",NA,"Lmbrd1"
"Tmem245",NA,"Abhd10"
"Pigp",NA,"Abhd17a"
"Zfpm2",NA,"Gm36220"
"Ndufs1",NA,"Ptrh2"
"Ssh2",NA,"Hdgfl2"
"Atp5if1",NA,"Agap1"
"Ndufb7",NA,"Rhod"
"Smim27",NA,"Kctd13"
"Bach2",NA,"Chpf2"
"Hmmr",NA,"Rexo1"
"C1qbp",NA,"Dnajc13"
"Ergic1",NA,"Mttp"
"Tk1",NA,"Eef1akmt2"
"Ndufa2",NA,"Fgfr1"
"Ski",NA,"Dusp23"
"Gm43672",NA,"Ube2z"
"Tmem41b",NA,"Rufy3"
"Prkar2a",NA,"Mettl15"
"Lgals9",NA,"1700085D22Rik"
"Acaa1a",NA,"Rell1"
"Med20",NA,"Gtf2f2"
"Rb1",NA,"Fam3a"
"Renbp",NA,"Sp2"
"Cenatac",NA,"Fam120b"
"Anapc1",NA,"Onecut2"
"Irs1",NA,"Chtf8"
"Hibadh",NA,"Zfp157"
"Ptgr1",NA,"Cibar1"
"Cep20",NA,"Dnajc10"
"Cnn3",NA,"Mfap3"
"Mrc2",NA,"Tmem175"
"Tomm22",NA,"Fbxw8"
"Atxn2",NA,"Vps72"
"Mrpl4",NA,"Wdr18"
"S100b",NA,"Pmpca"
"Cmpk1",NA,"Csrp2"
"Osmr",NA,"Gm29688"
"Bcorl1",NA,"Tipin"
"Thbs1",NA,"Arpc5"
"Foxred1",NA,"Zfp821"
"Sec16b",NA,"Orai3"
"Polb",NA,"Gtpbp8"
"Pygl",NA,"Btf3"
"Tlcd3b",NA,"Crppa"
"Slc25a25",NA,"Vars1"
"Acox3",NA,"Ranbp6"
"Zfp770",NA,"Nr3c1"
"Ccng2",NA,"Tmem131l"
"BC005624",NA,"Shb"
"Itgbl1",NA,"Ssh3"
"C3",NA,"Baz1a"
"Ddr1",NA,"Znhit3"
"Cry1",NA,"Eml3"
"Sema5a",NA,"Ints3"
"Phf10",NA,"Tbca"
"Man2b2",NA,"Acot8"
"Phldb2",NA,"Arglu1"
"Acbd5",NA,"Slc26a6"
"Mgst2",NA,"Ctu1"
"Farsa",NA,"Kif13a"
"Stard7",NA,"Sugct"
"Nfrkb",NA,"Snx21"
"Lrrn4cl",NA,"Usf1"
"Adgrg2",NA,"Pomgnt1"
"Mfge8",NA,"Cc2d1b"
"Nrg4",NA,"Arnt"
"Mturn",NA,"Zfp954"
"Trib2",NA,"Pcnp"
"Hs6st2",NA,"Acad9"
"Lrch2",NA,"Ccdc112"
"Fggy",NA,"Tcirg1"
"Katna1",NA,"Rps27l"
"Micos13",NA,"Rragc"
"Ptprm",NA,"Slc39a14"
"Dnm3os",NA,"Slc4a2"
"Apmap",NA,"Ctbp2"
"Prps2",NA,"Rsl24d1"
"Eif1",NA,"Zfyve16"
"Sec22b",NA,"Carnmt1"
"Myl12a",NA,"Usp14"
"Gli2",NA,"Plcd1"
"Selenon",NA,"Dolpp1"
"Hdlbp",NA,"Frmd8os"
"Plxnd1",NA,"Hectd4"
"Rhbdf1",NA,"Faap20"
"Eif4e",NA,"Hdac2"
"Mrpl47",NA,"Tmem263"
"Cd109",NA,"Denr"
"Wdfy2",NA,"Ndufaf1"
"Glipr2",NA,"Xkr8"
"Aida",NA,"Rufy2"
"Tmem120b",NA,"Zfp266"
"Xpo7",NA,"Trp53rka"
"Ly96",NA,"Pard6g"
"Uqcr11",NA,"Ube4a"
"Rad23b",NA,"Wdr43"
"Eif2s2",NA,"Gm20186"
"Pcdh19",NA,"Zfp41"
"Ggta1",NA,"Skil"
"Sumf1",NA,"Dock1"
"Pkd2",NA,"Hmgcr"
"Ccm2",NA,"Sft2d3"
"Atp11b",NA,"Vamp3"
"Lzic",NA,"Hip1r"
"Capn2",NA,"Zmynd19"
"Dnajc21",NA,"Cops4"
"Cyb561d2",NA,"Csgalnact2"
"Nol7",NA,"Trpm7"
"Zfand5",NA,"Rhoc"
"Ces1f",NA,"Fnip2"
"Ltbp2",NA,"Riok2"
"Dync2li1",NA,"Slc17a5"
"Slc9a8",NA,"Arl16"
"Ptgis",NA,"Phf3"
"Dnaaf5",NA,"Dhx16"
"Ano6",NA,"Lrrc8a"
"Ncoa7",NA,"Man2a2"
"Ccdc28b",NA,"Cebpzos"
"Cybc1",NA,"Nelfcd"
"Stub1",NA,"Phf2"
"Rai14",NA,"Tomm5"
"Layn",NA,"Cyb5r3"
"Tent5b",NA,"Map2k7"
"Klhl33",NA,"Smad3"
"Gnpnat1",NA,"Actr3"
"Cox10",NA,"Mepce"
"Rxrb",NA,"Dram1"
"Cstf2",NA,"Atad1"
"Eed",NA,"Ppa2"
"Clybl",NA,"Chchd5"
"Cdc42",NA,"Slc35a2"
"Rxrg",NA,"Shmt2"
"Nt5dc2",NA,"Usp46"
"Arhgdib",NA,"Usp36"
"Dennd2b",NA,"Agbl3"
"Abcd3",NA,"Myd88"
"Mtres1",NA,"Pycr3"
"Zfp131",NA,"Apbb3"
"Afg1l",NA,"Amer1"
"Cdkn1a",NA,"Pnpla6"
"Slc35a3",NA,"Snrpb2"
"4931408D14Rik",NA,"Pfdn2"
"Kdsr",NA,"Stk35"
"Ift57",NA,"Akip1"
"Lrrc59",NA,"Mocs1"
"Ampd2",NA,"Chrac1"
"Afap1",NA,"Snord89"
"Eola1",NA,"Eea1"
"Camk2a",NA,"Canx"
"Zfp609",NA,"Phlpp2"
"Rgs4",NA,"Dpm3"
"Ivns1abp",NA,"Yipf5"
"Gpt",NA,"Taf1d"
"Obsl1",NA,"Pml"
"Sh3pxd2a",NA,"Pxn"
"Xpnpep1",NA,"Baiap2"
"Tbrg4",NA,"St6galnac4"
"Tbpl1",NA,"Ndfip1"
"Gnai2",NA,"Zbtb12"
"Prune1",NA,"Snx1"
"Wdr1",NA,"Stx18"
"Lamp1",NA,"Zmym4"
"Ctxnd1",NA,"Gabre"
"Fbxo8",NA,"Pnrc1"
"Btbd3",NA,"Ift22"
"2810004N23Rik",NA,"Orc6"
"Trim16",NA,"Srsf4"
"Ap2b1",NA,"Scaf8"
"Nrg1",NA,"Itpkb"
"Aebp1",NA,"Lacc1"
"Ucp2",NA,"Dpf2"
"Tgfbr2",NA,"Cnot9"
"9330020H09Rik",NA,"Tmco1"
"Anxa3",NA,"Park7"
"Plekhf1",NA,"Mat2a"
"Impdh2",NA,"Fn3krp"
"Rreb1",NA,"Atrnl1"
"Nos3",NA,"Zfp513"
"Numbl",NA,"Ggcx"
"Dnm1",NA,"Tdp1"
"Sdad1",NA,"Ppp3ca"
"Mpc2",NA,"Gaa"
"4930579G24Rik",NA,"Fam219b"
"ENSMUSG00000121883",NA,"Arrb2"
"Aldh3b1",NA,"Sp3os"
"Grem1",NA,"A430046D13Rik"
"Tmem50b",NA,"Hk1"
"Mrpl57",NA,"Macrod1"
"Zdhhc21",NA,"Rusc1"
"Dcst2",NA,"Rex1bd"
"Slc7a6",NA,"Gpx4"
"Cnot7",NA,"Anapc4"
"Mfn2",NA,"Msn"
"Ddi2",NA,"Limd1"
"Lsm1",NA,"Smad4"
"Hsdl2",NA,"Kdm6a"
"Pld3",NA,"Tceal8"
"Il6ra",NA,"Bak1"
"Fbxl3",NA,"Snf8"
"Gprin3",NA,"Dus1l"
"Vps37a",NA,"Mrps12"
"Camk2n2",NA,"Mast4"
"Wdr55",NA,"Numa1"
"Tmem165",NA,"Stat6"
"Map1a",NA,"Nt5c3"
"Naa10",NA,"Sdhd"
"Osgep",NA,"Toe1"
"Shisa4",NA,"Ankfy1"
"S100a8",NA,"Rhobtb3"
"Flt1",NA,"Sh3tc1"
"Antxr1",NA,"Tesk1"
"Oat",NA,"Shmt1"
"Bltp2",NA,"2610029K11Rik"
"Il4ra",NA,"Prkag1"
"Usf2",NA,"Ppp2r5c"
"Klhdc10",NA,"1700001O22Rik"
"Mpg",NA,"Cutc"
"Gm56864",NA,"Arpp19"
"Pef1",NA,"Ppp6r1"
"Mphosph6",NA,"Wipi1"
"Sgk1",NA,"Mast2"
"Ccdc9b",NA,"Serpinf1"
"Nudt9",NA,"Ifit3b"
"Evc",NA,"Tsc2"
"Taok1",NA,"Smc5"
"Arl6ip6",NA,"Gle1"
"Smim1",NA,"Gdi1"
"Gm50455",NA,"Hdac5"
"Atad3a",NA,"Repin1"
"Psma5",NA,"Commd2"
"Mfap5",NA,"Dhcr24"
"Prkrip1",NA,"Vars2"
"Med14",NA,"Leo1"
"Slc25a30",NA,"Car2"
"Ncor2",NA,"Large1"
"Znrf2",NA,"Ago1"
"Tubb4b",NA,"Zmat3"
"Hdhd2",NA,"Bptf"
"Endog",NA,"Msantd4"
"Nudt18",NA,"Mak16"
"Trim29",NA,"Anxa7"
"Mesd",NA,"Eef2kmt"
"Mrpl53",NA,"Rmnd5a"
"Hars1",NA,"Pik3r4"
"Taok3",NA,"Eif1a"
"Tmem29",NA,"Reep3"
"Tes",NA,"Tead2"
"Xrcc3",NA,"Zfp275"
"Ptgr2",NA,"Crebl2"
"Dusp14",NA,"Aasdhppt"
"Nsun3",NA,"Vps39"
"Golph3",NA,"Bag5"
"Cyp4v3",NA,"Phkb"
"Mxra7",NA,"Col4a2"
"Gm9951",NA,"Cdk2ap2"
"Swi5",NA,"Cxxc1"
"Tmbim1",NA,"Eif4a2"
"Ngf",NA,"Plcb3"
"Klhdc8a",NA,"Drosha"
"Pdp1",NA,"Uba52"
"Gucd1",NA,"Hmgxb3"
"Tcn2",NA,"Stim1"
"Plp2",NA,"Kpnb1"
"Chmp1b2",NA,"Dnajc19"
"Ctsa",NA,"Arid4b"
"Qsox1",NA,"Casd1"
"Usp16",NA,"Taf1b"
"Gm54867",NA,"Sec61a1"
"Polr2f",NA,"Snrpa1"
"Borcs6",NA,"B3glct"
"Smarca2",NA,"Litaf"
"Boc",NA,"Vps11"
"Banf1",NA,"Pofut1"
"Mertk",NA,"Commd8"
"Pxmp2",NA,"Cep170"
"Bet1",NA,"Abcb8"
"Gm57137",NA,"Brf1"
"Sirt2",NA,"Glrx3"
"Mtfr1",NA,"Rnf220"
"Mrs2",NA,"Eepd1"
"Hacd1",NA,"Tln1"
"Hmgn3",NA,"Pip4k2c"
"Sptssa",NA,"Llgl1"
"Riox2",NA,"Smg6"
"Chmp4b",NA,"Actr1b"
"H4c9",NA,"Timm17b"
"Zbed4",NA,"Slit3"
"Pick1",NA,"Rtf1"
"S1pr1",NA,"Mrpl28"
"Ifitm6",NA,"Katnal1"
"Mtch2",NA,"Ubfd1"
"Vps13a",NA,"Bud23"
"Diaph1",NA,"2310011J03Rik"
"Rita1",NA,"Clip1"
"Ing2",NA,"Rpl34"
"Cdc25b",NA,"Fam13a"
"Atp2b4",NA,"Ate1"
"Paf1",NA,"Atp6v1g1"
"Gm17501",NA,"Aurkaip1"
"Raph1",NA,"Rps27a"
"Garnl3",NA,"Bmpr1a"
"Bbip1",NA,"Trim37"
"P2ry10b",NA,"Fip1l1"
"Slc35f5",NA,"Ap1s1"
"Rgl2",NA,"Abhd13"
"Amot",NA,"Clmp"
"Emc8",NA,"Rheb"
"Tpra1",NA,"Abhd4"
"Rspo2",NA,"Nxn"
"Arap1",NA,"Ptges3"
"Tmem106c",NA,"Larp1"
"Masp1",NA,"Tlk1"
"Tmed3",NA,"Adipor1"
"P4ha3",NA,"Klf3"
"Elp5",NA,"Reep5"
"Trp53inp1",NA,"Rarg"
"Mrps5",NA,"Vps26c"
"C2cd2",NA,"Pigm"
"Rab3il1",NA,"Fam20b"
"Rbl2",NA,"Grn"
"Ppp1r21",NA,"Tm2d3"
"Ewsr1",NA,"Yme1l1"
"Cox8a",NA,"Ppm1g"
"Aip",NA,"Amfr"
"Peg13",NA,"Mettl21a"
"Dpp7",NA,"Ubap2l"
"Tent4b",NA,"Gm15459"
"Sel1l",NA,"Psmb7"
"Eif4g2",NA,"Gskip"
"Gstm1",NA,"Mrps21"
"Znhit1",NA,"Ddx49"
"Hdgfl3",NA,"Naaa"
"Tgfb3",NA,"Retn"
"Ebna1bp2",NA,"Cd59a"
"Slc43a2",NA,"Ostc"
"Pgbd1",NA,"Tacc1"
"Nat8f3",NA,"Surf1"
"Cox17",NA,"Cops5"
"Tmem256",NA,"Ppp1ca"
"Gm57383",NA,"Gadd45gip1"
"Tmem19",NA,"Hbp1"
"Stk38",NA,"Cox18"
"Cdk16",NA,"Set"
"Fkbp14",NA,"Ube2e3"
"Speg",NA,"Rpsa"
"Agpat4",NA,"Ifi27"
"Dmtn",NA,"Phf20l1"
"Rpl10a",NA,"Phax"
"Pex1",NA,"Tprg1l"
"Wapl",NA,"Brd3"
"Rbbp9",NA,"Zfp207"
"Pacs2",NA,"Stat1"
"Dbi",NA,"Mylk"
"Ppcs",NA,"Abcg1"
"Scrn1",NA,"Smndc1"
"Hsf2",NA,"Scyl1"
"Mtfr1l",NA,"Oaz2"
"Trip6",NA,"S100a13"
"Pam",NA,"Trappc3"
"Slc31a1",NA,"Arhgdia"
"Romo1",NA,"Tgfbr3"
"Acadsb",NA,"Tmx4"
"Prpf19",NA,"Hsp90b1"
"Cd276",NA,"Epm2aip1"
"Nat8f1",NA,"Trir"
"Sgpl1",NA,"Egln2"
"Mthfsl",NA,"Scamp1"
"Plxna1",NA,"ENSMUSG00000121749"
"Tmem198b",NA,"Rac1"
"Tmem59",NA,"Hspb6"
"Irx3",NA,"Ubn1"
"Thumpd1",NA,"D8Ertd738e"
"Ndn",NA,"Slmap"
"Mtpap",NA,"Glyr1"
"Nedd4",NA,"Psmd8"
"Gm47595",NA,"Ddx27"
"Arsk",NA,"Calm2"
"Fam210b",NA,"Baz1b"
"Cebpa",NA,"Rbx1"
"Rhbdf2",NA,"Gm10263"
"Mtap",NA,"H2-D1"
"Fndc10",NA,"Pabpc1"
"Csrp1",NA,"H1f2"
"Zmynd8",NA,"Med13l"
"Znrf1",NA,"Mrpl10"
"Ptk2b",NA,"Cct5"
"Nlgn2",NA,"Col4a1"
"B3gnt9",NA,"Eif4ebp1"
"Abraxas1",NA,"Lgals3bp"
"Gamt",NA,"Cbx5"
"Apln",NA,NA
"Sdc4",NA,NA
"Sez6",NA,NA
"Qrsl1",NA,NA
"Nt5c",NA,NA
"Pip4p2",NA,NA
"Ndufb2",NA,NA
"Rcl1",NA,NA
"Mxd4",NA,NA
"Chst14",NA,NA
"Gm56936",NA,NA
"Pla2g7",NA,NA
"Abhd18",NA,NA
"Kras",NA,NA
"Arfgef2",NA,NA
"Akirin2",NA,NA
"Snx17",NA,NA
"Cbx7",NA,NA
"Ube2b",NA,NA
"Unc5c",NA,NA
"Ccdc85c",NA,NA
"Ldb1",NA,NA
"Pak1ip1",NA,NA
"Arhgap6",NA,NA
"Tmcc3",NA,NA
"Ammecr1l",NA,NA
"Ninl",NA,NA
"Cnpy2",NA,NA
"Rbbp7",NA,NA
"Prkag2",NA,NA
"C1rl",NA,NA
"Dnajc11",NA,NA
"Atpaf2",NA,NA
"Tmigd1",NA,NA
"Ppic",NA,NA
"Lmf2",NA,NA
"Krt36",NA,NA
"Yju2b",NA,NA
"1700084E18Rik",NA,NA
"Cux1",NA,NA
"mt-Tp",NA,NA
"Slc25a44",NA,NA
"Leng1",NA,NA
"Ifi204",NA,NA
"Fmo1",NA,NA
"Zdhhc5",NA,NA
"Uqcrb",NA,NA
"Iba57",NA,NA
"St3gal5",NA,NA
"Cdc42ep5",NA,NA
"Papola",NA,NA
"Gapvd1",NA,NA
"Slc44a2",NA,NA
"Snrpd3",NA,NA
"Calhm2",NA,NA
"Igf2bp3",NA,NA
"Fyttd1",NA,NA
"Psmb8",NA,NA
"Dnajc16",NA,NA
"Gas2l3",NA,NA
"Zfp395",NA,NA
"Pals2",NA,NA
"Uqcrfs1",NA,NA
"Pop7",NA,NA
"Higd2a",NA,NA
"Grpel2",NA,NA
"Map2",NA,NA
"mt-Tl2",NA,NA
"Psd3",NA,NA
"Inpp5k",NA,NA
"Ppp1r1a",NA,NA
"Vwa5a",NA,NA
"Cradd",NA,NA
"Sptan1",NA,NA
"Fut11",NA,NA
"Ppp1r12b",NA,NA
"Ier5l",NA,NA
"Pde1b",NA,NA
"Ercc5",NA,NA
"3300005D01Rik",NA,NA
"Tmem167",NA,NA
"Arhgef10",NA,NA
"Ddr2",NA,NA
"Pak3",NA,NA
"Exoc3",NA,NA
"Chuk",NA,NA
"C1qtnf6",NA,NA
"Ammecr1",NA,NA
"Leprot",NA,NA
"2200002D01Rik",NA,NA
"Gm9794",NA,NA
"Slco3a1",NA,NA
"Pcyt2",NA,NA
"Psma2",NA,NA
"Cdc25a",NA,NA
"Xpot",NA,NA
"Szrd1",NA,NA
"Bysl",NA,NA
"Ndufs6",NA,NA
"Ikbip",NA,NA
"Cul7",NA,NA
"Rab5c",NA,NA
"Stk40",NA,NA
"Kctd9",NA,NA
"Ip6k3",NA,NA
"Spon2",NA,NA
"ENSMUSG00000121347_Gm2011",NA,NA
"Wipi2",NA,NA
"Nsa2",NA,NA
"Etv1",NA,NA
"Niban2",NA,NA
"Prpf18",NA,NA
"Erp29",NA,NA
"Nmnat2",NA,NA
"Cpe",NA,NA
"Ankzf1",NA,NA
"Zranb2",NA,NA
"Ppp3r1",NA,NA
"Fam107b",NA,NA
"Gpd1l",NA,NA
"Myo1e",NA,NA
"Clip3",NA,NA
"Fam53b",NA,NA
"Nol6",NA,NA
"Cebpd",NA,NA
"Aifm1",NA,NA
"Aco1",NA,NA
"Gabpa",NA,NA
"Apobec3",NA,NA
"Agpat5",NA,NA
"Topbp1",NA,NA
"Mef2d",NA,NA
"Gsk3b",NA,NA
"Slc25a22",NA,NA
"Smurf2",NA,NA
"Etv3",NA,NA
"Negr1",NA,NA
"Carhsp1",NA,NA
"Tmem216",NA,NA
"Rbm39",NA,NA
"Natd1",NA,NA
"Gm7049",NA,NA
"Mogs",NA,NA
"Mgst3",NA,NA
"Ikbke",NA,NA
"B4galt5",NA,NA
"Sumf2",NA,NA
"Mlf2",NA,NA
"Ugcg",NA,NA
"Ubiad1",NA,NA
"Cnst",NA,NA
"Nedd8",NA,NA
"Epdr1",NA,NA
"Glrx",NA,NA
"Ndufb4",NA,NA
"C1s1",NA,NA
"Elob",NA,NA
"Crip2",NA,NA
"Tmem63a",NA,NA
"Epb41l3",NA,NA
"Nme1",NA,NA
"Asap1",NA,NA
"Mocs2",NA,NA
"Sbsn",NA,NA
"Rhbdd1",NA,NA
"Camta1",NA,NA
"Hpcal1",NA,NA
"Tmem109",NA,NA
"Cstpp1",NA,NA
"Tiam1",NA,NA
"Fbxo34",NA,NA
"Suz12",NA,NA
"Marf1",NA,NA
"Zcrb1",NA,NA
"Ptgr3",NA,NA
"Ak6",NA,NA
"Junos",NA,NA
"Cbfb",NA,NA
"Mrpl34",NA,NA
"Tle3",NA,NA
"Csde1",NA,NA
"Stam2",NA,NA
"Fem1a",NA,NA
"Ap3m1",NA,NA
"Bag1",NA,NA
"Ocel1",NA,NA
"Meis2",NA,NA
"Eif6",NA,NA
"Lman2",NA,NA
"Pxmp4",NA,NA
"Ddx3x",NA,NA
"Map4",NA,NA
"C2cd2l",NA,NA
"Traf4",NA,NA
"Mex3a",NA,NA
"Col5a1",NA,NA
"Ldhb",NA,NA
"Pias4",NA,NA
"Nol4",NA,NA
"Gm56945",NA,NA
"Sesn2",NA,NA
"Sephs2",NA,NA
"Gm43703",NA,NA
"Kdm4a",NA,NA
"Agrn",NA,NA
"Nploc4",NA,NA
"Dtx3",NA,NA
"Plbd2",NA,NA
"Hspd1-ps3",NA,NA
"ENSMUSG00000121445",NA,NA
"Actb",NA,NA
"Sema3f",NA,NA
"Coa7",NA,NA
"Lctl",NA,NA
"Nsun2",NA,NA
"Mtf1",NA,NA
"Atp5mj",NA,NA
"Cenpt",NA,NA
"Larp4",NA,NA
"Trim65",NA,NA
"Bri3",NA,NA
"Bltp3b",NA,NA
"Dbt",NA,NA
"Rars2",NA,NA
"Saraf",NA,NA
"Abcb6",NA,NA
"Med22",NA,NA
"Mpst",NA,NA
"Gnptg",NA,NA
"Fam13c",NA,NA
"Dtnbp1",NA,NA
"Myh11",NA,NA
"Polr2c",NA,NA
"Washc5",NA,NA
"Galk1",NA,NA
"Tbc1d14",NA,NA
"Gm4419",NA,NA
"Cyp2u1",NA,NA
"Cbl",NA,NA
"Psme2",NA,NA
"Bpnt1",NA,NA
"Ndufb11",NA,NA
"Ap4s1",NA,NA
"Ganab",NA,NA
"Ech1",NA,NA
"Nab2",NA,NA
"Tmem242",NA,NA
"Samhd1",NA,NA
"Zbtb8a",NA,NA
"Exosc4",NA,NA
"Mrpl30",NA,NA
"Tshr",NA,NA
"Mob3b",NA,NA
"Gm26670",NA,NA
"Rad21",NA,NA
"Car6",NA,NA
"Mycbp",NA,NA
"Il33",NA,NA
"Fam20a",NA,NA
"Gga2",NA,NA
"Psmd2",NA,NA
"Cers6",NA,NA
"Plekhh2",NA,NA
"Dixdc1",NA,NA
"M1ap",NA,NA
"Sash1",NA,NA
"Derl2",NA,NA
"Eif4e3",NA,NA
"Met",NA,NA
"Abi2",NA,NA
"Tmem33",NA,NA
"Brd9",NA,NA
"Fhl3",NA,NA
"Gm56906",NA,NA
"Rnf215",NA,NA
"Phldb1",NA,NA
"Txndc9",NA,NA
"Yars2",NA,NA
"Eif2b5",NA,NA
"2310039H08Rik",NA,NA
"Zfp638",NA,NA
"Timm44",NA,NA
"Ube2f",NA,NA
"Tprkb",NA,NA
"Sgpp1",NA,NA
"Eeig1",NA,NA
"Slc46a3",NA,NA
"Zfp639",NA,NA
"Lnx2",NA,NA
"Cygb",NA,NA
"Plk1",NA,NA
"Lmln",NA,NA
"Ap4b1",NA,NA
"Gm57341",NA,NA
"Clec3b",NA,NA
"Ttyh2",NA,NA
"Egr2",NA,NA
"Gfer",NA,NA
"Map1lc3b",NA,NA
"Hmox2",NA,NA
"BC051226",NA,NA
"Ifitm3",NA,NA
"Ssrp1",NA,NA
"B4galt3",NA,NA
"Gcsh",NA,NA
"Ctsf",NA,NA
"Mapre3",NA,NA
"G430095P16Rik",NA,NA
"Stradb",NA,NA
"Pde4d",NA,NA
"Tysnd1",NA,NA
"Mtln",NA,NA
"Mgst1",NA,NA
"Spty2d1",NA,NA
"Zfand6",NA,NA
"Dgat2",NA,NA
"Ccdc124",NA,NA
"Chmp1a",NA,NA
"Ndst1",NA,NA
"Zfp672",NA,NA
"Pcgf3",NA,NA
"Psmc1",NA,NA
"Tmem43",NA,NA
"Mrpl55",NA,NA
"Rif1",NA,NA
"Tmem14a",NA,NA
"Thbs2",NA,NA
"Lox",NA,NA
"Sap30l",NA,NA
"Metap1",NA,NA
"Oma1",NA,NA
"Lamc2",NA,NA
"Lrig1",NA,NA
"Evi5",NA,NA
"Wdr27",NA,NA
"Zbtb47",NA,NA
"Dusp4",NA,NA
"Ift81",NA,NA
"Plin1",NA,NA
"Uqcc1",NA,NA
"Ttc21b",NA,NA
"Gm4117",NA,NA
"Zbtb7a",NA,NA
"Rnf166",NA,NA
"Swap70",NA,NA
"Hinfp",NA,NA
"Cox6b1",NA,NA
"Prickle3",NA,NA
"Habp4",NA,NA
"Fhod1",NA,NA
"Xpnpep3",NA,NA
"Psme3",NA,NA
"Slc7a11",NA,NA
"Dnajc7",NA,NA
"Arl4c",NA,NA
"Nuak1",NA,NA
"Ldlr",NA,NA
"Atp6v0e2",NA,NA
"Aldh3b2",NA,NA
"Mirt2",NA,NA
"Bex3",NA,NA
"Rpl21",NA,NA
"Nucb2",NA,NA
"Dgke",NA,NA
"BC031181",NA,NA
"Chrna2",NA,NA
"H2-M3",NA,NA
"Atp2a2",NA,NA
"Pank1",NA,NA
"Aldh4a1",NA,NA
"Shox2",NA,NA
"Vldlr",NA,NA
"Acaa1b",NA,NA
"Zdhhc13",NA,NA
"Bri3bp",NA,NA
"Map1b",NA,NA
"Slc7a1",NA,NA
"Gm19531",NA,NA
"Spcs3",NA,NA
"Nmral1",NA,NA
"Pum1",NA,NA
"Adamtsl5",NA,NA
"Ndufs7",NA,NA
"Tnc",NA,NA
"Epb41l4a",NA,NA
"Mrpl48-ps",NA,NA
"Ro60",NA,NA
"Cuedc1",NA,NA
"Adarb1",NA,NA
"Lamb2",NA,NA
"Taf6l",NA,NA
"Rrn3",NA,NA
"Adamts9",NA,NA
"Klhl5",NA,NA
"Nme6",NA,NA
"Gpbp1l1",NA,NA
"Sdhaf3",NA,NA
"Bbs2",NA,NA
"Tcea1",NA,NA
"Arhgap28",NA,NA
"Dtna",NA,NA
"Fabp12",NA,NA
"Rassf2",NA,NA
"Purb",NA,NA
"Nfu1",NA,NA
"Peg10",NA,NA
"Asb1",NA,NA
"Txnip",NA,NA
"Crlf2",NA,NA
"Thap11",NA,NA
"Ndufs8",NA,NA
"Zfp706",NA,NA
"Fxyd1",NA,NA
"Bnip2",NA,NA
"Slc19a1",NA,NA
"Gxylt2",NA,NA
"Map2k6",NA,NA
"Osbpl2",NA,NA
"Pole3",NA,NA
"Gdf5",NA,NA
"Pigq",NA,NA
"Uhmk1",NA,NA
"Jund",NA,NA
"Myo5a",NA,NA
"Ppip5k2",NA,NA
"Ndufaf3",NA,NA
"Anxa11",NA,NA
"Ubxn1",NA,NA
"Ddx39a",NA,NA
"Ptx3",NA,NA
"Psrc1",NA,NA
"Ilk",NA,NA
"Tapbpl",NA,NA
"Efna2",NA,NA
"Mrpl58",NA,NA
"Cep85l",NA,NA
"F11r",NA,NA
"Foxn3",NA,NA
"Junb",NA,NA
"Ddost",NA,NA
"Rsl1d1",NA,NA
"Nars1",NA,NA
"Wdr26",NA,NA
"Ano10",NA,NA
"Polm",NA,NA
"Rrm2b",NA,NA
"Ubp1",NA,NA
"Ddhd2",NA,NA
"Myadm",NA,NA
"Ss18l2",NA,NA
"Mettl3",NA,NA
"Alms1",NA,NA
"Mrpl16",NA,NA
"Mau2",NA,NA
"Cnpy3",NA,NA
"Fam114a2",NA,NA
"Dnttip1",NA,NA
"Cplx2",NA,NA
"Luc7l2",NA,NA
"Hdgf",NA,NA
"Mnat1",NA,NA
"Trmt2b",NA,NA
"1600012H06Rik",NA,NA
"Arfrp1",NA,NA
"Rbm14",NA,NA
"Slc18b1",NA,NA
"Fam135a",NA,NA
"4833419F23Rik",NA,NA
"Nlrc5",NA,NA
"Lamtor1",NA,NA
"Ltbp1",NA,NA
"Setd1b",NA,NA
"Tst",NA,NA
"Gmcl1",NA,NA
"Ints6",NA,NA
"Trmu",NA,NA
"Kcnk2",NA,NA
"Man1a2",NA,NA
"Hadh",NA,NA
"Ist1",NA,NA
"Yrdc",NA,NA
"Tspan5",NA,NA
"Rpp14",NA,NA
"Arhgap27",NA,NA
"Kctd10",NA,NA
"Cnppd1",NA,NA
"Syvn1",NA,NA
"Pik3cb",NA,NA
"Zfp979",NA,NA
"Gas8",NA,NA
"Acvrl1",NA,NA
"Nmt1",NA,NA
"Prkca",NA,NA
"Laptm4b",NA,NA
"Armc9",NA,NA
"Armc10",NA,NA
"Phyh",NA,NA
"St3gal3",NA,NA
"Tulp3",NA,NA
"Aimp2",NA,NA
"Erlec1",NA,NA
"Clp1",NA,NA
"Ppara",NA,NA
"Jarid2",NA,NA
"Pou2af3",NA,NA
"Dleu2",NA,NA
"Rps6ka1",NA,NA
"Rpl5",NA,NA
"Pds5b",NA,NA
"Snx9",NA,NA
"Tubg1",NA,NA
"Vamp4",NA,NA
"Ube3c",NA,NA
"Fcf1",NA,NA
"Sdhc",NA,NA
"Gk",NA,NA
"Dock5",NA,NA
"Rtn4ip1",NA,NA
"Mn1",NA,NA
"Orc2",NA,NA
"Tradd",NA,NA
"Slc36a1",NA,NA
"Edem2",NA,NA
"Pkdcc",NA,NA
"Ndufa7",NA,NA
"Dlgap4",NA,NA
"Cklf",NA,NA
"Shisa5",NA,NA
"Rara",NA,NA
"Gm14586",NA,NA
"Atp5me",NA,NA
"Jagn1",NA,NA
"Ybx3",NA,NA
"Ifngr2",NA,NA
"Cma1",NA,NA
"Tpm3",NA,NA
"Polr2g",NA,NA
"Mbnl3",NA,NA
"Serhl",NA,NA
"Comtd1",NA,NA
"Tia1",NA,NA
"Gm9892",NA,NA
"Nek7",NA,NA
"Gprc5b",NA,NA
"Mief1",NA,NA
"Trmt61b",NA,NA
"Plekha3",NA,NA
"Gosr2",NA,NA
"Nid2",NA,NA
"Ctsb",NA,NA
"Nicn1",NA,NA
"Pbx3",NA,NA
"Usp38",NA,NA
"Rapgef3",NA,NA
"Dhx33",NA,NA
"Arhgap10",NA,NA
"Map3k1",NA,NA
"Tmem202",NA,NA
"Ezr",NA,NA
"Ncs1",NA,NA
"Sting1",NA,NA
"Ndufaf8",NA,NA
"Nfe2l2",NA,NA
"Ctnnal1",NA,NA
"Prkaca",NA,NA
"Ephb2",NA,NA
"Ube3b",NA,NA
"Kank1",NA,NA
"Hcar1",NA,NA
"Tbc1d13",NA,NA
"Creb3l2",NA,NA
"Loxl4",NA,NA
"Pals1",NA,NA
"Cox14",NA,NA
"Coq10b",NA,NA
"Dnajc18",NA,NA
"Bclaf1",NA,NA
"Gpsm1",NA,NA
"Ralgapa2",NA,NA
"Idh3b",NA,NA
"Pid1",NA,NA
"Mark2",NA,NA
"Pak1",NA,NA
"Ankrd1",NA,NA
"Zxdc",NA,NA
"Ctnnd1",NA,NA
"Kifap3",NA,NA
"Cdk2",NA,NA
"Cdkn3",NA,NA
"Sarnp",NA,NA
"Frey1",NA,NA
"Coq7",NA,NA
"Slc22a4",NA,NA
"Rps7",NA,NA
"Pknox1",NA,NA
"Coq6",NA,NA
"Mpdz",NA,NA
"Ggh",NA,NA
"Steap2",NA,NA
"Mrpl46",NA,NA
"Nrbf2",NA,NA
"Slc66a2",NA,NA
"Desi2",NA,NA
"Pnpla7",NA,NA
"Fzr1",NA,NA
"2210016L21Rik",NA,NA
"Ldlrap1",NA,NA
"Prrx2",NA,NA
"Zfp111",NA,NA
"Ndc1",NA,NA
"Thyn1",NA,NA
"Ebp",NA,NA
"Gtf3c1",NA,NA
"Lgmn",NA,NA
"Ahi1",NA,NA
"Ociad1",NA,NA
"Hlcs",NA,NA
"Stxbp3",NA,NA
"Ipo4",NA,NA
"Taf4b",NA,NA
"Zfp768",NA,NA
"Siva1",NA,NA
"Zfp521",NA,NA
"Wipf1",NA,NA
"Yif1a",NA,NA
"Rnd1",NA,NA
"Sf3b1",NA,NA
"Smyd3",NA,NA
"Gm6682",NA,NA
"Pcdh9",NA,NA
"Pmm2",NA,NA
"Nomo1",NA,NA
"Col4a5",NA,NA
"Aff3",NA,NA
"Plekhm2",NA,NA
"Mgll",NA,NA
"Scpep1",NA,NA
"Nherf2",NA,NA
"Pyroxd2",NA,NA
"Lmo7",NA,NA
"Sdha",NA,NA
"Tmem259",NA,NA
"Iars1",NA,NA
"Irak1",NA,NA
"Arpc1a",NA,NA
"Prr5",NA,NA
"Ndufv3",NA,NA
"Rps3a1",NA,NA
"Adcy3",NA,NA
"Extl3",NA,NA
"Tmem161b",NA,NA
"Lipt1",NA,NA
"Gart",NA,NA
"Dgkq",NA,NA
"Nusap1",NA,NA
"LTO1",NA,NA
"Slc7a5",NA,NA
"Mrps9",NA,NA
"Lrp11",NA,NA
"Ptpn22",NA,NA
"Gm5131",NA,NA
"Sgms1",NA,NA
"Klhdc2",NA,NA
"Mtch1",NA,NA
"Hbegf",NA,NA
"Hectd3",NA,NA
"Parp16",NA,NA
"Nkiras2",NA,NA
"ENSMUSG00000121788_4930431P19Rik",NA,NA
"Srd5a1",NA,NA
"Snx24",NA,NA
"Kif3b",NA,NA
"Itgav",NA,NA
"Mecr",NA,NA
"Tkt",NA,NA
"Abcg2",NA,NA
"Eif4g1",NA,NA
"Il6st",NA,NA
"H4c14",NA,NA
"1500011B03Rik",NA,NA
"Ydjc",NA,NA
"Gm42067",NA,NA
"Akna",NA,NA
"Mef2b",NA,NA
"Nxpe3",NA,NA
"Zbtb5",NA,NA
"Acsf3",NA,NA
"Stxbp4",NA,NA
"Tvp23a",NA,NA
"Yeats2",NA,NA
"Nuak2",NA,NA
"Ccne2",NA,NA
"Gm7859",NA,NA
"Nadk",NA,NA
"Ap2s1",NA,NA
"mt-Tv",NA,NA
"Ccn2",NA,NA
"Efemp2",NA,NA
"Cdsn",NA,NA
"Meis1",NA,NA
"Trappc5",NA,NA
"Mmgt2",NA,NA
"Cfap20",NA,NA
"Eif3e",NA,NA
"Slc39a11",NA,NA
"Nav3",NA,NA
"Phtf1",NA,NA
"Dda1",NA,NA
"Rabgap1l",NA,NA
"Csrnp1",NA,NA
"Gm30108",NA,NA
"Gm45218",NA,NA
"Keap1",NA,NA
"Mea1",NA,NA
"Spink10",NA,NA
"Eef1e1",NA,NA
"Etfrf1",NA,NA
"Epas1",NA,NA
"C130036L24Rik",NA,NA
"Snx33",NA,NA
"Jmjd1c",NA,NA
"Atg16l1",NA,NA
"Slc25a14",NA,NA
"Ptrh1",NA,NA
"Mlycd",NA,NA
"Ift74",NA,NA
"Wdfy1",NA,NA
"Klhl26",NA,NA
"Entrep3",NA,NA
"Lmbrd2",NA,NA
"Gja1",NA,NA
"Pex6",NA,NA
"Cyth1",NA,NA
"Pdgfa",NA,NA
"Laptm4a",NA,NA
"Mon1b",NA,NA
"Sfxn4",NA,NA
"6820445E23Rik",NA,NA
"Aga",NA,NA
"Map4k3",NA,NA
"Lars1",NA,NA
"Atp6v0a2",NA,NA
"Insr",NA,NA
"Klf2",NA,NA
"Larp4b",NA,NA
"ENSMUSG00000121679",NA,NA
"Atp6v1h",NA,NA
"Pnpo",NA,NA
"Gm57238",NA,NA
"Dohh",NA,NA
"Ppp1cb",NA,NA
"Cdc34",NA,NA
"Frmd6",NA,NA
"Sptlc1",NA,NA
"Tmem14c",NA,NA
"Irak1bp1",NA,NA
"Cyb561a3",NA,NA
"Chac1",NA,NA
"Glis3",NA,NA
"Tufm",NA,NA
"Strap",NA,NA
"Cacnb3",NA,NA
"Tmem209",NA,NA
"Nek8",NA,NA
"Prickle1",NA,NA
"Tmem53",NA,NA
"Raly",NA,NA
"Prr14",NA,NA
"Cnrip1",NA,NA
"Aqp5",NA,NA
"Mief2",NA,NA
"Gng11",NA,NA
"Slc25a26",NA,NA
"Atp1b3",NA,NA
"Cand2",NA,NA
"B9d1",NA,NA
"Dnm1l",NA,NA
"Sil1",NA,NA
"Ivd",NA,NA
"Cpq",NA,NA
"Gm31070",NA,NA
"Mrps17",NA,NA
"Smo",NA,NA
"Cpsf6",NA,NA
"Kmt5c",NA,NA
"Rad9b",NA,NA
"Vps16",NA,NA
"Qars1",NA,NA
"Zfp9",NA,NA
"Rasgef1b",NA,NA
"Tfe3",NA,NA
"Daam1",NA,NA
"Peds1",NA,NA
"Gm49017",NA,NA
"Arl2",NA,NA
"Glul",NA,NA
"Plin4",NA,NA
"Dhcr7",NA,NA
"Luc7l",NA,NA
"Hyi",NA,NA
"Supt6",NA,NA
"Abi3bp",NA,NA
"Rasa4",NA,NA
"Zfp346",NA,NA
"P2rx3",NA,NA
"Ryk",NA,NA
"Rhbdd2",NA,NA
"Supv3l1",NA,NA
"Mmp3",NA,NA
"Atrn",NA,NA
"Dcbld1",NA,NA
"Tspan6",NA,NA
"Calm3",NA,NA
"Scn1b",NA,NA
"Ghdc",NA,NA
"Twist1",NA,NA
"Rbm15b",NA,NA
"Ankrd11",NA,NA
"Pink1",NA,NA
"Rnf4",NA,NA
"Ppdpf",NA,NA
"Cyp2ab1",NA,NA
"Ciao2b",NA,NA
"Fuom",NA,NA
"Lyrm4",NA,NA
"Sesn3",NA,NA
"Dennd2d",NA,NA
"Nudt14",NA,NA
"Khk",NA,NA
"Slc25a19",NA,NA
"Ndufb9",NA,NA
"Pdlim7",NA,NA
"Rab3ip",NA,NA
"Gm57386",NA,NA
"Gm20632",NA,NA
"Dipk1a",NA,NA
"Cdc42bpg",NA,NA
"Scn2a",NA,NA
"Hspa8",NA,NA
"Btaf1",NA,NA
"Vma21",NA,NA
"Tstd2",NA,NA
"Hr",NA,NA
"Cep290",NA,NA
"Stard4",NA,NA
"Ntmt1",NA,NA
"Pias1",NA,NA
"Tex2",NA,NA
"Jak1",NA,NA
"Gnai3",NA,NA
"Atp13a3",NA,NA
"Clcn6",NA,NA
"Sec11c",NA,NA
"mt-Tq",NA,NA
"Klf11",NA,NA
"Cltb",NA,NA
"Fam171a2",NA,NA
"Rngtt",NA,NA
"Il11ra1",NA,NA
"Lta4h",NA,NA
"Eif4e2",NA,NA
"Rnf145",NA,NA
"Nlrp2",NA,NA
"Peli3",NA,NA
"Brpf1",NA,NA
"Atg16l2",NA,NA
"Fbxl12",NA,NA
"1700025G04Rik",NA,NA
"Chic1",NA,NA
"Cmc2",NA,NA
"Tns3",NA,NA
"Ddx19a",NA,NA
"Cript",NA,NA
"G3bp2",NA,NA
"Abhd11",NA,NA
"ENSMUSG00000121407_Gm6345",NA,NA
"Smpd4",NA,NA
"Sdf2",NA,NA
"Tigar",NA,NA
"Nudt12",NA,NA
"Capn10",NA,NA
"Garin1a",NA,NA
"Gm50069",NA,NA
"Mpi",NA,NA
"Srsf9",NA,NA
"Csnk2a1-ps3",NA,NA
"Spink5",NA,NA
"Wrnip1",NA,NA
"Rad1",NA,NA
"Rprd1b",NA,NA
"Bahd1",NA,NA
"Uqcc4",NA,NA
"Pappa",NA,NA
"Eda2r",NA,NA
"C1s2",NA,NA
"Limch1",NA,NA
"Edf1",NA,NA
"Atp10d",NA,NA
"Hdac10",NA,NA
"Sdcbp",NA,NA
"Fastk",NA,NA
"Lyrm7",NA,NA
"Tmem140",NA,NA
"Wtip",NA,NA
"Tfap4",NA,NA
"Ypel3",NA,NA
"Slc29a3",NA,NA
"Gypc",NA,NA
"Mccc1",NA,NA
"Kat7",NA,NA
"Gtf2i",NA,NA
"Upf3b",NA,NA
"Prmt2",NA,NA
"Map3k6",NA,NA
"Fzd3",NA,NA
"Gm43254",NA,NA
"Sned1",NA,NA
"Slc16a10",NA,NA
"Zc3h7b",NA,NA
"Apoe",NA,NA
"Cyren",NA,NA
"Zfp747",NA,NA
"Pomgnt2",NA,NA
"Gm44771",NA,NA
"Twsg1",NA,NA
"Mir100hg",NA,NA
"Cops3",NA,NA
"Spry4",NA,NA
"Daam2",NA,NA
"Eif4b",NA,NA
"Aurka",NA,NA
"Vasp",NA,NA
"Preb",NA,NA
"Bok",NA,NA
"Cdc42ep4",NA,NA
"Isoc2b",NA,NA
"Gabarapl1",NA,NA
"Wdr5b",NA,NA
"Kcnk3",NA,NA
"Slc38a6",NA,NA
"Hsd17b10",NA,NA
"Slc3a2",NA,NA
"Stat5b",NA,NA
"Ackr3",NA,NA
"Kansl1l",NA,NA
"Clip2",NA,NA
"Capzb",NA,NA
"Fam204a",NA,NA
"Mvb12a",NA,NA
"Exd1",NA,NA
"Tmem164",NA,NA
"Zfp68",NA,NA
"Armc5",NA,NA
"Gas2",NA,NA
"Stc1",NA,NA
"Frk",NA,NA
"Mrps16",NA,NA
"Slc1a4",NA,NA
"Cbx1",NA,NA
"Pcbp4",NA,NA
"Lce1g",NA,NA
"6030458C11Rik",NA,NA
"Vwa8",NA,NA
"Fntb",NA,NA
"Tmem106a",NA,NA
"Tmem201",NA,NA
"AA465934",NA,NA
"Rabac1",NA,NA
"Caprin2",NA,NA
"Ywhaz",NA,NA
"Tsc22d1",NA,NA
"Naga",NA,NA
"Arhgap35",NA,NA
"Nup85",NA,NA
"Foxk2",NA,NA
"Ost4",NA,NA
"Rras2",NA,NA
"Ptpn4",NA,NA
"Rbl1",NA,NA
"Ndufa10",NA,NA
"Hhat",NA,NA
"Mettl9",NA,NA
"Rcc2",NA,NA
"Rbbp5",NA,NA
"Ubap1",NA,NA
"Gbp7",NA,NA
"Hnrnpr",NA,NA
"Ap2a1",NA,NA
"Mus81",NA,NA
"Tecpr2",NA,NA
"Nagk",NA,NA
"D330050I16Rik",NA,NA
"Gla",NA,NA
"Psmg1",NA,NA
"Guf1",NA,NA
"Smarcc1",NA,NA
"Rabggtb",NA,NA
"Styk1",NA,NA
"Aoc3",NA,NA
"Ogg1",NA,NA
"Camsap2",NA,NA
"Psen2",NA,NA
"Cap1",NA,NA
"Kif26b",NA,NA
"Gcc1",NA,NA
"Brd4",NA,NA
"Dgka",NA,NA
"Aven",NA,NA
"Slc25a3",NA,NA
"Ctla2a",NA,NA
"Krt80",NA,NA
"Tslp",NA,NA
"Ccz1",NA,NA
"Dpm2",NA,NA
"Grhl1",NA,NA
"Dusp6",NA,NA
"Dus4l",NA,NA
"Plac8",NA,NA
"Tram1",NA,NA
"Cdc42ep3",NA,NA
"Gm57241",NA,NA
"Cab39l",NA,NA
"Capn5",NA,NA
"Usb1",NA,NA
"Myo19",NA,NA
"Rnf6",NA,NA
"Necap1",NA,NA
"Akap1",NA,NA
"Mlf1",NA,NA
"Tsg101",NA,NA
"Six5",NA,NA
"Ube2m",NA,NA
"Ralbp1",NA,NA
"Gm43645",NA,NA
"Gm56915",NA,NA
"Josd1",NA,NA
"Rrs1",NA,NA
"Mark4",NA,NA
"Uqcc2",NA,NA
"4632404H12Rik",NA,NA
"Pdgfra",NA,NA
"Snrpn",NA,NA
"Ankrd44",NA,NA
"Prdm2",NA,NA
"Sirt3",NA,NA
"Klhl23",NA,NA
"Podnl1",NA,NA
"Rida",NA,NA
"Flad1",NA,NA
"Camk2g",NA,NA
"Gm527",NA,NA
"Relb",NA,NA
"Erbb2",NA,NA
"Adamts2",NA,NA
"Twist2",NA,NA
"Hdac11",NA,NA
"Snhg9",NA,NA
"Ube2g2",NA,NA
"Ndufb5",NA,NA
"Heatr5a",NA,NA
"Trem2",NA,NA
"Extl2",NA,NA
"Mlxipl",NA,NA
"Ulk2",NA,NA
"Ldb3",NA,NA
"Card14",NA,NA
"Mmp9",NA,NA
"Rpl3",NA,NA
"Gripap1",NA,NA
"Rexo2",NA,NA
"Prdm5",NA,NA
"Camsap3",NA,NA
"Fra10ac1",NA,NA
"Cidea",NA,NA
"Ppp1r9b",NA,NA
"Efhd2",NA,NA
"Gnas",NA,NA
"Iars2",NA,NA
"Ccdc66",NA,NA
"Tbx18",NA,NA
"Gfod2",NA,NA
"Fsd2",NA,NA
"Bahcc1",NA,NA
"Gm33841",NA,NA
"Acap3",NA,NA
"Cabin1",NA,NA
"Ccdc71l",NA,NA
"Trak1",NA,NA
"Psmb5",NA,NA
"Fbxw2",NA,NA
"Gm56833",NA,NA
"Tnpo3",NA,NA
"Xpa",NA,NA
"Aqp2",NA,NA
"Nherf1",NA,NA
"Plcb1",NA,NA
"Rnasel",NA,NA
"Pgls",NA,NA
"Slc25a29",NA,NA
"Prpf6",NA,NA
"Camp",NA,NA
"Neu1",NA,NA
"Fam124a",NA,NA
"Pgap6",NA,NA
"Papss1",NA,NA
"Akap8l",NA,NA
"Cpsf7",NA,NA
"Hspa12b",NA,NA
"Smarce1",NA,NA
"Desi1",NA,NA
"Vwa1",NA,NA
"Tmem126a",NA,NA
"Txndc17",NA,NA
"Gm41541",NA,NA
"Tmem17",NA,NA
"Maml2",NA,NA
"B230217C12Rik",NA,NA
"Zfp281",NA,NA
"Flnb",NA,NA
"Tecr",NA,NA
"Tbcel",NA,NA
"Sgcd",NA,NA
"Svbp",NA,NA
"Rnh1",NA,NA
"Smad7",NA,NA
"Slc36a2",NA,NA
"Gm56797",NA,NA
"Atg13",NA,NA
"Abca1",NA,NA
"Fuca2",NA,NA
"Kif21b",NA,NA
"Celf2",NA,NA
"Raf1",NA,NA
"Lrp1",NA,NA
"Nipa2",NA,NA
"Gm49336",NA,NA
"Pigs",NA,NA
"Gm56517",NA,NA
"Cep15",NA,NA
"Cln6",NA,NA
"Rpl30",NA,NA
"9930012K11Rik",NA,NA
"B2m",NA,NA
"Rom1",NA,NA
"Fhip2b",NA,NA
"Olr1",NA,NA
"Sesn1",NA,NA
"Alg3",NA,NA
"G6pc3",NA,NA
"Lsp1",NA,NA
"Rps6",NA,NA
"Trim56",NA,NA
"Sipa1",NA,NA
"Sfmbt1",NA,NA
"Cog7",NA,NA
"Rsrc2",NA,NA
"Psme3ip1",NA,NA
"Gdpd1",NA,NA
"Wdr45",NA,NA
"Hvcn1",NA,NA
"Lamb1",NA,NA
"Trpv1",NA,NA
"Lnpk",NA,NA
"Ctsc",NA,NA
"Src",NA,NA
"Rpl23",NA,NA
"Mkln1os",NA,NA
"Nenf",NA,NA
"Rad23a",NA,NA
"Rpl12",NA,NA
"Iffo1",NA,NA
"Tle6",NA,NA
"Trim8",NA,NA
"Sdc3",NA,NA
"Sord",NA,NA
"Fam131b",NA,NA
"Ptprk",NA,NA
"Ap1b1",NA,NA
"Atp6v0b",NA,NA
"Usp4",NA,NA
"Pptc7",NA,NA
"Mrps27",NA,NA
"Myl12b",NA,NA
"Rdh5",NA,NA
"Phf14",NA,NA
"Dmpk",NA,NA
"Smad6",NA,NA
"Fam229b",NA,NA
"Cnbd2",NA,NA
"Atg2a",NA,NA
"Gid8",NA,NA
"Bscl2",NA,NA
"Psmb4",NA,NA
"Oxsr1",NA,NA
"H3f3a",NA,NA
"Man1c1",NA,NA
"Rnf123",NA,NA
"Eef2k",NA,NA
"Rrad",NA,NA
"Crtc1",NA,NA
"Zfp1",NA,NA
"Dhx15",NA,NA
"Faim",NA,NA
"Gm57003",NA,NA
"Map4k2",NA,NA
"Slc43a3",NA,NA
"Chn2",NA,NA
"Cpt1c",NA,NA
"Synj2bp",NA,NA
"Acbd6",NA,NA
"Arsa",NA,NA
"Utp4",NA,NA
"Sdhaf4",NA,NA
"4930523C07Rik",NA,NA
"Dis3",NA,NA
"Actn4",NA,NA
"Pold2",NA,NA
"Rsbn1",NA,NA
"Pfkfb1",NA,NA
"Spryd7",NA,NA
"Fat1",NA,NA
"Wdsub1",NA,NA
"Dnajc3",NA,NA
"Mob4",NA,NA
"Smad1",NA,NA
"Qki",NA,NA
"Arfip1",NA,NA
"Bnc2",NA,NA
"R3hcc1",NA,NA
"Xiap",NA,NA
"Nsmaf",NA,NA
"Ppip5k1",NA,NA
"Gm9828",NA,NA
"Cars2",NA,NA
"Dand5",NA,NA
"C920021L13Rik",NA,NA
"Gm56596",NA,NA
"Pcmtd1",NA,NA
"Zfp788",NA,NA
"Arhgef7",NA,NA
"Sh2d3c",NA,NA
"Cd164",NA,NA
"Dhrs4",NA,NA
"Zfp251",NA,NA
"Rabep1",NA,NA
"Trit1",NA,NA
"Txndc16",NA,NA
"Tbc1d10b",NA,NA
"E430018J23Rik",NA,NA
"Noxo1",NA,NA
"Klra6",NA,NA
"Anapc13",NA,NA
"Gm53058",NA,NA
"Pacc1",NA,NA
"0610040B10Rik",NA,NA
"Rps23",NA,NA
"Rnf10",NA,NA
"Ikbkb",NA,NA
"Ift56",NA,NA
"Surf2",NA,NA
"Cab39",NA,NA
"Gm20300",NA,NA
"Hspb1",NA,NA
"Gm10134",NA,NA
"Ankrd12",NA,NA
"Idh3g",NA,NA
"St6galnac6",NA,NA
"Asap3",NA,NA
"Ccng1",NA,NA
"Elmod3",NA,NA
"Bpnt2",NA,NA
"Ythdf3",NA,NA
"Tlr2",NA,NA
"Agtrap",NA,NA
"Ndufb3",NA,NA
"H3f3b",NA,NA
"Abcb7",NA,NA
"Lrrc47",NA,NA
"Akap7",NA,NA
"Ywhaq",NA,NA
"Gtf3c6",NA,NA
"Zswim4",NA,NA
"Pdik1l",NA,NA
"Zswim6",NA,NA
"Armcx1",NA,NA
"Smim20",NA,NA
"Slc35a4",NA,NA
"Lrpap1",NA,NA
"Fchsd1",NA,NA
"Spata6l",NA,NA
"Pomk",NA,NA
"Ube2r2",NA,NA
"Gm57027",NA,NA
"Zbtb43",NA,NA
"Amotl2",NA,NA
"Bet1l",NA,NA
"Taf1",NA,NA
"Anxa5",NA,NA
"Pet100",NA,NA
"Zfp90",NA,NA
"Rbm47",NA,NA
"Nudt17",NA,NA
"Ccdc71",NA,NA
"Rpa1",NA,NA
"Brat1",NA,NA
"Mc5r",NA,NA
"Zfp790",NA,NA
"Slc25a13",NA,NA
"C030015A19Rik",NA,NA
"Ebf1",NA,NA
"Hs1bp3",NA,NA
"Zmat1",NA,NA
"Rnaset2a",NA,NA
"Acy1",NA,NA
"Tmem134",NA,NA
"Atp6v0d1",NA,NA
"Mia2",NA,NA
"Apbb1",NA,NA
"Gm14303",NA,NA
"Retreg3",NA,NA
"Zdhhc12",NA,NA
"Ncoa4",NA,NA
"Rorc",NA,NA
"Ccdc8",NA,NA
"Frrs1",NA,NA
"Parp1",NA,NA
"Ttf1",NA,NA
"Rhebl1",NA,NA
"Cdkn2aip",NA,NA
"Golga3",NA,NA
"Pip4k2a",NA,NA
"Zfp597",NA,NA
"Inpp1",NA,NA
"Kif1c",NA,NA
"Rcbtb1",NA,NA
"Capn1",NA,NA
"Tgfbrap1",NA,NA
"B3gat3",NA,NA
"Tmem50a",NA,NA
"Ddx18",NA,NA
"Lysmd3",NA,NA
"Fbxl14",NA,NA
"Mrpl19",NA,NA
"Ndufb1",NA,NA
"Rpl10",NA,NA
"Ankrd9",NA,NA
"Cyp2c23",NA,NA
"Pgap1",NA,NA
"Cdk12",NA,NA
"Plxna3",NA,NA
"Plekhm3",NA,NA
"Galnt2",NA,NA
"Ptpa",NA,NA
"Tspan14",NA,NA
"Creg1",NA,NA
"Prelp",NA,NA
"Dbr1",NA,NA
"Cachd1",NA,NA
"Ppp1r37",NA,NA
"Ndufa13",NA,NA
"Cdip1",NA,NA
"Ifnar2",NA,NA
"Synpo",NA,NA
"Ndufa5",NA,NA
"mt-Ti",NA,NA
"Spata6",NA,NA
"Nrf1",NA,NA
"Tmem179b",NA,NA
"Vps26a",NA,NA
"Sfxn2",NA,NA
"Ift140",NA,NA
"Cpeb2",NA,NA
"Cdk14",NA,NA
"Atf6",NA,NA
"Mapk3",NA,NA
"Taf15",NA,NA
"Ppan",NA,NA
"Golga5",NA,NA
"Rps6ka5",NA,NA
"Stn1",NA,NA
"Prmt1",NA,NA
"Zfp280b",NA,NA
"Trim11",NA,NA
"Pcdhb17",NA,NA
"Gask1b",NA,NA
"Pgm3",NA,NA
"Celf1",NA,NA
"Dusp22",NA,NA
"Taco1",NA,NA
"Hira",NA,NA
"Borcs7",NA,NA
"Msantd3",NA,NA
"Prrg1",NA,NA
"Slc25a45",NA,NA
"Mat2b",NA,NA
"Taf2",NA,NA
"Strn3",NA,NA
"Lyrm2",NA,NA
"B230354K17Rik",NA,NA
"Radil",NA,NA
"H2az2",NA,NA
"Rps19bp1",NA,NA
"Ptgfrn",NA,NA
"Rapgef1",NA,NA
"2310061I04Rik",NA,NA
"Letm2",NA,NA
"Slc25a12",NA,NA
"Surf4",NA,NA
"Smim26",NA,NA
"Sbk1",NA,NA
"Abhd17b",NA,NA
"Jam3",NA,NA
"Zzz3",NA,NA
"Med8",NA,NA
"Lamp2",NA,NA
"Mrps34",NA,NA
"Septin8",NA,NA
"Smarca1",NA,NA
"Rpl19",NA,NA
"Fgfr2",NA,NA
"Prpsap1",NA,NA
"2410022M11Rik",NA,NA
"Tmem186",NA,NA
"Atg10",NA,NA
"Asnsd1",NA,NA
"Trmt2a",NA,NA
"Rab18",NA,NA
"Gstz1",NA,NA
"Ubr5",NA,NA
"Mdfic",NA,NA
"Zbtb11",NA,NA
"Ctbs",NA,NA
"Cul3",NA,NA
"Sertad2",NA,NA
"Aprt",NA,NA
"Mlst8",NA,NA
"Ranbp2",NA,NA
"Zbtb1",NA,NA
"Ofd1",NA,NA
"Clic1",NA,NA
"Rnf13",NA,NA
"Stam",NA,NA
"Rhoq",NA,NA
"Mrpl38",NA,NA
"Rftn2",NA,NA
"Tbccd1",NA,NA
"Asrgl1",NA,NA
"Bloc1s4",NA,NA
"Mzt1",NA,NA
"Utp14b",NA,NA
"Cct7",NA,NA
"Hes6",NA,NA
"Ube2j2",NA,NA
"Cmtm6",NA,NA
"Rab24",NA,NA
"Mfn1",NA,NA
"Zhx3",NA,NA
"Psmd14",NA,NA
"Itgb1",NA,NA
"Ext2",NA,NA
"Atp13a2",NA,NA
"Scoc",NA,NA
"Zmiz2",NA,NA
"9330133O14Rik",NA,NA
"Herc3",NA,NA
"Dr1",NA,NA
"Krt10",NA,NA
"Dsel",NA,NA
"Naa38",NA,NA
"Pop5",NA,NA
"Edem3",NA,NA
"Cast",NA,NA
"Dnaja1",NA,NA
"Ncam1",NA,NA
"Tnrc6a",NA,NA
"Zfp617",NA,NA
"Phip",NA,NA
"Gchfr",NA,NA
"Mfsd4b1",NA,NA
"Cnot3",NA,NA
"Phospho2",NA,NA
"Qsox2",NA,NA
"Atraid",NA,NA
"Bmi1",NA,NA
"Cyp20a1",NA,NA
"Ube4b",NA,NA
"Acot7",NA,NA
"Tbc1d31",NA,NA
"Mapk8",NA,NA
"Pfdn4",NA,NA
"Rab11fip3",NA,NA
"Nr1h3",NA,NA
"Acvr2a",NA,NA
"Aldh5a1",NA,NA
"Map3k10",NA,NA
"Mvp",NA,NA
"Bcl2l1",NA,NA
"Wdr45b",NA,NA
"Eif4a1",NA,NA
"Nmnat1",NA,NA
"Wiz",NA,NA
"Ahdc1",NA,NA
"Mrps10",NA,NA
"Ext1",NA,NA
"Abhd8",NA,NA
"Nol3",NA,NA
"Npr3",NA,NA
"Atg5",NA,NA
"Mgat1",NA,NA
"Cenpb",NA,NA
"Orc5",NA,NA
"Nfkbil1",NA,NA
"Myorg",NA,NA
"Adck2",NA,NA
"Prdx2-ps1",NA,NA
"Ubap2",NA,NA
"Pla2g6",NA,NA
"Pias3",NA,NA
"Ndufaf6",NA,NA
"Sco1",NA,NA
"Palm",NA,NA
"Tle1",NA,NA
"D330023K18Rik",NA,NA
"Gm2830",NA,NA
"Ran",NA,NA
"Slc40a1",NA,NA
"Ccser2",NA,NA
"Stom",NA,NA
"Smg5",NA,NA
"Acaa2",NA,NA
"Slc35a1",NA,NA
"Scaf1",NA,NA
"Zfp777",NA,NA
"Cdk6",NA,NA
"Gab1",NA,NA
"Pitrm1",NA,NA
"Eya3",NA,NA
"Apod",NA,NA
"Sardh",NA,NA
"Add1",NA,NA
"Gtf2h4",NA,NA
"Cdk2ap1",NA,NA
"Wrn",NA,NA
"Brwd3",NA,NA
"Skp1",NA,NA
"Drg2",NA,NA
"Snap29",NA,NA
"Mff",NA,NA
"Mfap1a",NA,NA
"Ttc38",NA,NA
"Tgoln1",NA,NA
"Micu3",NA,NA
"Tusc2",NA,NA
"Pogk",NA,NA
"Nup88",NA,NA
"Itfg1",NA,NA
"Pycr2",NA,NA
"Limd2",NA,NA
"Urgcp",NA,NA
"Fth1",NA,NA
"Serpine1",NA,NA
"Ccdc127",NA,NA
"Ddx23",NA,NA
"Mrps28",NA,NA
"Commd4",NA,NA
"Tnrc18",NA,NA
"Micu2",NA,NA
"Sh2b3",NA,NA
"Med21",NA,NA
"Tnfaip1",NA,NA
"Timm50",NA,NA
"Swt1",NA,NA
"Fbxw7",NA,NA
"Triap1",NA,NA
"Topors",NA,NA
"Slc38a10",NA,NA
"Cib2",NA,NA
"Mfhas1",NA,NA
"Stx17",NA,NA
"Noa1",NA,NA
"Clpx",NA,NA
"Pigyl",NA,NA
"Acad11",NA,NA
"Rgmb",NA,NA
"Psmd11",NA,NA
"Zfp267",NA,NA
"Btg1",NA,NA
"Eif2b2",NA,NA
"Tpst2",NA,NA
"Cfl1",NA,NA
"Acacb",NA,NA
"Wwc2",NA,NA
"Slc38a2",NA,NA
"Mfsd8",NA,NA
"Map7d1",NA,NA
"Tet3",NA,NA
"Sec62",NA,NA
"2310022B05Rik",NA,NA
"A530016L24Rik",NA,NA
"Fh1",NA,NA
"Rab1b",NA,NA
"Dnaja2",NA,NA
"Map3k4",NA,NA
"Gpat4",NA,NA
"Glrx2",NA,NA
"Rpl39",NA,NA
"Ric8b",NA,NA
"Plpp1",NA,NA
"Cops8",NA,NA
"Dcxr",NA,NA
"Coa3",NA,NA
"Sdhaf2",NA,NA
"Arf5",NA,NA
"Riok3",NA,NA
"Scamp3",NA,NA
"Vcpip1",NA,NA
"Rnf141",NA,NA
"Gpr108",NA,NA
"Vdac2",NA,NA
"H1f0",NA,NA
"Nudt3",NA,NA
"Fcgrt",NA,NA
"Gstm5",NA,NA
"Dgcr6",NA,NA
"Cttn",NA,NA
"Psmd7",NA,NA
"Vcl",NA,NA
"Uba1",NA,NA
"Prkcd",NA,NA
"Rps11",NA,NA
"Pdap1",NA,NA
"Hpf1",NA,NA
"Atf7ip",NA,NA
"Septin7",NA,NA
"Lsm3",NA,NA
"Mrpl51",NA,NA
"Fbxo9",NA,NA
"Chic2",NA,NA
"Col6a3",NA,NA
"Hoxa7",NA,NA
"Spcs1",NA,NA
"Psmd6",NA,NA
"Tspan12",NA,NA
"Tpcn1",NA,NA
"Nipsnap2",NA,NA
"Ppp6r3",NA,NA
"Ppp2r1a",NA,NA
"Eif3j1",NA,NA
"Ano8",NA,NA
"Abhd12",NA,NA
"Smdt1",NA,NA
"Sub1",NA,NA
"Cdc5l",NA,NA
"Msmo1",NA,NA
"Smg7",NA,NA
"Ahnak",NA,NA
"Echs1",NA,NA
"Arhgap29",NA,NA
"Tax1bp1",NA,NA
"Ctnnb1",NA,NA
"Dap",NA,NA
"Nrn1",NA,NA
"Smc6",NA,NA
"Gpx1",NA,NA
"Mbnl1",NA,NA
"Gnb2",NA,NA
"Bcat2",NA,NA
"Csad",NA,NA
"Fasn",NA,NA
