"Shared","T.ROSI","B.ROSI"
"Cidec","Abcd2","Pdcd4"
"Retsat","Dipk2a","Adcyap1r1"
"Arxes2","Mcam","Sh3kbp1"
"Gpd1","Lrg1","Pparg"
"Arl4a","Hpx","Anxa8"
"Cd36","Cdkn2c","Rxra"
"Ffar2","Cers4","Gstk1"
"Dnajb9","Mtus1","Ybx3"
"Cavin2","Unc119","Septin9"
"Dlc1","Trib1","Mtss2"
"Lipe","Idh1","Nfix"
"Olr1","Mknk2","Ccnd1"
"Adipor2","Gnpat","Prkcd"
"Nat8l","Tob1","Cish"
"Idh3a","Slc2a4","Gltp"
"Fabp4","Slc1a5","Dipk1a"
"Acox1","Cdc42ep2","Mthfd2"
"Tsc22d1","Rad50","Il17re"
"Pim3","Phlda3","Dbp"
"Ephx2","Hacd2","Tuba1c"
"Trarg1","Hexim1","Cxcl5"
"Plin1","Tbc1d4","Apoc1"
"4931406C07Rik","Acsf2","Tmt1a"
"G0s2","Akt2","Nfia"
"Adig","Ripk2","Tmem140"
"Sorbs1","Pank3","Fos"
"Agpat2","Bcar3","Ldaf1"
"Pnpla2","Fcor","Hipk3"
"Cavin1","Selenop","Sfrp2"
"Fitm2","Dipk1b","Foxo6"
"Scarb1","Ly75","Tigd2"
"Cebpa","Slc8a1","Wnk4"
"Tmcc3","Gm19705","Ssbp3"
"Acadm","Fibin","Cfd"
"Ormdl3","Ampd3","BC037039"
"Crat","Aspa","Vamp5"
"Dhrs7b","Lgr4","Rras"
"Pnpla8","Pdzrn3","Arhgap35"
"Mcur1","Steap4","Ftl1"
"Acsl1","Nrp1","Lctl"
"Mrap","Birc2","Acp5"
"Aqp7","6430571L13Rik","Gda"
"Gadd45g","Ccl5","Rusc2"
"Fabp5","Lpgat1","Maff"
"Atg101","Hibch","Nfrkb"
"Hycc2","Ereg","Nfic"
"Mmd","2010003K11Rik","Gng2"
"Clstn3","Prlr","Dmpk"
"Abhd5","Rilpl2","Atf4"
"Prxl2a","Ankrd28","Niban1"
"Echdc1","Fam83a","Glrx"
"A530016L24Rik","Abcc3","Sgce"
"Pck1","Tfrc","C030014I23Rik"
"Gpat3","Wfdc17","Slc35b4"
"Aco2","Siglec1","Rora"
"Acat2","Pgrmc2","Ebpl"
"Cmbl","Mtarc2","Gdf15"
"Cluh","Alad","Nmi"
"Uck1","Rasd1","Lrig1"
"Decr1","Tlcd1","Smim5"
"Mcrip2","Lpl","Gstm7"
"Mfge8","Blcap","Cfl2"
"Agpat3","Scd2","Dusp1"
"Tmem120a","Arel1","Pyroxd2"
"Hadhb","Jcad","Parp16"
"Prkar2b","Jak2","Parva"
"Aldh9a1","9630013D21Rik","Jup"
"Hadha","Ablim2","Trim24"
"Lpcat3","Col15a1","Ccdc80"
"Tmed5","Pitpnm2","2510039O18Rik"
"Plin4","Itsn1","Gm48832"
"Aatk","Arrb1","Ociad1"
"Qdpr","Fmnl2","Tln2"
"Dgat1","Cfb","Ccm2"
"Sort1","Gas7","Amy1"
"Etfb","Cilp2","Ccdc85b"
"Pde3b","Klf7","Slc5a3"
"Paqr4","Gm56862","Rasl11b"
"Aldh1a7","Cd302","Sil1"
"Sbsn","AU020206","Nme4"
"Aco1","Apex2","Gm57137"
"Cox8b","Gm56878","Ncor2"
"Lrrc39","Mapk6","Ampd2"
"Pex19","Arhgap18","Szrd1"
"Hsdl2","Uhrf2","Atp6v0e2"
"Chp1","Abcb9","Prmt1"
"3930402G23Rik","Cgnl1","Atp13a3"
"Taldo1","Ccl8","Fxr2"
"1600014C10Rik","Adora1","Dmtn"
"Ech1","Cox20","Tmem220"
"Atp5mc3","Zfp36l2","Mdm2"
"Pdk2","Il13ra2","Dpysl3"
"Hcar2","Zfp36","Stard5"
"Irs2","Tnfaip2","Myh11"
"Ppp2r5a","Aldh6a1","Foxc1"
"Krt79","Cox7a1","Ppme1"
"Chpt1","Slamf8","Cdk16"
"Dgat2","Ucp3","Lxn"
"Dolk","Hoxb3os","Garnl3"
"Sfxn1","Acly","Sbf1"
"Fgfrl1","Gm44386","Stam2"
"Acaa2","Card19","Trim8"
"Slc25a34","Akt3","Creb3l1"
"Reep6","Cyp7b1","Snn"
"Cs","Ifi207","Ncbp1"
"Pdk4","Tmem65","C3"
"Gk","Plscr2","Psmd3"
"Rab5if","1700020L24Rik","Camsap2"
"Lgals12","Brpf3","Ctso"
"Hsd17b12","Gm26588","Rit1"
"Acss2","Atosa","Aqp2"
"Ctcflos","Irf1","1700017B05Rik"
"Adamts5","Rnf144a","Ivd"
"Sox4","Ak3","Rbbp9"
"Adissp","Plaat3","Fmo2"
"Tle3","Gna13","P2rx3"
"Coq9","Tcim","Lrpap1"
"Gas6","Il1rl1","Ctnnal1"
"Alas1","Parm1","Comtd1"
"Ccl6","Rasa3","Yrdc"
"Tapt1","Adhfe1","Ulk2"
"Hmgb3","Tyk2","Wdr27"
"Grhpr","Commd3","Sh3bgrl"
"Ndufab1","Cela1","Tax1bp1"
"Peg10","Gm10687","Lamb3"
"Kcnk3","Adh1","Cars1"
"Bcl2l13","Lncbate1","Smurf1"
"Msra","Fbxo45","Them4"
"Pfkl","Gadd45a","Sema5a"
"Aifm2","Lrch1","ENSMUSG00000121879_Zfp862-ps"
"Nabp1","Cd74","Cyp2ab1"
"Dlat","Flot1","C2cd2l"
"Pcx","Saa1","Pik3r2"
"Bscl2","Igsf9","Bmp4"
"Lpin1","Pik3r5","Man1a"
"Camp","Tbl1xr1","Dhtkd1"
"Cdo1","Slpi","Vkorc1"
"Cat","Gm14221","Smim1"
"Cited2","Gls","Acox3"
"Slc25a22","Gadd45b","Dap"
"Angptl4","Angptl1","Gnpnat1"
"Gramd1b","Smim19","Lgals9"
"Eci2","Srgap1","Zc3h7b"
"Ppp1r3d","Pkp4","Sdc1"
"Ubqln1","Nhs","Mpv17"
"Gstz1","Dlg4","Heg1"
"Pdhb","Igsf3","Plekha6"
"Acadvl","Tgif1","Blmh"
"Apmap","Acaca","Mfap5"
"B3galt2","Get1","S1pr1"
"Cpt2","Mcc","Card14"
"Bckdhb","Mmut","Tef"
"Htra3","Rcbtb2","Mbnl3"
"Ppa1","Pdk1","Carhsp1"
"Gdpd1","Hspa4l","Hmox1"
"Larp1b","Dync1i2","Slc7a1"
"C9orf72","Aldh3b3","mt-Tl2"
"Arhgef17","Polr3gl","Polr3h"
"Mdh2","Abhd16a","Kcmf1"
"Rmdn3","Egfr","Gabarap"
"Cox7a2","Slc25a42","Jam2"
"Plin2","Gm38882","Snord13"
"Derl1","Ghrh","Slc6a6"
"Abhd15","Ddo","Psmd13"
"Dbi","Adamts4","Sptssa"
"Mmp14","Rasl12","Stip1"
"Mgst1","Cxcl9","mt-Tq"
"Glul","Mutyh","Mlxipl"
"Slc25a51","Clcn5","Gabpa"
"Cyp2f2","Ankef1","Fbln7"
"Ahnak2","Slc48a1","Slc11a2"
"Qki","Ccni","Got1"
"Rnf122","Plekhg3","Itgbl1"
"Slc1a3","Tbl2","Tmed3"
"Sod2","Nfkbie","Serf1"
"Extl3","Adamts7","Zfp639"
"Nudt4","Aqp11","Timm44"
"Ctsl","Pdzk1","Fxyd1"
"Picalm","S1pr3","Eif4e2"
"Pex16","Ube2a","Gtf2a1"
"Jade1","Cep83","Banf1"
"Cryab","Casp4","Nr4a1"
"Etfdh","Eif2b1","Ltbp3"
"Slc25a10","Gatd3a","Igf2bp1"
"Celf2","Serpina3f","Clptm1"
"Sh3pxd2a","Slc39a6","Mid1ip1"
"Dhrs3","Irak3","Gm43703"
"Gale","Gyg1","Gmcl1"
"Usp38","Ehhadh","Atp1b3"
"Mlycd","Pde7a","Rnd2"
"Cyc1","Tpbg","Snrpd3"
"Dnajc15","Sptbn1","Nedd8"
"Acaa1a","Kctd1","Fam210b"
"Dclk1","Tubb2b","Camsap3"
"Runx1t1","Mvk","Mllt11"
"Gstt3","Gm45187","Eif5"
"Gm35853","Ndufs3","Dohh"
"Gpam","Acat3","Tmem161a"
"Ppp2r1b","Zfp423","Bltp3b"
"Acbd4","Fam117a","Mest"
"Pde1b","Slk","Slc46a3"
"Atp5po","Cdkn2b","Mycl"
"Mpc2","Clmn","Adam33"
"Aldh3b2","Fam111a","Wdsub1"
"Mrpl15","5031439G07Rik","Stub1"
"Dhrs4","Ktn1","Fhod1"
"Slc16a1","Sestd1","Tab2"
"Atpaf2","Hemk1","Shc1"
"Mdh1","9330154J02Rik","Slc38a2"
"Ubd","Specc1","Fbxo2"
"Cyb5b","Gm15417","Tmem43"
"Hprt1","Slc25a16","Eif2s2"
"Ndufb10","Zfp593","Atg16l2"
"Pex14","Crlf1","Raf1"
"Hcar1","Nelfe","Arpc1b"
"Ndufa8","Gosr1","Sned1"
"Chchd6","2810001A02Rik","Cdc42ep4"
"Esrra","Gpt2","Izumo4"
"Sod1","Stx11","Hspa2"
"Gprc5b","Chsy1","Fhip2b"
"Samm50","Cmtm4","Arl2bp"
"Pxmp4","Mavs","Tmem29"
"Pak3","Mafk","Nuak1"
"Hibadh","Pla2g15","Ifngr1"
"Cycs","Rassf5","Pmm2"
"Tmem182","Ctnna1","Nagpa"
"Pfkfb3","Chd2","Mthfsl"
"Atp5mc1","Aqp3","Kdm5c"
"Atp5pb","Rab11fip5","Il11ra1"
"Sh2b2","Zbtb38","Gm34084"
"Nsdhl","Gm15551","Hectd3"
"Emc6","Cep162","Galnt2"
"Hadh","Igsf6","Cradd"
"Mustn1","Plscr3","Zfp609"
"Cox6a1","Apcdd1","Extl2"
"Marchf5","Pla2g4a","Ctla2a"
"Zfp706","Serinc5","ENSMUSG00000095041"
"Me1","2510046G10Rik","Dynll1"
"Slc36a2","Rab11fip2","Myo1e"
"Rab6b","Cbx8","Ttc17"
"Tns1","Timm21","Med20"
"Cbr1","Tnpo1","Ak6"
"Rgcc","Nhlrc3","Capn10"
"Uqcr10","Sfxn5","Prickle1"
"Xrcc3","Cacna2d1","Zfp395"
"Pik3ip1","Hagh","Ubxn1"
"Flt1","Togaram1","Zfp131"
"B430010I23Rik","Rbm43","Vdac2"
"Ermp1","Ptgir","Phf14"
"S100a1","Lyst","Rdh5"
"Ppargc1b","Anxa4","Psmc1"
"Xpnpep3","Pard6a","Akirin2"
"Uqcrq","H2bc4","Degs1"
"Pex13","Itsn2","Rtn4"
"Etv3","Atp5f1e","Nt5dc2"
"Uqcrh","H2-DMb1","Meis2"
"Grpel1","Rbm4b","Ano8"
"Ptgr2","Sctr","Colec12"
"Bid","Gid4","Dnm3os"
"Scp2","Tagln2","Agt"
"Bnip3","Dcaf4","Samd4"
"Ucp2","Arpc2","Osbpl3"
"Mrpl45","Rassf6","Nmt1"
"Hmgn3","Greb1","Habp4"
"Cox5a","Grtp1","Gm7049"
"Sfxn3","Id1","Slc66a2"
"Fam110c","Slc37a4","Gnptg"
"Slc43a2","Lrrc42","mt-Tc"
"Serpinb6a","Mitf","Deaf1"
"Adam12","Cd68","Hcfc2"
"Fgf10","Vkorc1l1","Smim27"
"Ffar4","Chst15","Tpcn1"
"Aldoa","Ctps1","Nop10"
"Chchd2","Bmp2k","Eif5a"
"Ehd1","Comt","Tlk2"
"Phb2","Afap1l2","Zmynd8"
"Pmvk","Npc1","Gm45218"
"Pmp22","Rab11bos1","Srxn1"
"Mpp7","Fer","Tpra1"
"Psma1","Elf1","Slc22a4"
"Rnf11","Ccdc93","Sec14l1"
"Atp5me","Sema3g","Dnajc7"
"Acbd5","Otud7b","Ccng1"
"Ndufb6","Tmem237","Ciao2b"
"Atp5mf","Sfr1","Mtfr1"
"Cbr3","Cpped1","Sra1"
"Nipsnap1","Adgrf5","Naa25"
"Camkk2","Has2os","Pole3"
"Ppp1r15b","Anxa6","Fubp1"
"Gpt","Cox7c","Gja1"
"Ndufs1","Gsap","Eola1"
"Itga6","Shpk","Wars1"
"Sptbn5","Rn7sk","Dlk1"
"Dld","Fnta","Rdh10"
"Trim29","Hnrnpa2b1","Psme3ip1"
"Tuba1a","Prrc2c","Prtn3"
"Ndufaf4","Cbr4","Taf6l"
"Csad","Commd5","mt-Ta"
"Ndufb8","Dnajc4","Gm50455"
"Plcb1","Gm12059","Tmem50b"
"Apbb2","Polr2i","Sco1"
"Ndufv2","Hoxd3os1","Fgf2"
"Apln","9430038I01Rik","Ccn2"
"Pdzd2","Cuedc2","Ghdc"
"Bag4","Ddhd1","Peli3"
"Anks1","D3Ertd751e","Mesd"
"Ptx3","Dhx57","Grb10"
"Nrg4","Ptpn9","Cenpb"
"Cox14","Heca","Ssh2"
"Jagn1","Lrfn4","Eed"
"Arxes1","Prkd3","Vldlr"
"Ube2h","Ddx28","Pygb"
"Eeig1","Trip13","mt-Tp"
"Tlr2","Abtb1","Tsku"
"Casp8","Frat1","Tmem41a"
"Slc39a14","Ropn1l","Atg5"
"Dhcr7","Ankrd55","Rps19bp1"
"Tbc1d2b","Gm39121","Pld1"
"Dolpp1","Gjc1","Rnf145"
"Tbx18","Armt1","Dtnbp1"
"Ldha","Trappc13","Rad23b"
"Sh3glb2","Rilpl1","St6galnac6"
"Ehd3","Dpy19l3","Wdr1"
"Lmo4","Bcl2l10","Nars1"
"Ddr1","Chrdl1","Rassf2"
"Nudt7","Tmem132a","Cnst"
"Car5b","Mllt3","Wdr55"
"Gm10851","Slc30a4","Ccdc18"
"Vcam1","Gm43136","Ewsr1"
"Echs1","Rps6kb1","Ppp1r9b"
"Entpd5","Sik3","Sfxn4"
"Ddah2","Atad2","Nedd4"
"Uap1l1","Dync1h1","Dhx15"
"Klb","Elovl5","Klhl33"
"Csf1","ENSMUSG00000109903_Cdhr17","Cd151"
"Tomm40","Unc5b","Farsa"
"Ginm1","Socs5","Btbd3"
"Atp5f1d","Rnd3","Hspb1"
"Mrpl34","Dusp7","Slc25a29"
"Ccl7","Spsb1","1600012H06Rik"
"Acads","Tead4","Laptm4a"
"Cd63","Gm5460","Gstm5"
"Crls1","Nradd","Ywhaz"
"Ndufa3","Ndrg2","Rab3ip"
"Naaa","Mknk1","Ankrd39"
"Mfhas1","Oit3","Pdpr"
"Noct","Syde1","Plaa"
"Tspan14","Nadk2","Rap1gap2"
"Elmod3","Pomt1","Nudt22"
"Cxcl12","F3","Sptlc1"
"Slc25a20","Midn","Bbip1"
"Cyp1b1","Gm32389","Vrk1"
"Pgp","Arhgef25","Paf1"
"Tmem147","Camk1d","mt-Tm"
"Nap1l4","Cstb","Stat5b"
"Fbxo9","Nfkb1","Smurf2"
"Ndufs7","ENSMUSG00000121484_Serpina3h","Prpf6"
"Glrx5","Mrpl42","Cnpy2"
"Adipoq","Tbc1d12","Acadsb"
"Ppcs","Fam43a","Psmd2"
"Sh3pxd2b","Tomm20","Cox6a2"
"Adamts1","Ifi211","Plk3"
"Cebpg","Avpi1","Ogg1"
"Sik2","Trpt1","Bc1"
"Rnf125","Elovl6","Zdhhc21"
"Fam107b","Lifr","Zfp467"
"Bola3","Acot9","Sdad1"
"Ndufc2","Spice1","Atp6v1d"
"Slc25a1","Rnf115","Wapl"
"Isoc1","Hlx","Zfp618"
"Zfyve21","Sppl2a","Taf9b"
"Mmab","H2-K1","Patl1"
"Plekhf1","Tlnrd1","Gm53058"
"Acaa1b","Eif3a","Gm54867"
"Cx3cl1","Hcls1","Utp4"
"Gm56768","Klhl7","Rexo2"
"Cyp4f17","Bbx","Loxl4"
"Tpm1","Ttc39a","Tgfbrap1"
"Pdpn","Rflnb","Rrad"
"Pyurf","A430018G15Rik","Mospd1"
"Pgm1","Hint3","Tnrc6c"
"St13","Mrpl50","Bahcc1"
"Lias","Mccc2","Pitpnm1"
"Ywhab","Stat5a","Mn1"
"Ldb3","Fnbp1l","Klhdc8a"
"Pdxp","Rab29","Tent4b"
"Uqcr11","Tmem37","Fgfr2"
"Irx3","Mrnip","Ube2r2"
"Fcgrt","Mosmo","Trmt61b"
"Mfn2","Parvb","Hs2st1"
"Chst11","Lig1","Slc25a45"
"Dbt","Vezf1","Pla2g7"
"Pdp2","Atp6ap1","Rorc"
"Hmgcs1","Tut7","Pappa"
"Cndp2","Tnfaip6","Ctnnb1"
"Gstt1","Snx8","Mpi"
"Pcsk4","Scarna2","Aacs"
"Dok1","Ccdc9","Sdcbp"
"Tcaf1","D630045J12Rik","Iah1"
"Slc25a44","Rock2","Dleu2"
"Mgll","Nhsl2","Rhou"
"Olfml2b","Tbrg1","Per3"
"Mrgprf","Slc26a2","Gpc1"
"Cisd1","Slc25a37","Trim16"
"Abhd1","1700096K18Rik","Nfe2l1"
"Tmem134","Ecsit","Aebp2"
"Layn","Trerf1","Fam171b"
"Pigl","Dhps","Nploc4"
"Pex11a","Ets2","P3h3"
"Ywhag","Ankhd1","2810013P06Rik"
"Sdhb","Dele1","Sco2"
"Vat1","Plagl1","Tmem205"
"Atp5f1a","Uqcc3","Blvrb"
"Ldhb","C1galt1","Tbpl1"
"Ppargc1a","Ifit2","Sesn2"
"Miga2","Rasa1","Gm49336"
"Atl3","Spib","Anxa11"
"Mtx2","Adgra2","Nsa2"
"Gstm2","Lats2","Thumpd1"
"Mxra8","Fam162a","Mfap1a"
"Amdhd2","Sucnr1","Map1lc3b"
"Rreb1","2210408F21Rik","Kpna1"
"Saa3","Atp10a","Bok"
"Egln3","Pfkfb4","Rab5c"
"Lman2","Gm36860","Katna1"
"Dcun1d3","Fbxw17","Aggf1"
"Fdps","Micall2","Ldb1"
"Ndufa11","Nbeal1","Fam136a"
"Msmo1","Wdfy3","Fam204a"
"Klf6","Serpina3g","Ccdc71"
"Rab7b","N4bp1","Lyrm2"
"Cebpd","Txndc15","Adamts10"
"Atp5f1b","Rbpj","Tmem106c"
"Mgst3","Icosl","Itpr2"
"Hdac7","Ripk1","Kdm4a"
"Ss18l2","Arl8a","Irak1"
"Pex11g","Hrct1","Bbln"
"Saraf","Clasp2","Vma21"
"Slc22a23","Zbtb7b","Gm37933"
"Gm10039","Ctdspl","Arpc1a"
"Oxnad1","Myo1b","Aff3"
"Ppif","Ppp2r3a","ENSMUSG00000121488_Gm5886"
"Ninl","Pex10","Phldb1"
"Cd274","Cox7b","Tmem164"
"Pdlim1","mt-Nd5","Tmem161b"
"Phactr1","Zfp608","Cplx2"
"Cox6c","Sprr2d","Lyrm7"
"Nt5c2","Gm40617","Elavl1"
"Amigo2","Rnf5","Aldh5a1"
"Pfkfb1","Ifi203","Eef1e1"
"Ahnak","Nbl1","Gm10644"
"Klf15","Cyb5a","6030458C11Rik"
"Pla2g6","Slc41a2","Ddx21"
"Prune1","Pawr","Ddost"
"B430219N15Rik","Fam219a","Ergic2"
"Mrps26","Saa2","Cdc42bpb"
"Cuedc1","Agfg1","Rnf185"
"Naa10","Utp20","Mxd4"
"Hs6st1","Diablo","Usb1"
"Gpr146","Gem","Plscr4"
"Tmem97","2310034G01Rik","Kif26b"
"Sipa1l1","Exoc8","Medag"
"Cib2","Rhob","Rnf10"
"Ak2","Pla2g2e","Cmtm6"
"Flacc1","Mast3","Itga1"
"Eml1","4833417C18Rik","Incenp"
"Pdgfrb","Tm7sf2","Ube2e2"
"Tmem123","Nrdc","Lrrc17"
"Enah","Pja1","Tex2"
"Ghitm","Bin1","Prpf18"
"Tcf4","Pex11b","Ube3c"
"Pank1","Ncl","Osbpl8"
"Cox8a","Oxa1l","Lyplal1"
"Mrpl18","Mrpl27","Chac1"
"Marchf6","Nif3l1","Ttc38"
"Cald1","Dst","Nme1"
"Smoc1","Gm10602","Sec11c"
"Lonp2","Bach1","Pitpna"
"2300009A05Rik","Zfp386","Ncoa7"
"Pcolce2","Gm9899","Mrpl48-ps"
"Uqcrc2","Traf5","Mef2d"
"Rasl11a","Morf4l1","Tapbpl"
"Il6st","Mgat3","Anapc1"
"Smim36","Emd","Stx17"
"Etfa","Vegfa","Fyttd1"
"Ehd2","Morrbid","Pals1"
"Itgav","Sh3d19","Abcb6"
"Rbpms","Mcm6","Gpd1l"
"Xbp1","Stimate","Usp16"
"Rbms3","Abr","Cog2"
"Fcf1","Selenoi","Oxsr1"
"Ccl2","Txndc11","Zfp934"
"Megf9","Aldh16a1","Spink10"
"Timm22","Myo9b","Dtwd1"
"Myof","Iqsec1","Gm6682"
"Thrsp","Plxna2","Fam229b"
"Ugcg","Fyn","Cct3"
"2310022B05Rik","Dnajc28","Eif3f"
"Ankrd40","Kantr","Klhdc2"
"Sbk1","Gm2415","Cdc42"
"Ptk2b","Nnmt","Fbxw2"
"Armc1","Pkp2","Ppp3r1"
"Txlng","Mrpl14","AI429214"
"Tomm70a","Kmt2a","Ube2j2"
"Mrpl12","Cln5","Shisa5"
"Actn1","Plpp6","Asnsd1"
"Slc18b1","mt-Co1","Ddx39a"
"Pex5","Foxc2","Zbed4"
"Mcl1","Frmd8","Hnrnpab"
"Cd1d1","Kxd1","BC034090"
"Bcl2","Pkig","Ctdsp1"
"Fam13a","Amz1","Afap1"
"Dpysl2","Acyp2","Lrtm1"
"Fah","Gnl1","Mus81"
"Sdc2","Pusl1","Lancl1"
"Myh9","Mmp11","Pptc7"
"Trp53inp2","Atp7a","Wrnip1"
"Coq5","Dagla","Zfp68"
"Slco3a1","Mex3d","Ap1b1"
"St3gal6","Tnfrsf1a","S100b"
"Stard7","Hivep1","Nlrp2"
"Acadl","Gm56627","Mthfs"
"Gnb5","Pola1","Mcm7"
"Ndufc1","Rhoj","Mrpl58"
"Aldh3b1","Birc3","Obsl1"
"Mvd","Ppp4r2","Cdk5rap3"
"Olfml3","Fastkd5","Zranb2"
"Gys1","Bloc1s1","Boc"
"Gm43672","Serpina3m","mt-Ti"
"Naglu","Rnf157","Meis1"
"Ptgfr","Gbp5","Tdrd7"
"Mettl16","Zbtb7c","Purb"
"Adamtsl4","Lrrc49","Chmp1a"
"Kif13a","Stk19","Steap3"
"Impa2","Iqgap1","Cachd1"
"Kitl","4930458D05Rik","Sun1"
"Msn","Tomm6","Skic2"
"Mrc2","Tnfrsf21","Mtmr4"
"Tspan12","Tmem143","Gtf2h4"
"Ndufa9","Tmem267","Sap30"
"Slc13a4","Hint2","Id2"
"Hp","Pcyt1b","Tmod3"
"Ndufv1","Lgals4","Gask1b"
"Prr5","Mier1","Elp5"
"Ndufb9","Gpr84","Gbp11"
"Dab2","Gm48226","Ncapd3"
"Flna","Ch25h","Rad21"
"Elmod2","Gm56994","Junos"
"Mrps6","Vav3","Dnajc3"
"Six1","Yipf3","Carns1"
"Elovl3","Atp5pd","Psd3"
"Dock11","Lrrc51","Myadm"
"Sgpl1","Hoxa2","Zbtb43"
"Gm56906","Dcaf11","Abracl"
"Negr1","Lix1","Tmigd1"
"Pmf1","Marchf9","Fig4"
"Akap1","Nit2","Ppp1r37"
"Rbms1","Eno2","Ttc7"
"Sdhc","Mfsd14a","Las1l"
"Ap5s1","Dock4","Dnm1l"
"Slc5a6","Plscr1","Fads2"
"Gfer","Nmrk1","C1rl"
"Uqcrb","Myo9a","Pbx3"
"Afg3l2","Gpr155","Arfip1"
"Tent5a","Prss36","Nbdy"
"Cox4i1","Smim11","Jpt1"
"Fsd2","Vps36","Pvr"
"Cdc27","Gpatch8","Ppic"
"Mapk7","Stard3nl","Csde1"
"Mlf2","Fbf1","Nicn1"
"Cidea","Erich1","2310015A10Rik"
"Cmpk1","Erlin1","Mthfd1l"
"Prdx3","Nrip1","Lsm4"
"Orm3","Tmem243","P4hb"
"Blvra","Rab34","Rgl2"
"Zhx1","Mif4gd","Stard4"
"Kiz","Pcca","Dus4l"
"C1qtnf12","Sqstm1","Rngtt"
"Angpt4","Chchd7","Mrps18a"
"Rpia","Tnfaip8","Golga2"
"Ndufb3","Tcp11l1","Eif3j1"
"Fam217b","Jun","Urm1"
"4931408D14Rik","Oaz1","Rpl10a"
"Rnf150","B430105G09Rik","Ptcd1"
"Txnip","Tpr","Thbs2"
"Inca1","Lyrm1","Gpc4"
"Etfrf1","Mtg1","Dynlt3"
"Cox5b","Ppt2","M1ap"
"Ift122","Itpripl2","Bpnt2"
"Cyp2u1","Spag9","Atf5"
"Ctdsp2","Rnf31","Rsrc2"
"Gm31305","Ilf3","Tmem50a"
"Nus1","A130051J06Rik","Invs"
"Rab31","Zfp983","Zfp827"
"Rtn3","Clns1a","Taok1"
"Snai2","Naa60","Ccser2"
"Igf2bp2","Hace1","Ikbip"
"Ptrh1","Ap1ar","Ctxnd1"
"Zfp281","Sf3b2","Clec3b"
"Chchd3","Tmx3","Ercc5"
"Sting1","Cplane1","Tmem199"
"Pkd2","Ndufa1","Polr2g"
"Ivns1abp","Gm15491","Chkb"
"Ces1f","Foxo1","Taf4b"
"4122401K19Rik","Rnf167","Pou2af3"
"Mapre2","Poc1b","Asf1b"
"Slc9a6","Rabgap1","Rps27"
"Mpc1","Lims1","Nupr1"
"Epb41l3","Mettl5","Ran"
"B4galt5","Il15ra","B4galnt1"
"Xdh","Tbcd","ENSMUSG00000121504_Ppp4r1l-ps"
"St3gal2","1110019D14Rik","Smco4"
"Pkdcc","Alkbh7","Cstf2"
"Gcsh","Irf5","Snrpb"
"Slc25a19","Mbd6","Ppp2r1a"
"Il17ra","Evi5l","Dgcr6"
"Dock9","Chmp2b","Ngf"
"B3glct","Iftap","H3f3b"
"Hsd17b4","Arl6ip1","Usf3"
"Slc4a4","Fscn1","Zeb1"
"Plekhm1","Tmem276","Tcf7l2"
"Dpep1","Spdl1","Prdm2"
"Uqcrc1","Sp140","Dhx36"
"Anxa2","8430430B14Rik","Ppwd1"
"Tmem11","Rnf20","Gsk3b"
"Acat1","Tubb5","Rpusd4"
"Niban2","4933431K14Rik","Magee1"
"Psma6","Trub1","Emc8"
"Sncg","Alkbh3","N4bp3"
"Cox6b1","Pdlim5","Trpv1"
"Fmc1","Ncoa1","Xlr3a"
"Pkmyt1","Polr1c","Dmac2"
"Bcap31","Gm46404","Fbxw4"
"Lamb1","Npat","Cdk2ap1"
"Serpina3c","Fbxo32","Pphln1"
"Lpar1","Eral1","Gnas"
"Letm1","Pdxk","Rom1"
"Chchd4","1700056E22Rik","Nmral1"
"Nadk","Mndal","Bub1"
"Ttyh3","Kif3c","Celf1"
"Sdhd","Stx3","Exosc2"
"Gla","Akap17b","Rpl10"
"Uqcc1","Tnfrsf23","Cdc5l"
"Gm6166","Ippk","Hk1os"
"Smim26","A930004D18Rik","Eif4g1"
"Suclg1","Mrpl32","Nucks1"
"Pdhx","Gpatch11","Zfp354c"
"Cldn15","Stx6","Osgep"
"Bpnt1","Tuba4a","Atp6v0d1"
"Atp1a2","Sprtn","Krba1"
"Hmgcl","Mfsd10","Cdk2"
"Lncbate6","Zcchc14","Foxk2"
"Pabir2","Tmem170b","Pde4a"
"Mrpl53","Crebbp","Efna2"
"Mrps2","Rasa2","Irak1bp1"
"Oip5os1","Gnb4","Ggh"
"Mmgt1","Ern1","Map2"
"1810021B22Rik","Ethe1","Sesn1"
"Lpar6","Zdhhc18","Cpt1a"
"Snrk","Soat1","Cnppd1"
"Myo10","Plekha1","Ap2s1"
"Abcd3","Wdr35","Car6"
"Rab3a","Avl9","Polr2f"
"Slc44a2","Nfatc4","Plppr2"
"Nav3","Ces1a","Ap4s1"
"Col18a1","Qser1","Slc7a5"
"Ogdh","Trp53bp2","0610030E20Rik"
"Mtch2","Tra2b","Tsen2"
"Mettl9","Phpt1","Lpar4"
"Mrpl20","Ttc39b","Usp2"
"Pmepa1","Mapk11","G6pc3"
"Endog","Dram2","Ankrd24"
"Atp5f1c","Galnt15","Rcc2"
"Higd2a","Rsf1","Rangap1"
"Igfals","Mgat2","Aopep"
"Cdr2","Cant1","Cct7"
"Cbx4","Arid4a","Rad1"
"Tbc1d20","Cdk5rap2","Pip4k2b"
"Tnfsf12","Apbb1ip","Nherf2"
"Rrs1","Idi1","Eno3"
"Rasgef1b","Ptma","Ptgr3"
"Mrps34","Braf","Rpn2"
"Zfp36l1","Pemt","Aph1c"
"Slc35a4","Gsdmd","Gm53012"
"Socs2","Psmc3ip","Snx25"
"Agtrap","Clpb","Csnk2a1-ps3"
"Scd1","Golga4","E430018J23Rik"
"Prkaca","Itpr3","Jund"
"Bgn","Mtmr11","Mef2b"
"Acad11","Rere","Sntb2"
"Igf1r","Parp8","Zdhhc13"
"Txn2","Erf","Mkrn2"
"Mrps35","Il13ra1","Pom121"
"Diaph2","Dnmt1","Iffo1"
"Nrep","Carmil1","Cry1"
"Prkce","Plekhg6","ENSMUSG00000121407_Gm6345"
"Htra2","Stx1b","Cep68"
"Cox5b-ps","Rela","Bcor"
"Dot1l","Gm49741","Gm56816"
"Tbc1d13","Arl13b","Klf11"
"Irf2bpl","Rab10os","Trim56"
"Neu1","Cep164","Actn4"
"Sgpp1","Parl","D330050I16Rik"
"Furin","Ipo5","Gm20632"
"Prps1","ENSMUSG00000121583_Zftraf1","Pgap1"
"Clu","Fam216a","Puf60"
"Lzic","Igf2r","Pcdhb17"
"Kmt5a","Rcor3","Zcchc10"
"Ccng2","4833445I07Rik","Snx27"
"Ddr2","Rnf7","Eif2b5"
"Lhfpl6","Sox5","Tmem14a"
"Lix1l","Gm5144","Cpd"
"Dtx2","Gtf2h3","Ppp1cb"
"Isca1","Gm6475","Rhbdd1"
"Snx33","A130010J15Rik","Ankrd44"
"Pls3","Ubald2","Ext2"
"Stxbp1","Trappc6a","Hspa5"
"Vmp1","Smc4","Podnl1"
"Epdr1","Rbks","Pnisr"
"Trafd1","Gm57085","Zmat1"
"Vwa8","Ppp1r3c","Gm5817"
"Insig1","Atl2","Gins4"
"Ndufa12","Ggnbp2","Rpl21"
"Ctsc","Slc12a2","Naa20"
"Tmem120b","Slfn9","Ccdc66"
"Slc25a24","Cmc1","Hras"
"Ip6k3","L3hypdh","Prpf19"
"Pea15a","Gm14636","Pak1ip1"
"Lima1","Rpp38","Rbbp7"
"Apba1","Gm4013","Peg13"
"Cyp51","Aaas","Rhbdd2"
"Col1a2","Slc8b1","Psmb5"
"Clic1","Tmcc1","B430319H21Rik"
"Cox10","Spaar","Hfe"
"Col5a2","Cacna1g","Eif2b4"
"Slc29a3","Runx2","Cpeb2"
"Psat1","Spryd4","Yipf1"
"Slc19a1","Vps13b","Gpr176"
"Thoc6","Mrpl17","Cbx1"
"Rnh1","Rtl5","Cfl1"
"C1s1","Gm14719","Msh2"
"Prrx1","Ebf2","Erg28"
"Isca2","Gm15545","Anpep"
"Ypel5","Mapk1ip1","Tfam"
"Capg","Usp42","Ist1"
"Pros1","Cchcr1","Plac8"
"Pcdh19","Rnf169","Qsox2"
"H1f2","Hsdl1","Atp6v1h"
"Eif1ad","Polr2j","Tmem59"
"Uqcrfs1","Tcp1","Cenpw"
"Asap1","Tango2","Ppip5k2"
"Lgalsl","Lpin3","Pcbp2"
"Pex3","Lbh","Ahsa1"
"Sdha","Clec11a","Fam234b"
"Isoc2a","Hnrnpa3","Pierce2"
"Osbpl5","Etaa1","Gm9794"
"S1pr2","Klf10","Coq10b"
"Tank","Gm26881","Map4k2"
"Ganc","Smap2","Pomk"
"Cd93","Noc2l","Gpr108"
"Abcb8","ENSMUSG00000121683","Suz12"
"Amotl2","N4bp2l1","Zfp579"
"Serhl","Adgrg1","Zbtb16"
"Rtn4ip1","Acad8","Pacs1"
"Cbx6","Cdc73","Cnot3"
"Cxcl16","Ascc3","Cog7"
"Mxra7","Cfdp1","Zfp346"
"Dr1","Gm11930","Slc35a3"
"Lsm1","Cxcl1","Adcy9"
"Coq8a","Bax","Sardh"
"Naa50","Fbxo30","Anp32a"
"Lama5","Sh3rf1","Bnip2"
"Dhrs9","Smc1a","Cd248"
"Flrt3","Lin54","Acvr2a"
"Piezo1","Cyld","Garin1a"
"Il1rap","Tnfrsf22","Zswim4"
"Slc15a4","Cyp2j6","2310040G24Rik"
"Sgms1","Slc12a4","Rad23a"
"Lrrc8d","Ripor1","Oma1"
"Fuom","Gm43667","Kmt2e"
"Rbm47","Exoc6b","Itfg1"
"Pop5","Exoc3l4","Vcl"
"Ndufs8","Zfp518b","Ccz1"
"Rgs16","Myo18a","Fam32a"
"Ccnd2","Gm57475","Rab3il1"
"Micos13","Col11a1","Fbxw7"
"Sh3glb1","Git1","P2ry10b"
"Idh3b","Crybg1","Dnaja2"
"Pam16","C030006K11Rik","Gdi2"
"Scara5","Limk2","Txnrd1"
"Ndufs2","Pelp1","Ptpn22"
"Emp2","Gm45495","Arsa"
"Gm35290","Pxdc1","Mmgt2"
"Cdip1","Foxp1","Josd2"
"Atp2b1","Nbea","Twist2"
"Grk5","Mtfmt","Gm56560"
"Map1a","Engase","Asap2"
"Dgkd","P2rx5","Lbr"
"Clpx","ENSMUSG00000121430","Pgghg"
"Isyna1","Srek1ip1","Rab11fip3"
"Nudt12","Abca5","Trem2"
"Tpm4","Etv5","Cdk1"
"Klhl5","Cep41","Zfp777"
"S100a6","Mindy2","Neat1"
"Armcx4","Trim6","Elp4"
"Vasn","Kdm7a","Mea1"
"Fdx1","Uros","Kat7"
"Xrcc5","Elof1","Macroh2a1"
"Whamm","Iglon5","Mapre3"
"Spart","Ccdc136","Six5"
"Prelid3b","Lamtor3","Ptp4a3"
"Slc25a3","Ssh1","Bclaf3"
"Washc5","Bbs4","Taf15"
"Wdfy2","Peak1","Abcd4"
"Chst1","Ehd4","Epha2"
"Tpi1","Ubtd2","Tm2d2"
"Fabp12","Gm57071","Fam20a"
"Plpp5","Fosl2","Eif2s1"
"Diaph1","Rab32","Lamtor2"
"C1ra","Abcb10","Map2k6"
"2310061I04Rik","Mapk8ip1","Thyn1"
"Phb1","Arhgap22","Strbp"
"Sri","Pinx1","Sfpq"
"Cemip2","Mrps7","C030015A19Rik"
"Vdac1","Aamdc","Shox2"
"Arhgef10l","Polr1d","Cpsf2"
"Trim47","Slc66a3","Ero1b"
"Fn1","Ptpn13","mt-Nd6"
"Mrpl49","Swsap1","4833419F23Rik"
"Adcy6","Cimap1c","Armc5"
"Ndufv3","Ptpra","Rpl27"
"Gm42067","Odf2","Smo"
"Slc25a11","Phf13","Dis3"
"Mpdu1","Rtl8a","ENSMUSG00000121788_4930431P19Rik"
"Numbl","Dip2c","Ptk2"
"Ndufa6","Rnf149","Hes6"
"Lmo7","Dctn3","Capns1"
"Ndufa7","Foxd2os","Capn1"
"Tpm3","Dhx58os","Tbc1d17"
"Bcl2l1","Acot13","Pknox1"
"Map4","Arsb","Gm56797"
"Mfsd4b1","Magi3","Zbtb1"
"Atp1b1","Sbf2","Zfp747"
"Hdhd3","Kyat3","Mxd1"
"Osbpl11","Adrb1","Tvp23a"
"Mgp","mt-Nd1","Arsk"
"Ndufa10","Hoxd8","Zbtb20"
"Renbp","Gm56623","Acsf3"
"Ier5","Socs6","Gfod2"
"Ndufa12-ps","Kpna6","Clcn6"
"Timm17a","Rprml","Tmem170"
"Bmpr1a","Npm1","Vcpip1"
"Ptpn4","Gm32655","Gm9951"
"Cnnm2","Scmh1","Camta1"
"Cp","Eml4","Nup93"
"Coa5","2310010J17Rik","Yju2b"
"Mafb","Fas","Cep15"
"Snx10","Mras","Scrn1"
"Ltbp2","Lrrfip2","Gm50069"
"Myd88","Mis18a","Tfap2a"
"Bzw2","Hmgn2","Cetn2"
"Mlana","Anapc5","Nmt2"
"Met","Tmtc4","Etv1"
"Filip1l","Nectin3","Paqr7"
"Prmt2","Gm14966","Gm44954"
"Ifnar2","Atp5mk","Msantd3"
"Pam","Polr1has","Psmd7"
"Emc9","Rangrf","Nudt17"
"Enc1","Rchy1","Mrps33"
"Plat","Kctd3","Mau2"
"Adcy5","Rffl","Lta4h"
"Cd47","Usp53","Ranbp2"
"Taok3","E430021H15Rik","Spa17"
"Irak2","Htatsf1","Hspd1-ps3"
"Cmtm3","1110046J04Rik","Wbp11"
"Gm56936","Mmachc","Hira"
"Ppfia1","Arhgef5","Fbxl12"
"Emp3","Socs4","Eif4a1"
"Cntln","Srp19","Zfp1"
"Eva1b","Slc4a1ap","Il18"
"Reep5","Zbtb37","2610008E11Rik"
"Ndst1","Osr1","Rpl39"
"Tmem242","Dusp5","Mfn1"
"Ptpa","Klf13","Cdkn3"
"Ndufb5","Dstn","Itgb3bp"
"Ubl3","Lpcat1","4632404H12Rik"
"Dysf","Kcna4","Llgl2"
"Gstm1","Map3k8","Hinfp"
"Slc25a5","Gpr137b","Topbp1"
"Tspan17","Tpcn2","Rad9b"
"Cox19","Cdc123","Tmem126a"
"Glmp","Pcdhga10","Snhg5"
"Tifa","Dync1li2","Zfp617"
"Slc27a4","Det1","Slx4ip"
"Pde4dip","Slc10a6","Eny2"
"Tefm","Trim30d","Gm4419"
"Pradc1","Srd5a3","Cfap20"
"Ap3b1","Fbxl17","9330159M07Rik"
"Ndufs6","Bfar","Nrf1"
"Ndufa2","Dhodh","Ydjc"
"Smim41","Shroom4","1110013H19Rik"
"Casp12","Rpain","Polk"
"Gpi1","Coq10a","Gm527"
"Atp1a1","Faf1","Usp1"
"Tmem70","2510009E07Rik","Rcc1l"
"Cacnb3","Spin1","Ipo8"
"Tspan18","Kif21a","Znf41-ps"
"Scara3","Uchl3","Flot2"
"Dusp9","Cdc37l1","Gm56507"
"Aig1","Trpm4","Usp48"
"Slc25a30","Hexim2","Sez6"
"Ggta1","Serpinb8","Efna5"
"Synm","Selenom","Cers2"
"Ndufb2","Mterf2","Gm42743"
"Gns","Nckap5l","Map3k10"
"Gas1","Sema4b","B3gat3"
"Lss","Hoxa5","Zfp93"
"ENSMUSG00000121347_Gm2011","Prcp","Mogs"
"Fam53b","Zfp995","Fgfbp3"
"Bnip3l","Tshz3","Arhgdib"
"Coq3","Spryd3","Trim65"
"Vim","Pex2","Bcl3"
"Zfp655","Tmub1","Gm36738"
"Ralgapa2","H1f3","N6amt1"
"Ndufb7","Sms","Mir5136"
"Plxna1","Stard3","Gsto1"
"Slc41a3","Chaf1a","Sbds"
"Tmem135","Casp8ap2","Slc9a1"
"Sparcl1","Sema3b","Gas2l3"
"Ier5l","Nin","Slc16a6"
"Mast2","Shld3","Letm2"
"Adrb2","Galnt10","Clk3"
"Mbnl1","Sertad3","Rsrc1"
"Alms1","Cep63","9930012K11Rik"
"Tmem53","Cystm1","Psmb2"
"Vcan","Zfp820","2310001H17Rik"
"Kyat1","Xrn1","Apobr"
"Mfsd8","Slc27a1","Eif4b"
"Mtres1","Hgsnat","BC051226"
"Sc5d","Usp22","Sephs1"
"Tspan4","Abca8b","Smpd4"
"Hoxa4","Dnal1","Wdr5b"
"Hsd17b10","Mga","Atrn"
"Copz1","D6Wsu163e","Flnc"
"Rsu1","Itgae","Hdac10"
"C1rb","Rpl9","Spg7"
"Nfib","Lcn2","Ddx23"
"Gm56945","Gmip","Nme6"
"Ubac1","Clcn2","Sec62"
"Aida","Styxl1","Cfap298"
"Ypel3","Agfg2","Kcnk2"
"Maoa","Zrsr2","Rpl19"
"Tst","Fgd1","Gas2"
"Ptcd2","Sigmar1","Adck1"
"Slc25a39","Kif20b","2900093K20Rik"
"Acsl5","Golim4","Pacsin3"
"Pak1","Gm6634","Snrpd1"
"Mc5r","Trib3","Rpl23"
"Tm4sf1","Mrm2","Cks1b"
"Sucla2","Rab11a","Pdgfa"
"Trappc5","ENSMUSG00000121871_Slc2a4rg-ps","Sec16b"
"Zfp503","Zfp280d","Ero1a"
"Nacc2","Sptlc2","Plk1"
"Rai14","9230114K14Rik","Otud4"
"Itpk1","Slc4a3","Ntn3"
"Nicol1","Ddb1","Dhx33"
"Nt5c","Oxld1","Igip"
"Nucb2","Ube2o","Kin"
"Pdha1","Smc2","Trim11"
"Tysnd1","Pkd2l2","Hltf"
"Ltc4s","Mroh1","Vac14"
"Adtrp","E230016K23Rik","Pfdn6"
"Triap1","Ep400","Chrd"
"Zyx","Sgcb","Svbp"
"Wwtr1","A930024E05Rik","Gm56864"
"Il1r1","Hmbs","Gm14586"
"Eif4ebp1","Nav2","Pomgnt2"
"Hopx","Sh2b1","Tbccd1"
"Nhsl3","Wfdc12","P4ha3"
"Mr1","Gm57170","Acsl4"
"Flad1","Hoxc13","mt-Tv"
"Washc2","Gm4285","Strip1"
"Dlst","Elac1","Cenpm"
"Axl","Ttc7b","Hic1"
"Lamb2","Mfsd12","Asl"
"Tusc2","Pum3","Unk"
"Slc35e4","Poc5","Clip2"
"2310001K24Rik","Tpst1","Sash1"
"Tceal9","Prnp","Polg2"
"Coq6","AW046200","Txndc17"
"Letmd1","Nceh1","Stn1"
"Vgll3","Pter","Nom1"
"Slc30a9","Senp7","Gm11942"
"Limk1","Klc1","Rhoq"
"Prkx","Ebf3","Kri1"
"Ddx17","Cenpc1","Ankle2"
"Errfi1","Ccdc25","Smim7"
"Auh","Nudt19","Hscb"
"Trib2","Ino80","Nomo1"
"Il1rl2","Cryl1","Zfp446"
"Gm2a","Acod1","Tacc2"
"Map3k5","Vps35","Nsun2"
"Psip1","Edrf1","Mtln"
"Sh3bp2","Arhgap27os2","Ndufaf6"
"Dglucy","Parvaos","Brd7"
"Prorsd1","Gm57388","Arfgef2"
"Pwwp3a","1810055G02Rik","Zhx3"
"Tmem176a","Gnptab","Cdc42bpg"
"Atrx","Vps37d","Ammecr1l"
"Selenbp1","Sp1","Klra6"
"Socs3","Fastkd2","Gm49017"
"Spp1","Carmn","Rpap2"
"Eea1","Nupr2","Nup85"
"Ap1s2","Pcna-ps2","Zfp748"
"Ly6c1","C330018A13Rik","Selenof"
"Sertad2","Ifi202b","Zfp947"
"Ifi27l2a","Slc16a9","Rusf1"
"Itm2b","ENSMUSG00000121653","Commd1"
"Pla2g12a","Mppe1","Nmd3"
"Angptl2","Mia3","Rbbp5"
"Ctsk","Nudt1","Atf7ip"
"Irs1","Ces1d","Cdkn2aip"
"Oxct1","Mta1","Rab2a"
"Dennd2a","Dennd5b","Pcgf3"
"Kdm6b","Brip1os","4930579G24Rik"
"Yme1l1","Lhx1","Aldh7a1"
"Prr13","Smchd1","Gm33989"
"Mturn","Smox","Cnrip1"
"Spry4","Slc2a1","Cbl"
"Gbe1","Stard9","Daam2"
"Rheb","Fxn","Acyp1"
"Nos3","Mdfi","Asf1a"
"Tmbim1","Hdac4","Zbtb47"
"Fem1a","Rps19","Thap11"
"Cpne2","A530020G20Rik","Ccndbp1"
"Lrrc58","Stxbp2","Zdhhc7"
"Igf2bp3","Setd2","Polb"
"Arhgap5","Ccdc144b","Edc3"
"Ddhd2","Gm16754","Stbd1"
"Sdhaf4","Pde12","Arl4c"
"Mmadhc","Slc44a1","Ttf1"
"Tmem82","Stx4a","Klhl36"
"Ifi30","Lpin2","B130034C11Rik"
"Znrf1","Dop1a","Fam131b"
"Aplp2","Lgals1","Fam149a"
"Dlg1","Slc35d1","Supt6"
"Nherf1","Phyhd1","Slc2a9"
"Zbtb5","Creb5","Rps19-ps11"
"Chmp1b2","Hectd1","Lrig3"
"Timm9","Gm14403","Prr5l"
"Ccdc102a","Mcts2","Spty2d1"
"Abcc5","Ttc12","Eif3e"
"Rin2","Rtn4rl1","Akt1s1"
"Timm10","Arid5a","Polr1e"
"Cst3","Usp9x","Otud3"
"Tnfrsf1b","Adam10","Gdpd2"
"Srebf1","Flii","Zfp691"
"Asns","Zc3hav1","Nol3"
"Dusp10","Fam118a","Syngap1"
"Os9","Sec61a2","Gripap1"
"Micos10","Rbbp6","Foxred2"
"Phldb2","Zdhhc8","Eif4g2"
"Pex1","Mrps22","Tpt1"
"Hdhd2","Gm57122","Gm4924"
"Trit1","Tmem62","Slc25a38"
"Ophn1","Cdc40","Arhgef12"
"Marcks","Pi4k2b","Xpnpep1"
"Fh1","Fut10","Abcb7"
"Ndufs4","Maip1","C920021L13Rik"
"Ndufaf3","Pex12","Car7"
"Ndufb11","Glo1","Cryzl1"
"Tmem109","9430081H08Rik","Stk40"
"Hddc3","Mcat","1110006O24Rik"
"Slc7a6","Cep43","Trmt5"
"Phip","Syt11","Caprin2"
"Inhba","Zeb2os","Tapbp"
"Mrps17","4933406C10Rik","G630016G05Rik"
"Ssbp2","Lactb","Srebf2"
"Hilpda","Gpr107","Glis3"
"ENSMUSG00000121494_9030619P08Rik","Pisd","Glb1l"
"Adam23","Gm56496","Cep120"
"Cdkn2a","Jmjd7","Lmln"
"Hexa","Klf16","Myo1d"
"Tbrg4","Bsg","Zfp33b"
"ENSMUSG00000121679","Rnf38","Mmp9"
"Acacb","Cep89","Klhdc8b"
"Gm33841","Cideb","Slc29a2"
"Scaper","Sec23ip","Cebpz"
"Pgam1","Btd","Ptpre"
"Slc25a46","Zfp65","S100pbp"
"Ankrd12","Steap1","Asgr2"
"Tmem63a","Gm43966","Ppp1r14b"
"Glipr2","Arfgef1","Zfp1007"
"Smim20","Pcgf1","Desi2"
"Sgk1","Pak4","Nr4a2"
"Sec22b","Gtf2f1","Lrrc75a"
"Cdkl5","Rtkn","Mia2"
"Cep170b","Pcbp3","Thoc1"
"Nmnat1","Fcho2","Mical2"
"Eci1","Elp6","Zhx2"
"Lrrk1","Ciao2a","Ddah1"
"Fkbp11","Cacnb1","Bbs2"
"Emp1","Fndc3b","Pigs"
"Trp63","Pphln1-ps1","Ppan"
"Nipsnap2","Usp35","Eif4g3"
"Galk2","Bcl7c","Gse1"
"Ano6","Trmt10c","Rmc1"
"Gm10603","Pacsin2","Senp5"
"Osmr","Pear1","Ttc9c"
"Slc29a1","Tfcp2","Wbp2"
"Tmem60","Ttbk2","Ccdc137"
"G3bp2","Adam15","Tmem42"
"Atp10d","Gm6789","Mvb12a"
"Hspb8","Plekhn1","Lzts2"
"Fam110a","Bloc1s6","Brwd3"
"Gm56915","Wdr93","Ilk"
"Ppp1r1a","Hspa13","Glrx2"
"Mmp2","Chm","Lingo4"
"Idh3g","Map2k4","Gm39213"
"Dusp22","Gm57385","Cand2"
"Nab2","Spidr","Pfdn5"
"Fgfr1","Scaf11","Memo1"
"Sun2","Slc23a2","Dand5"
"Hk2","Tsc22d2","Maged1"
"Pcyt2","Sass6","Plekhm2"
"Irf2","Fbxl19","Gm14303"
"Susd6","Katnal2","Strada"
"Foxred1","Dmxl2","Kazald1"
"Immt","Tgfb1","Cdk12"
"Ciao3","Wdr5","Chn2"
"Septin7","Ufd1","Zc3h3"
"Antxr1","Yipf4","Parn"
"Fastkd1","Coq2","Mterf1b"
"S100a13","Zfp583","Nfkbil1"
"Tmx2","Cisd2","Aimp2"
"Borcs5","Med6","Chchd1"
"Serpine1","Trappc12","Pias1"
"Appl2","Dzip1l","Faim"
"Adgrg2","Rapgef6","Bri3bp"
"Slc16a10","Fem1b","Dnase2a"
"Gm29688","Arsg","Luc7l2"
"Ephx1","Kalrn","Psmd14"
"Akna","Tle4","Marf1"
"Gba1","Cmpk2","Ackr3"
"Tspan5","Ptpn23","Zfp787"
"Rnf144b","Pbdc1","Tet3"
"Atp2b4","Gm19605","Aldh3a2"
"Wdr6","Platr25","Pdrg1"
"4933412E12Rik","Osbpl10","Shprh"
"Steap2","Pcna","Arcn1"
"Nlgn2","Calr3","Cfap300"
"Il15","Cbr1b","Skic8"
"Zfp267","Trmt6","Osgin2"
"Ppp1r3b","Nfyc","Pex6"
"Rasa4","Fam171a1","Cnnm4"
"Hacd1","Idua","Dennd10"
"Tnc","Apc","Cyp2c23"
"Fam114a1","Gm56824","Rps7"
"Angpt2","Rab11b","Btbd19"
"Dnaja3","Stxbp5","Caprin1"
"Itga7","Mdc1","Zfp873"
"Ndufb4","Gm49785","Bmi1"
"Sdhaf1","Lmbr1","Csrnp1"
"Arrb2","Nup62","B2m"
"Dpy19l1","Wasf2","Maf1"
"Smyd3","AW112010","Topors"
"Zfp703","Spast","Gm26670"
"Tecr","Dact3","Nolc1"
"Vegfb","Rnf128","Akr1b10"
"A430046D13Rik","Ppp1r12c","Gm30108"
"Plxnd1","Zfp3","Npr2"
"Svil","Tfb1m","Sbno2"
"Plxnb2","Gins1","Endod1"
"Gxylt2","Lekr1","Kctd11"
"Ro60","H2bc21","Ing2"
"Sh3bgrl3","Nfkb2","H4c14"
"Kctd10","Golm1","Zfp354a"
"Loxl1","Plekha5","Rrp7a"
"Hivep3","Cfap68","Gnaq"
"Tshr","Gm16675","Map2k2"
"Praf2","Add3","Rufy4"
"Echdc3","Gm20125","Zfp788"
"H2ac25","Plekho2","Rcn3"
"Fam241a","BC049987","Rsrp1"
"Lgmn","2700062C07Rik","mt-Tt"
"Pbxip1","Uggt2","Zc3h11a"
"Rapgef3","Zscan26","Pafah1b2"
"Prss23","Tmem177","Ppp1r8"
"Nudt3","Gm16124","Taf2"
"1700080G18Rik","Arl6ip4","Borcs7"
"Rnasel","Gpsm2","Prkdc"
"Smim29","Kank3","Pals2"
"Klf4","Gm53610","Proser3"
"Bcs1l","Epc1","Rpusd3"
"Mrpl47","Brap","Vipas39"
"Rock1","Cgas","Dcbld1"
"Psmd4","Zbed6","Pyroxd1"
"Anxa5","1700113A16Rik","Mrps25"
"Apbb1","Larp7","Apoe"
"Slc6a8","2410006H16Rik","Parp1"
"Bhlhe40","Timeless","Exosc9"
"Junb","Gm5436","Tspan31"
"Rnf4","Gm57457","Cby1"
"Cmc2","9330175E14Rik","Gm31728"
"Lasp1","Farp1","Apod"
"Radil","Slc33a1","Gm2830"
"Pacs2","Hp1bp3","Dgke"
"Ppp2ca","Tbc1d10a","Zfp953"
"Flrt2","Cdadc1","Nhp2"
"Asb1","Mpnd","Thbs3"
"Twsg1","Gm8186","Rsbn1"
"Dtx3","Hat1","Cxxc5"
"Atp5mj","Adss2","Glis1"
"Tns3","Ptpn1","Mettl1"
"Kank2","Chd9","Adss1"
"Nat8f3","Smim8","Brca1"
"Glis2","Dcps","Gmppa"
"Fdft1","Rnf111","Zfp790"
"Ibtk","Spire1","Strn3"
"ENSMUSG00000121483_Gm20257","Smcr8","Tfe3"
"Nid1","Ntan1","Pfdn4"
"Dtx4","Cry2","Gm13611"
"Oplah","Fez2","Ifnar1"
"Retn","Nadsyn1","H1f4"
"Dlg5","Gatad2a","Rps3a1"
"Tmem231","Mcts1","Pir"
"Wdr81","Lppos","Cep104"
"Fryl","Gm42815","Zc3h6"
"Psma5","Rbis","Nap1l1"
"Hk1","Depp1","Cyp4v3"
"Tmem245","Cdkn2d","Plekhm3"
"Mix23","Lrch3","Upp1"
"Gfm1","Pi4ka","Retreg3"
"Ifi27","Vps33a","Arf5"
"Cnn3","Dok4","Klhl23"
"Klhdc10","Uimc1","Rai1"
"Spsb2","Rpp25l","Tufm"
"Tdrp","1810019D21Rik","Ppm1m"
"Pmm1","Gm10638","1700010I14Rik"
"Bicc1","Rab10","Cdk20"
"Atg4d","B230322F03Rik","Pkm"
"Slc4a7","Postn","Smg5"
"Slc50a1","1810024B03Rik","Jag1"
"Lrrcc1","Pigo","Gm39193"
"Csrp1","Nampt","Tcea2"
"Bud31","Arf6","Tbc1d10b"
"Romo1","Gm10509","B3gntl1"
"Cygb","Sprr1a","Kif7"
"Angpt1","Atf6b","Gm43254"
"Uba6","Zdhhc4","Srd5a1"
"Pnp","Mfsd9","Sumf2"
"Runx1","Gtf2ird1","Fam83h"
"Cstf2t","Pik3r1","Cgref1"
"Sgcd","Pkn2","Rpl15"
"Med13l","Ptgs2","Prkaa1"
"Mrpl36","Ighmbp2","Gm57354"
"Tmem14c","Pou6f1","Zfp597"
"Gprin3","Gm13341","Tars1"
"Bptf","Serpinb9b","mt-Tl1"
"Mgrn1","Gm16163","Ostm1"
"9330133O14Rik","Mrpl39","Gm43566"
"Swap70","Nup54","Ppp1r7"
"Pogk","Btg2","H6pd"
"Clstn1","Gm13470","Hlcs"
"Ece1","Dyrk1b","Naa15"
"Stx2","Ttll1","Cyth2"
"Leng1","Mrps30","Zfp24"
"Cybc1","Trim67","Map3k6"
"Zc2hc1a","Sltm","Fus"
"Gdf5","Tmem138","Surf2"
"B230208H11Rik","Lmna","Dgkq"
"Rcn1","4933440N22Rik","Fam185a"
"Ric8b","Gm45338","Ipo13"
"Smarcc1","6720427I07Rik","Aox1"
"Tulp3","H2bc6","Klra4"
"Tprg1l","Tmem126b","Galnt7"
"Prkg2","Bag3","Ankrd16"
"Lnx2","Arhgap19","Med4"
"Mgst2","Hells","Prxl2b"
"Spg21","Mtg2","F8"
"Plekhg5","Lemd3","Scnn1a"
"Snhg3","Pmpcb","Exd2"
"Ezr","Alkbh4","Tvp23b"
"P2rx4","Lrrc27","Polr1f"
"Cth","Pcm1","Hnrnpd"
"Frat2","Rbm19","Nrbf2"
"Cyb561","Slc30a1","Rbms2"
"Grsf1","C330018D20Rik","Gtf3c6"
"Tgoln1","Vmn1r4","Dcaf8"
"Por","Trp53cor1","Dapk1"
"Hs1bp3","Suv39h2","Dpm2"
"Mrpl37","Apeh","Hars1"
"Bag2","Ptms","B230217C12Rik"
"Rnf19b","Ccdc22","Pura"
"Zkscan3","Eri1","Patj"
"Chrna2","Gm15441","Rpl30"
"Pgd","Aftph","Swt1"
"Bhlhb9","1810041H14Rik","Abcf1"
"Cds2","Dusp15","Dcun1d5"
"Itgb2","Grem2","Gm56582"
"Mc2r","Ndrg3","Ruvbl2"
"Poldip2","Net1","Tmem184c"
"Mrps16","Rad54l","Trp53rkb"
"Asap3","Spns1","Efhc1"
"Slc25a25","Tm9sf1","Tk1"
"Fbn1","Zfp992","9530077C14Rik"
"Usp6nl","Nasp","Rbm8a"
"Egr1","A530013C23Rik","Cyp2c55"
"Gm19531","Plpp2","Rgs4"
"St6galnac4","Eogt","Lsm12"
"Ppp3ca","Gm8566","Gm9892"
"Cdca7l","E2f1","1110002L01Rik"
"Sephs2","Tcf7l1","Rprd1b"
"Preb","Slc37a2","Mnat1"
"Efemp2","Yif1b","Seh1l"
"Mrpl43","Naip2","AW209491"
"Cep290","Kidins220","Gsdme"
"Plekhf2","Mfsd5","Ddx18"
"Klhl2","Mcm3","Dpf1"
"Lrrc32","Zfp442","Tia1"
"Src","Rsad2","Ap2a1"
"Prps2","Tmem121","Gm56489"
"Pxmp2","Pknox2","Synrg"
"Atp6v1b2","Slfn2","Prr14"
"Ndufa13","Ccdc125","Elovl1"
"Mcee","Irf3","Adck5"
"Jmjd6","Fancl","Akr1b8"
"Sipa1l2","Rictor","Hdlbp"
"Uba3","Ugp2","Crk"
"Vdr","Pogz","Gabarapl1"
"Cnpy4","Pcdhga6","Tbc1d19"
"Mpst","Gm11696","Hectd2os"
"G6pdx","Syne1","Dis3l2"
"Krt36","Zfp74","Xpa"
"Arhgef10","2900052L18Rik","Desi1"
"Dnajc18","Lmf1","Map6"
"Ust","Manea","Norad"
"Mrpl51","Bbof1","Stam"
"Atg16l1","D130020L05Rik","Wdr45b"
"Mob4","Ncald","Rfxank"
"Fbxl14","Plekhg2","Dcaf10"
"Mcoln1","Hmg20b","Ebna1bp2"
"Tpp1","Dcp2","Dcaf17"
"9130401M01Rik","Nsrp1","Ldlr"
"Iba57","Wls","Suox"
"Mrpl3","Sorbs3","Grpel2"
"Tmem216","Magi1","Pcmtd1"
"Ppip5k1","Gzf1","Taf1"
"Rell1","Nsmce1","Emc4"
"Myorg","Htt","Epor"
"Pole4","Gpr135","Telo2"
"Septin8","Mx1","Zfhx4"
"Slc45a4","Rbm28","Sub1"
"Gm13205","Smarca5","Ccnl1"
"Actb","Elk3","Scaf1"
"Mtfr1l","Ppm1b","Rpl5"
"Mrpl57","Nme7","Dynlrb1"
"Prkag2","Top2a","Psme1"
"Litaf","Vps28","Ccs"
"Ckap4","Gm37691","Pald1"
"Ubqln2","Gm56909","Mirt2"
"Rhot2","Amacr","Gapvd1"
"Cntrl","Tmeff1","Ift81"
"Gm41541","Slc25a32","Mbd5"
"Spcs3","Lrrc8c","Ocel1"
"Mrps23","Psmc3","Psmb4"
"Pdp1","Nsmf","Rps23"
"Mrpl30","Zc3h12c","Pten"
"Pim1","Mcu","Zfp318"
"Glb1","Gm6451","Mettl5os"
"Stambpl1","Nde1","Cyp26b1"
"Hsd11b1","ENSMUSG00000121794","Rtraf-ps"
"Gm57341","Ift70b","Pdcd10"
"Kifc3","Tomm7","Amz2"
"Frmd8os","Esyt1","Egfl7"
"Thbd","Ints4","Gm13736"
"Cd276","Lrp6","Rrm2b"
"ENSMUSG00000121445","Glg1","Cenps"
"Gpd2","Sys1","Zkscan17"
"Slc1a4","Copz2","Vps50"
"Rhebl1","Ttll12","Cep19"
"Cox11","Ppp1r10","Sdf4"
"Eepd1","1110020A21Rik","Dennd1b"
"Abhd3","A930033H14Rik","H2ac6"
"Tmem88b","Exoc7","Ints10"
"2610029K11Rik","Mtif3","Pabpc4"
"Gid8","Gm42979","Gosr2"
"Podn","Ube2t","Psmb8"
"Mul1","Micu1","Polr2d"
"Cdc42ep5","Tlr6","Fam120a"
"Sik1","Nsun4","Lnpk"
"Ufsp1","Fzd8","Tecpr2"
"Nrn1","Ccdc69","Tcea1"
"Adrb3","Gm48909","Cd2bp2"
"Slc9a8","Cad","Kansl3"
"Poglut1","Baz2a","Ppp1r13l"
"3300005D01Rik","Nckap1","Vgll4"
"Papola","Mmaa","St3gal3"
"Timm10b","Otub2","Psrc1"
"Mkks","Gnb1","Arl10"
"Golph3","Dcp1b","Elob"
"Cyb561a3","Dhx37","Zfp764"
"Unc93b1","Svep1","Lsp1"
"Ift43","St7","Phaf1"
"Ift57","Ctdp1","Slc52a2"
"Lrp11","Stau1","Gm47071"
"Il34","Prune2","Ldlrap1"
"Car2","Tmem119","Eef2k"
"Ptges2","Skap2","Ubqln4"
"Setd7","Gpr162","Dnaja1"
"Ap3m2","Ormdl2","Sec61b"
"Rgs2","Rmdn1","Keap1"
"Tmem33","Flvcr2","Bzw1"
"Dhcr24","C130013H08Rik","Ncstn"
"Sox9","Tshz1","Rrm2"
"Rad51d","A430035B10Rik","Pdcd2"
"Ralbp1","Mettl23","Rars1"
"Poln","Zfp595","Tmem17"
"Srgap3","Edem1","Lrrc47"
"Dennd2d","Tbc1d2","Ntmt1"
"Reep3","Ttc28","Zbtb34"
"Asb8","Zup1","Anapc13"
"Tprkb","Usp10","Orc3"
"Ncoa4","Atox1","Card6"
"Slc15a3","Elk4","Psmc4"
"Eda2r","Tmcc2","Hexd"
"Gm31070","Scarna17","Eloa"
"F11r","Ep300","Zfp94"
"Pdgfra","Zfp282","B230377A18Rik"
"Ccdc115","B930046K06Rik","Nxt1"
"Ell","Tecpr1","Chuk"
"Mmp3","Calhm5","Id4"
"Mindy1","Clec10a","Ash2l"
"Nectin2","Crnkl1","Arhgap23"
"Ndufa4","Jtb","Adat1"
"Hccs","Abca7","Xab2"
"Fkbp5","Pcyox1","Matr3"
"Zfpm2","Hsd17b14","Kcnq1ot1"
"Amot","Sacs","Fam135a"
"Hdgfl2","Fancc","2900089D17Rik"
"Urgcp","Nbas","Erlec1"
"Gsn","Atg7","Hnrnpul2"
"Xpr1","Tprn","Smarca1"
"Limd2","Atxn7l1","Upf3b"
"Tkt","Enox2","1700084E18Rik"
"Jak1","Ankrd50","Snhg17"
"Itm2c","Gm45494","Txnrd2"
"Ccdc82","Dlx4","Hmg20a"
"6330409D20Rik","Afdn","Pigb"
"Rtl8b","Prl2c2","Ncs1"
"Ptpn21","Fbxl8","Hdgf"
"Abtb2","Hnrnpdl","Ubap1"
"Znhit3","BC025920","Cobll1"
"Itpka","Zfp365","Zfp11"
"Phtf1","Gm32031","Map3k4"
"Abcg2","Samd4b","Nacc1"
"Snx9","Fbxl18","Sgsh"
"Nr1h3","Gm10642","Zbtb11"
"Dlg3","Pced1a","Aven"
"Sertad4","Cfap418","Kdm2b"
"Atm","Dguok","Cmc4"
"Cttnbp2nl","Mapkapk2","Csnk2a1"
"Ednra","Tubd1","Rab4a"
"Six4","Morc3","Gper1"
"Apobec3","Pfkp","Gas5"
"Fgf7","Hmgxb4","Katnip"
"Rhoc","Phf1","Uhmk1"
"Mfsd1","Commd1b","Ints5"
"0610005C13Rik","Setbp1","Creb3l2"
"Krt80","Ubl4a","Rnf123"
"Ndc1","Ric8a","Nlrc5"
"Tnfaip1","Zc3h12a","Pcdhb22"
"Zbtb4","Sde2","Pxk"
"2210016L21Rik","Tgs1","Abhd10"
"Mnt","Rfesd","Pnpo"
"Mycbp2","Myo6","Smg7"
"Rnaset2a","Dpm1","Alg3"
"Mycbp","Bicd2","Abhd17a"
"Nudt13","Iws1","Selenot"
"Ncoa3","Akr1c14","Ptrh2"
"Gsk3a","A630089N07Rik","Ddx19a"
"Anxa3","Gm10575","Lysmd3"
"Brd9","Cavin3","Sfmbt1"
"Hexb","Opn3","Agap1"
"Arfgap3","Pcgf6","Mzt1"
"Angptl8","Yy1","Rhod"
"Gm5617","Lca5","Chpf2"
"Rwdd4a","Arhgap31","Rexo1"
"Gnai3","Lbp","Ctbs"
"Scly","Ddt","Eef1akmt2"
"Papss2","Tor1b","Slc40a1"
"Tomm22","Aup1","Dusp23"
"Rcan1","Zcchc9","Ube2z"
"Hyal2","Gm50340","H3f3a"
"Pcbp4","Sp100","Mettl15"
"Azin1","BC037704","Prdx2-ps1"
"Kifap3","Rfng","Plekha2"
"Atpsckmt","Gm43860","Xpo7"
"Dync2li1","B4galt2","Gtf2f2"
"Rarres2","Klf9","Fam3a"
"Gmds","Atp5pf","Sp2"
"Plec","Apol9a","Fam120b"
"Fam124a","A430033K04Rik","Chtf8"
"Cd59a","Gm57402","Zfp157"
"Napepld","Gm57315","Cibar1"
"Uqcc4","Stk38l","Tmem175"
"Gpx1","Bdnf","Golga5"
"Speg","Gm19248","Vps72"
"Cnbd2","Tead3","R3hcc1"
"Nexn","Usp19","Smarce1"
"Cacng7","Gm45380","Orai3"
"Tesk1","Plcl1","Nsmaf"
"Selenon","Msln","Gtpbp8"
"Vegfd","Coro2b","Btf3"
"Syvn1","Fhl1","Tmem201"
"Clcn7","Kpna4","Crppa"
"Pcolce","Trio","Vars1"
"Syn2","Zc3h13","Edem2"
"Insr","Ube2d2a","Impdh2"
"Immp1l","Cirbp","Nr3c1"
"Cox17","Eppk1","Tnpo3"
"Fbxo25","Prkacb","Shb"
"Lactb2","Ank2","Baz1a"
"Bdh2","Tsr3","Eml3"
"Nkiras1","Atic","Ints3"
"Erap1","Cd320","Tbca"
"Scpep1","Ddx41","Setd5"
"Gpat4","Sumo1","Arglu1"
"4930523C07Rik","Usp24","Slc26a6"
"Ogfod2","Gm11940","Ctu1"
"Mkln1","Actl6a","Cript"
"Gm36180","Gdnf","Mvp"
"Ciapin1","Pbx2","Sugct"
"Notch2","Dgkz","Snx21"
"Bcl6","Tnfrsf9","1700025G04Rik"
"Dpp7","Abcb1b","Usf1"
"Fam120aos","Wdr83","Cc2d1b"
"Trpm7","Usp31","Arnt"
"Rassf3","1700086O06Rik","Zfp954"
"Add1","Nthl1","Pcnp"
"Ptprm","Atosb","Khk"
"Zfp768","Snx6","Acad9"
"Cpeb3","Ears2","Edem3"
"Gm15459","Prdm9","Tcirg1"
"Rgs12","Akirin1","Rps27l"
"Ndufb1","Sanbr","Rragc"
"Foxn3","Bcr","Tsg101"
"Arhgap10","Cln8","Slc4a2"
"Eif1b","Lst1","Ctbp2"
"Ndufa5","Bsdc1","Rsl24d1"
"Hacl1","Atp5mg","Zfyve16"
"Ehbp1l1","Ttc39aos1","Carnmt1"
"Epm2aip1","Mocos","Usp14"
"Stoml1","Bambi","Plcd1"
"Pdia5","Hars2","Ankrd11"
"Ptgis","Zfp688","Mrps10"
"Tbx15","Thumpd2","Hnrnpr"
"Tnip2","Ehmt2","Dnajc21"
"Mapk3","Bmpr2","Hectd4"
"Acvr1b","Xpo6","Hdac2"
"Ndufaf8","Mob3a","Brat1"
"Fam110b","Nudcd2","Tmem263"
"Hspd1","Cnot6l","Aurka"
"Sesn3","Ssc4d","Trp53rka"
"Cyfip1","Tubgcp2","Pard6g"
"ENSMUSG00000121489_1810014B01Rik","Etfbkmt","Ube4a"
"Tgm2","Plgrkt","Wdr43"
"Smad7","Eftud2","Skil"
"Coasy","Slc20a2","Qars1"
"Lamc2","Fermt2","Hmgcr"
"Abi3bp","Pgam5","Hmmr"
"Wipf1","Nktr","Mark4"
"Smarca2","6430548M08Rik","Vamp3"
"Cox7a2l","Mfsd13a","Asrgl1"
"Dixdc1","Pus1","Herc3"
"Mrpl2","Adgrg6","Zmynd19"
"Tmem106a","Ptger4","Ift140"
"Swi5","Gng12","Cyb561d2"
"Bmp1","Fbh1","Cops4"
"Lipa","Kif5b","Med21"
"Cmip","Kif2a","Rnf6"
"Cbfb","Rnaseh2b","Dbr1"
"Ppm1a","Commd6","Arl16"
"Ergic1","Snx32","Dhx16"
"Vwa5a","Mafg","Crtc1"
"Camk1","K230015D01Rik","Atg2a"
"Ppdpf","Lcmt2","Lrrc8a"
"H4c8","Akap9","Man2a2"
"Fth1","Asb13","Gart"
"Phkg1","Phka2","Lmbrd2"
"Scd3","Cks2","Cebpzos"
"Dusp4","Srrm1","Nelfcd"
"Uqcc6","Sema4a","Tomm5"
"St3gal5","Rnf2","Cyb5r3"
"Prkag1","Eml2","Map2k7"
"Tlcd3b","Nek9","Mepce"
"Gm44771","Arhgap33","Atad1"
"Myl6b","Cdk19","Luc7l"
"Slc39a11","Zfp26","Slc35a2"
"Nuak2","Chml","Shmt2"
"Hmox2","Obi1","Btg1"
"Plvap","Cybb","Usp36"
"Ehbp1","Slc35f6","Aga"
"Syap1","Nufip1","Pycr3"
"Atp6v1e1","Chmp3","Apbb3"
"Tnfrsf12a","1700018L02Rik","Pnpla6"
"Gng10","Dbn1","Snrpb2"
"Dynlt2b","Inafm2","Pfdn2"
"Trak1","Mfsd3","Gtf3c1"
"Mylk","Arid2","Stk35"
"Kif1c","Crtc2","Mocs1"
"Cabp4","Slc2a6","Lamtor1"
"Adarb1","Naa30","Npr3"
"Myl12a","Supt16","Canx"
"Scamp1","Fmo5","Phlpp2"
"Frmd6","Csnk1e","Pycr2"
"Acot7","Kcnn4","Yipf5"
"Fahd1","Psmb1","Atf6"
"Prelp","Septin10","Cpsf6"
"Exd1","Cog6","Ndfip1"
"Qsox1","Zkscan14","Zbtb12"
"Ift74","Khdrbs1","Stx18"
"Cyb5rl","Tmem87b","Hpf1"
"Nek7","Dek","Zmym4"
"Pld3","Sec23a","Pnrc1"
"Cdon","Frg2f1","Ift22"
"St3gal1","Uxt","Orc6"
"Bri3","Pold3","Spcs1"
"Serpina3n","Pdss2","Sox11"
"Timp1","Usp27x","Srsf4"
"Cdh11","Usp12","Stx7"
"Cd82","Cdt1","Scaf8"
"Ttc21b","Grik5","Lacc1"
"Sgms2","Dnajb14","Cnot9"
"Hycc1","Ankrd46","Tmco1"
"Btnl12","Slc19a2","Ccne2"
"Mir100hg","Mcm5","Sf3b1"
"Frey1","Dock7","Mat2a"
"Stradb","Rnf114","Pias4"
"Wtip","Rab11fip1","Fn3krp"
"Vasp","Nopchap1","C2cd2"
"Ptges3l","Dse","Atrnl1"
"Myo19","Diaph3","Zfp513"
"Armcx2","Dclk2","Ggcx"
"Col6a2","Mphosph9","Tdp1"
"Sar1b","Utp23","Zmiz2"
"Psme2","Atoh8","Gaa"
"Cdc25a","Gin1","Fam219b"
"Fbxo4","Gm16740","Eif2b2"
"Mlst8","Vash2","Rusc1"
"Csgalnact2","Sppl3","Arhgef7"
"Farsb","Dennd4c","Rex1bd"
"Bahd1","Pak2","Gpx4"
"Zfp770","Gm57465","Anapc4"
"Cers6","Mef2a","Limd1"
"Hs6st2","Ywhah","Iars1"
"Cdk2ap2","Alkbh6","Kdm6a"
"Chchd10","Tcaim","Bak1"
"Ly96","Ndc80","Trmt2a"
"Zfp740","Syne2","Dus1l"
"Adck2","Traf2","Peli2"
"Cc2d2a","Nvl","Noa1"
"Slc25a13","Slc22a5","Mrps12"
"Gm15411","Phf11b","Mast4"
"Abhd11","Knop1","Numa1"
"Micall1","St7l","Stat6"
"Ltbp1","Smtn","Nt5c3"
"Gm49774","Arvcf","Rpl3"
"Klhl25","Cask","Toe1"
"Hyi","L3mbtl3","Dnajc16"
"Cd81","Mrps18c","Tbc1d31"
"Clip3","Usp54","Ppp2r5c"
"Cstpp1","Magi2","1700001O22Rik"
"Ppp1r12a","Jpt2","Cutc"
"Stom","Acsbg1","Fndc10"
"Tspan6","Rnf213","Ppp6r1"
"Slc35f5","Ttll5","Ifit3b"
"Pigyl","Zc3h14","Atp13a2"
"Cdc34","Dtd1","Tsc2"
"Lipt1","Mrpl24","Smc5"
"Eeig2","Polr3d","Gle1"
"Bysl","Tm9sf3","Gdi1"
"1700123O20Rik","Lrrfip1","Hdac5"
"Akip1","Ccdc117","Commd2"
"Wipi1","Arfip2","Nusap1"
"Impact","Kif4","Vars2"
"Atxn1","Ifi47","Leo1"
"Lyrm4","Dad1","Rbm39"
"Higd1a","Rabep2","Txndc9"
"Igfbp3","Atg3","Btaf1"
"Orm2","Parp4","Ago1"
"Ofd1","Smyd2","Cav1"
"Iars2","Mcm10","Akap8l"
"Zfp91","Osbpl9","Msantd4"
"Gm22748","Sec11a","Abhd8"
"Opa1","Crybg3","Rap2c"
"Uqcc2","Gorab","Mak16"
"Crlf2","Synj1","Anxa7"
"Snf8","Chd8","Eef2kmt"
"Sh3bp5","Pigt","Hmgb1"
"Scoc","Foxk1","Wiz"
"Rrn3","Dnajc8","Rmnd5a"
"Mmp23","Pigw","Pik3r4"
"Man2b2","Gm7160","Zfp275"
"Cenpv","Zfp874b","Pcgf5"
"Fut11","Emc7","Vps39"
"Reep4","Gpalpp1","Bag5"
"Cacna1a","Washc4","Phkb"
"Surf4","Dbf4","Col4a2"
"Gm45769","Ccdc107","Cxxc1"
"Nr2c2ap","Atp6v0a1","Eif4a2"
"Arhgap28","Ptk7","Prpsap1"
"Nipsnap3b","Xrcc4","Uba52"
"Smad3","Mars1","Hmgxb3"
"Mkrn1","Slc9a5","Yeats2"
"Fuca2","Hmgn5","Kpnb1"
"Anxa1","Snapin","Casd1"
"Apol6","Snx18","Taf1b"
"Tln1","Ptpn2","Sec61a1"
"Ifitm6","Gatad2b","Snrpa1"
"Agbl3","Phc2","Klhl26"
"Gt(ROSA)26Sor","Cwc25","Vps11"
"Ndufaf1","Zkscan5","Zbtb7a"
"Gm47096","Ank3","Pofut1"
"Tmem150a","Proser1","Commd8"
"Sacm1l","Mbnl2","Brpf1"
"Synj2","R3hdm2","Cltb"
"Ldhb-ps","Ado","Cep170"
"Gm47595","Sema6d","Hsf2"
"Ccdc34","Eef1akmt4","Rbm15b"
"Gm43645","Prdm4","Brf1"
"Timp2","Dffa","Rnf220"
"S100a8","Hapln4","Smg6"
"Fbxo8","Plekho1","Actr1b"
"Gas8","Syncrip","Rps11"
"Tmsb10","Pvt1","Slit3"
"Polrmt","Stk11ip","Mrpl28"
"Acy1","Jak3","Rpl12"
"Tgfbi","Glmn","Katnal1"
"Fst","Ipmk","Cpsf7"
"Clec16a","Phtf2","Bud23"
"Man1a2","Stmp1","Clip1"
"Gm57241","Ndst2","Hspa8"
"Cnn2","Kti12","Rpl34"
"Rpp14","Ccar1","Ate1"
"Hotairm1","F8a","Aurkaip1"
"Arl6","Gsta4","Derl2"
"H2-M3","Fen1","Rps27a"
"Grcc10","Zscan12","Fip1l1"
"Kank1","Tctn3","Ap1s1"
"Enpp1","Ercc1","Sdf2"
"Gars1","Bckdk","Cdh13"
"Snx17","Spef1","Nxn"
"Bclaf1","Pnrc2","Ptges3"
"Il6ra","Trip12","Adipor1"
"Sec24b","Slc20a1","Vps26c"
"Fmo1","Ppp1r16a","Fam20b"
"Clmp","Mien1","Grn"
"Sycp2","Cc2d1a","Tm2d3"
"Casp3","A730063M14Rik","Rps6"
"Optn","Uck2","Amfr"
"Gm15867","Zfp598","Raph1"
"D330023K18Rik","Adal","Ubap2l"
"Elf4","Zfp410","Gskip"
"Pxn","Pbrm1","Mrps21"
"Ammecr1","Phykpl","Golga3"
"Rnd1","Slc35b2","Kras"
"Cep20","Mmp24os1","Ostc"
"Fam210a","Def8","Tacc1"
"Maf","Ptbp2","Surf1"
"Maml3","Rbbp8","Ppp1ca"
"Clock","Plekhb2","Gadd45gip1"
"Zfp821","Smc3","Hbp1"
"Nrg1","Arhgap21","H2az2"
"Ipo9","Mapkapk3","Pdap1"
"Mrpl4","Herpud1","Set"
"Trmt2b","Cip2a","Ube2e3"
"Hpdl","Rbmx","Rpsa"
"Slc30a7","Brip1","Sel1l"
"Gabbr1","Rab1a","Phf20l1"
"Rab1b","Polr2m","Phax"
"Fstl1","Ddx10","Brd3"
"Wdr19","Rab23","Ywhaq"
"Col4a5","Zfp512","Kdm4b"
"Plk2","Tepsin","Abcg1"
"Cpeb1","Nfil3","Galk1"
"Dnm1","Pwwp2b","Scyl1"
"Cyrib","Cdr2l","Pum1"
"Limch1","Nqo2","Trip6"
"Gm56833","Ccnl2","Gnb2"
"Ppm1h","Bola2","Tnrc6a"
"Gpcpd1","Atf7","Trappc3"
"Slc7a2","Kdm3a","Wdr26"
"Efr3a","Ilrun","Tgfbr3"
"Phf21a","Srrm2","Tmx4"
"Gfm2","Ash1l","Hsp90b1"
"Serp1","Cdk11b","Trir"
"Ip6k1","Agap3","Egln2"
"Fam171a2","Gpank1","ENSMUSG00000121749"
"D8Ertd738e","Chd1","Rac1"
"Samd5","Utp14a","Slmap"
"Prdx4","Tab1","Glyr1"
"Rcl1","Nr2f2","Fam114a2"
"Mecomos","Rest","Calm2"
"Aprt","Tmem87a","Baz1b"
"Hvcn1","Gde1","Rbx1"
"Tmem165","Poglut2","Larp4b"
"Tm7sf3","Pon2","Gm10263"
"Psmd6","Neo1","Pabpc1"
"Fnbp1","Nck1","Cct5"
"Myo1c","Nsd3",NA
"Calhm2","Tulp4",NA
"Tmem41b","4921524J17Rik",NA
"Dnajc1","Vangl2",NA
"Wdfy1","Zfyve19",NA
"Vhl","Ddx60",NA
"Thra","Fbxo6",NA
"S100a4","Tmem218",NA
"Prdm5","Mapk14",NA
"Dcxr","Acap2",NA
"Fgl1","Akr7a5",NA
"Frrs1","Erc1",NA
"Ppara","Elac2",NA
"Ubiad1","Psmd1",NA
"Strip2","Sae1",NA
"D5Ertd579e","Pts",NA
"Cope","Lsm10",NA
"Aspn","Msto1",NA
"Epb41l1","Dnm2",NA
"Peds1","Taf5l",NA
"Atad3a","Luzp1",NA
"Rufy3","Pcnt",NA
"Trim37","Dars1",NA
"Mtap","Rb1cc1",NA
"Rnf141","Stx5a",NA
"Bet1l","Ppm1f",NA
"Ahi1","1300002E11Rik",NA
"Aebp1","Cinp",NA
"Dusp28","Cog4",NA
"Fasn","Tmbim6",NA
"Cdk4","Cacul1",NA
"Ncbp2as2","Rbm15",NA
"Nat8f1","Rmdn2",NA
"Smdt1","Rpl11",NA
"Ranbp6","Sec13",NA
"Prkca","Thoc5",NA
"Bcat2","Zzef1",NA
"F730043M19Rik","Ncapg2",NA
"Dcn","Gtf3c5",NA
"Ctsa","Vamp8",NA
"Marchf2","Tspyl2",NA
"Rras2","Tjap1",NA
"Ephb3","Gmps",NA
"Metap1","Tbc1d15",NA
"Rbl2","Vps37c",NA
"Zdhhc12","Snrpg",NA
"Stc1","Brms1l",NA
"Ifi204","Dyrk2",NA
"Egln1","Uxs1",NA
"Mob3b","Tmf1",NA
"Gab3","Arhgap24",NA
"Psen2","Tmco4",NA
"Coa7","Clint1",NA
"Clp1","Lin7c",NA
"Tram2","Zfp358",NA
"Arhgap27","Slirp",NA
"Hdgfl3","Efnb1",NA
"Prodh","Wdr70",NA
"Slit2","Zfyve9",NA
"Zfp574","Armc6",NA
"Efhd2","Ccdc191",NA
"Ift56","Ift172",NA
"Setd1b","Fam199x",NA
"Shisa4","Atg14",NA
"Phf2","P3h4",NA
"Lamc1","Tmem129",NA
"Gulp1","Ecd",NA
"Igf1","Scyl2",NA
"Eps8","Nfs1",NA
"Grhl1","Sypl1",NA
"Pik3cb","Gipc1",NA
"Cyp2c70","Tada3",NA
"Rnf13","Cdc42se2",NA
"Yaf2","BC004004",NA
"Klf3","Mtpn",NA
"Palm","Dhdds",NA
"B3galnt1","Vsir",NA
"Alg9","Itgb1bp1",NA
"Matn2","2310009B15Rik",NA
"Abhd12","Fzd4",NA
"Actr3","Mrpl44",NA
"AA465934","Xrcc1",NA
"Tagln","Ahctf1",NA
"Col5a3","Kif16b",NA
"Cma1","Stk11",NA
"Sh2b3","Srr",NA
"Daam1","Eif3j2",NA
"Nsmce2","Dnaaf9",NA
"Wwc2","Sbno1",NA
"Tgfb1i1","Rdh14",NA
"Gm17501","Foxn2",NA
"Vdac3","Phf11d",NA
"4930511E03Rik","Uggt1",NA
"Ube2w","Fbxo22",NA
"Itgb5","Gxylt1",NA
"Clec14a","Zranb1",NA
"Dsel","Tmem230",NA
"Cpne3","Rab8a",NA
"Mtpap","Tcf25",NA
"Tmsb4x","Prkcsh",NA
"Zfp521","Ints11",NA
"Acta2","Adora2b",NA
"Tlk1","Mettl27",NA
"Arsj","Ninj1",NA
"Endou","Zfp180",NA
"Sparc","Gbf1",NA
"Mrpl46","Setx",NA
"Sh3tc1","Rhobtb2",NA
"Pdpk1","Rplp2",NA
"Fkbpl","Tbck",NA
"Psme3","Ice1",NA
"Scarf2","Huwe1",NA
"Trps1","Manbal",NA
"Trim3","Spopl",NA
"Mief2","Arf4",NA
"Sgta","Tma16",NA
"Abcc1","Phactr4",NA
"Csnk1g1","Hgs",NA
"Micu2","Ptp4a2",NA
"Zcrb1","Sf3b3",NA
"Natd1","Arb2a",NA
"Dnajc13","Bcl10",NA
"Fat1","Hnrnpll",NA
"Ubap2","Dut",NA
"Lpp","Pdcd6ip",NA
"Prss27","Eif4ebp2",NA
"Aqp5","BC005537",NA
"Phc1","Pfkm",NA
"Zswim6","Eid1",NA
"Gchfr","Pigc",NA
"Fnip2","Nln",NA
"Cd14","Samd8",NA
"Gtf2h5","Acp6",NA
"Gypc","Usp40",NA
"Agpat5","Srpk1",NA
"Myl4","Adam17",NA
"Pip4k2c","Gata6",NA
"Ccdc9b","Bcl7a",NA
"Abi2","Fbln2",NA
"Prdx6","Rrm1",NA
"Ak1","Cblb",NA
"Gm9905","Ngrn",NA
"Ubr1","Smarcb1",NA
"Pygl","Sphk2",NA
"Mlx","Trappc2b",NA
"Hsd17b7","Stat2",NA
"Mto1","Dnajc2",NA
"Gpr19","Mospd3",NA
"Erbb2","Timm29",NA
"Oat","Rnaseh2a",NA
"Fmnl3","Rab9",NA
"Wdr18","Ipo7",NA
"Ncor1","Pgrmc1",NA
"Dnajc10","Lsm7",NA
"Stat1","Prrc2b",NA
"Orai2","Cdca4",NA
"Supv3l1","Tyms",NA
"Spink5","Spry2",NA
"Siah2","Cwc15",NA
"Ccdc85c","Acot2",NA
"Ier3","Tut4",NA
"Plxna3","Retreg2",NA
"Gm56859","Ltv1",NA
"Rbck1","Xpo5",NA
"6820445E23Rik","N4bp2l2",NA
"Notch1","Nlk",NA
"C1s2","Bms1",NA
"Dusp19","Fbxw9",NA
"Nfat5","Elp3",NA
"Sema3f","Fam50a",NA
"Id3","Tsc1",NA
"Gamt","Chmp1b",NA
"Rarg","Tsc22d4",NA
"Dennd2b","Usp39",NA
"Cux1","Hspg2",NA
"Appl1","Rbpms2",NA
"Twf2","Ubr4",NA
"Arl5a","Cept1",NA
"Acot8","Pcif1",NA
"Glt8d2","Ap3d1",NA
"Gprc5c","Gapdh",NA
"Timm23","Pum2",NA
"Smpd2","Ubn2",NA
"Rtf2","Slf2",NA
"Mcph1","Taf3",NA
"Ncam1","Snrnp200",NA
"Apoc3","Tcf12",NA
"Spata6","Anp32b",NA
"Mtf1","Ksr1",NA
"H2-T23","Tead1",NA
"Sdc4","Mex3c",NA
"Ppp6c","Vapa",NA
"2310039H08Rik","Ccdc59",NA
"Zfand5","Psmg3",NA
"Gab1","Rab7",NA
"Mdfic","Zswim8",NA
"H3c15","Coa8",NA
"Mrpl11","Nol10",NA
"Ahdc1","Uba5",NA
"Agpat4","Tspan3",NA
"Slc43a3","9530068E07Rik",NA
"Pde6d","Bcar1",NA
"Large1","Mrfap1",NA
"Lgi4","Atp6v1f",NA
"Gnai2","Eapp",NA
"Gga2","Pfdn1",NA
"Slc39a9","Dusp11",NA
"Inf2","Brd2",NA
"Nkiras2","Kpna3",NA
"Sqle","Snw1",NA
"Gm15787","Plod3",NA
"Sptan1","Sars1",NA
"Rin1","Sf1",NA
"Cpt1c","Hnrnpu",NA
"Rab26os","Golgb1",NA
"Zfp961","Tle5",NA
"Chic1","Pebp1",NA
"Mrpl1","mt-Rnr2",NA
"Med14",NA,NA
"Rnf166",NA,NA
"Mt1",NA,NA
"Coq7",NA,NA
"Smarcd2",NA,NA
"Rce1",NA,NA
"Shmt1",NA,NA
"Ccn1",NA,NA
"Zfp90",NA,NA
"Pold2",NA,NA
"Denr",NA,NA
"Polm",NA,NA
"Cyren",NA,NA
"Slc31a1",NA,NA
"Il6",NA,NA
"Heatr5a",NA,NA
"Crip2",NA,NA
"Pip4p2",NA,NA
"Mecr",NA,NA
"Arhgap29",NA,NA
"Eif4e",NA,NA
"1810010H24Rik",NA,NA
"Nop2",NA,NA
"Tada2b",NA,NA
"Smad6",NA,NA
"Tle6",NA,NA
"Pbx4",NA,NA
"Cep97",NA,NA
"2500002B13Rik",NA,NA
"Znhit1",NA,NA
"Vstm2a",NA,NA
"Slc31a2",NA,NA
"Atp5if1",NA,NA
"Uqcc5",NA,NA
"Abhd14b",NA,NA
"9330020H09Rik",NA,NA
"Epas1",NA,NA
"Timp3",NA,NA
"Ralgds",NA,NA
"Hpcal1",NA,NA
"Stk16",NA,NA
"Agl",NA,NA
"Nipa2",NA,NA
"Itgb1",NA,NA
"Rmnd1",NA,NA
"St6gal1",NA,NA
"Spryd7",NA,NA
"Sowahc",NA,NA
"Vopp1",NA,NA
"Hsp90ab1",NA,NA
"Ppp2r2a",NA,NA
"Macrod1",NA,NA
"Mical1",NA,NA
"Vps18",NA,NA
"Aip",NA,NA
"Sema4c",NA,NA
"Gatc",NA,NA
"Map1s",NA,NA
"Zfp672",NA,NA
"Nsun3",NA,NA
"Col8a1",NA,NA
"Ctcf",NA,NA
"Il4ra",NA,NA
"Chid1",NA,NA
"Plp2",NA,NA
"Papss1",NA,NA
"Nelfa",NA,NA
"Airn",NA,NA
"Pop7",NA,NA
"Gucd1",NA,NA
"Slc25a26",NA,NA
"Tgfbr2",NA,NA
"Hoxa7",NA,NA
"Itga5",NA,NA
"Kbtbd11",NA,NA
"Trf",NA,NA
"Hr",NA,NA
"Ssrp1",NA,NA
"H2-D1",NA,NA
"Tiparp",NA,NA
"Pwwp2a",NA,NA
"Taco1",NA,NA
"H4c9",NA,NA
"Mief1",NA,NA
"Ptpn14",NA,NA
"Gm56596",NA,NA
"Riox2",NA,NA
"1500011B03Rik",NA,NA
"Fzd1",NA,NA
"Msrb3",NA,NA
"Pde4d",NA,NA
"Ppp1r12b",NA,NA
"Cabin1",NA,NA
"Dnaaf5",NA,NA
"Inhbb",NA,NA
"Homer3",NA,NA
"Ube3a",NA,NA
"Abhd18",NA,NA
"Prl2c3",NA,NA
"Plcb2",NA,NA
"Mbd2",NA,NA
"Rcor2",NA,NA
"Mocs2",NA,NA
"Rita1",NA,NA
"Rars2",NA,NA
"Map4k3",NA,NA
"Gm5131",NA,NA
"Apaf1",NA,NA
"B3gnt9",NA,NA
"Ssbp4",NA,NA
"Prelid2",NA,NA
"Glt8d1",NA,NA
"Tmem176b",NA,NA
"Zfp385a",NA,NA
"Tmem167",NA,NA
"Ebf1",NA,NA
"Adh7",NA,NA
"Epb41l4a",NA,NA
"Npdc1",NA,NA
"Rab3d",NA,NA
"Yjefn3",NA,NA
"Atg12",NA,NA
"Mrps24",NA,NA
"Sccpdh",NA,NA
"Pid1",NA,NA
"Cdk6",NA,NA
"Flnb",NA,NA
"Timm50",NA,NA
"Med22",NA,NA
"Nxpe3",NA,NA
"Map7d1",NA,NA
"Cyth1",NA,NA
"Nt5m",NA,NA
"Wsb1",NA,NA
"Hip1r",NA,NA
"Cyp4f16",NA,NA
"Timmdc1",NA,NA
"C1qtnf6",NA,NA
"Ttc39c",NA,NA
"B9d1",NA,NA
"Osbpl2",NA,NA
"Prrx2",NA,NA
"Ssh3",NA,NA
"Ass1",NA,NA
"Orc5",NA,NA
"Timm17b",NA,NA
"Actr2",NA,NA
"Larp1",NA,NA
"Vps35l",NA,NA
"Gusb",NA,NA
"Ppp2r5b",NA,NA
"Lhfpl2",NA,NA
"Creg1",NA,NA
"Ikbkb",NA,NA
"Gps2",NA,NA
"Smc6",NA,NA
"Ahr",NA,NA
"Hip1",NA,NA
"Emc3",NA,NA
"Zxdc",NA,NA
"Fhip1b",NA,NA
"Adamts9",NA,NA
"Atraid",NA,NA
"Mrps28",NA,NA
"Lnpep",NA,NA
"Tmem254",NA,NA
"Capn5",NA,NA
"Mrpl9",NA,NA
"Mt2",NA,NA
"Cklf",NA,NA
"Ipo4",NA,NA
"Mms19",NA,NA
"B230354K17Rik",NA,NA
"Tns2",NA,NA
"Larp4",NA,NA
"Mlf1",NA,NA
"Styk1",NA,NA
"Ak4",NA,NA
"Sult1a1",NA,NA
"Trabd2b",NA,NA
"Brd4",NA,NA
"Slc37a3",NA,NA
"Gm57027",NA,NA
"Ezh1",NA,NA
"Enpp2",NA,NA
"Tmem86a",NA,NA
"Tfpi",NA,NA
"Camk2g",NA,NA
"Agpat1",NA,NA
"Zzz3",NA,NA
"Aldh1l1",NA,NA
"Atp6v0e",NA,NA
"Mrs2",NA,NA
"Gng11",NA,NA
"Col27a1",NA,NA
"Dmac1",NA,NA
"Tubb4b",NA,NA
"Nrxn2",NA,NA
"Nf2",NA,NA
"Gpr15lg",NA,NA
"Nudt9",NA,NA
"Parp3",NA,NA
"Smad1",NA,NA
"2410022M11Rik",NA,NA
"D730045B01Rik",NA,NA
"Capzb",NA,NA
"Alcam",NA,NA
"Nfe2l2",NA,NA
"Adamtsl5",NA,NA
"Eif1a",NA,NA
"Pus10",NA,NA
"Nfu1",NA,NA
"Nrbp2",NA,NA
"Lox",NA,NA
"G430095P16Rik",NA,NA
"Antxr2",NA,NA
"Llgl1",NA,NA
"Dusp6",NA,NA
"Stk38",NA,NA
"Armcx1",NA,NA
"Hipk2",NA,NA
"Masp1",NA,NA
"Dda1",NA,NA
"Nsd2",NA,NA
"D030025P21Rik",NA,NA
"Apoc4",NA,NA
"Tlr4",NA,NA
"Rpl7l1",NA,NA
"Znrf2",NA,NA
"Apool",NA,NA
"Rabac1",NA,NA
"Gcc2",NA,NA
"Acer2",NA,NA
"Adcy3",NA,NA
"Myo7a",NA,NA
"Arap1",NA,NA
"Sirt3",NA,NA
"Uso1",NA,NA
"Leprot",NA,NA
"Rufy2",NA,NA
"Tor3a",NA,NA
"Scrn3",NA,NA
"Cast",NA,NA
"Cnpy3",NA,NA
"Tead2",NA,NA
"Ngdn",NA,NA
"Krt10",NA,NA
"Ints6",NA,NA
"Ift80",NA,NA
"Spon2",NA,NA
"Atp6v0a2",NA,NA
"Spata6l",NA,NA
"Ctsz",NA,NA
"2900076A07Rik",NA,NA
"Macf1",NA,NA
"Plin3",NA,NA
"Gm16001",NA,NA
"Capn2",NA,NA
"Psph",NA,NA
"Ttyh2",NA,NA
"Psmd12",NA,NA
"Klf2",NA,NA
"Supt3",NA,NA
"Poglut3",NA,NA
"Lamp1",NA,NA
"Kansl1l",NA,NA
"Lrrn4cl",NA,NA
"4930556M19Rik",NA,NA
"Gm32591",NA,NA
"Sdc3",NA,NA
"Edf1",NA,NA
"Rnase4",NA,NA
"Eif4e3",NA,NA
"Kdelr3",NA,NA
"Gm37305",NA,NA
"Hspe1",NA,NA
"Rspo2",NA,NA
"Cap1",NA,NA
"Med8",NA,NA
"Dnajc19",NA,NA
"Cdc42ep1",NA,NA
"Cdc25b",NA,NA
"Rdx",NA,NA
"Ids",NA,NA
"Matn4",NA,NA
"Evc2",NA,NA
"9330160F10Rik",NA,NA
"Ptcd3",NA,NA
"Phyh",NA,NA
"Cab39",NA,NA
"Pxdn",NA,NA
"Ppp2r2d",NA,NA
"Cyp20a1",NA,NA
"Asah1",NA,NA
"Tmem184b",NA,NA
"Ogfrl1",NA,NA
"Ryk",NA,NA
"2200002D01Rik",NA,NA
"Far1",NA,NA
"Rps6ka3",NA,NA
"Topaz1",NA,NA
"Morn4",NA,NA
"Mtfp1",NA,NA
"Snora30",NA,NA
"Rif1",NA,NA
"Gm37397",NA,NA
"Gm20300",NA,NA
"Fut8",NA,NA
"Necap1",NA,NA
"Guf1",NA,NA
"Ppp6r3",NA,NA
"Ccdc112",NA,NA
"Fbln5",NA,NA
"Ormdl1",NA,NA
"Slco2a1",NA,NA
"Qrsl1",NA,NA
"Jmjd1c",NA,NA
"Phf5a",NA,NA
"Synpo",NA,NA
"Mfng",NA,NA
"Vps37a",NA,NA
"Deptor",NA,NA
"Scn1b",NA,NA
"Mrpl35",NA,NA
"Fzr1",NA,NA
"Fam13c",NA,NA
"Bltp3a",NA,NA
"Mmrn2",NA,NA
"Twist1",NA,NA
"Eif1",NA,NA
"Tnxb",NA,NA
"Coro1c",NA,NA
"Lgals3bp",NA,NA
"Gm10138",NA,NA
"Mrps5",NA,NA
"Prdx1",NA,NA
"Ncan",NA,NA
"Itga2b",NA,NA
"Mpzl1",NA,NA
"Stim2",NA,NA
"Npc2",NA,NA
"Acvr1",NA,NA
"Gm57003",NA,NA
"Coa3",NA,NA
"Cisd3",NA,NA
"Tmem127",NA,NA
"Mical3",NA,NA
"Rgl1",NA,NA
"Cep85l",NA,NA
"Cd44",NA,NA
"Ankfy1",NA,NA
"Slc36a1",NA,NA
"Sulf2",NA,NA
"Ifrd1",NA,NA
"Cltc",NA,NA
"Camk2a",NA,NA
"Sdf2l1",NA,NA
"Fra10ac1",NA,NA
"Trmu",NA,NA
"Fbxo34",NA,NA
"Ppa2",NA,NA
"Gm15327",NA,NA
"Snrpn",NA,NA
"Gm57386",NA,NA
"Camta2",NA,NA
"Dnase1l1",NA,NA
"Mkln1os",NA,NA
"Lmbr1l",NA,NA
"Myl9",NA,NA
"Resf1",NA,NA
"Gcat",NA,NA
"Slc26a11",NA,NA
"Nol4",NA,NA
"Mrgpre",NA,NA
"Crtc3",NA,NA
"Armc9",NA,NA
"Xkr8",NA,NA
"Fads3",NA,NA
"Rb1",NA,NA
"Aoc3",NA,NA
"Gtf2e2",NA,NA
"Rnf215",NA,NA
"Ecm1",NA,NA
"Atp6ap2",NA,NA
"Isoc2b",NA,NA
"Sec24d",NA,NA
"Mat2b",NA,NA
"Hmga2",NA,NA
"Plekhh2",NA,NA
"Ube2g2",NA,NA
"Bltp2",NA,NA
"Ubn1",NA,NA
"Mrps27",NA,NA
"Nrp2",NA,NA
"Naa38",NA,NA
"Crebl2",NA,NA
"Cflar",NA,NA
"Fbxw8",NA,NA
"Abraxas1",NA,NA
"Hspa1b",NA,NA
"Lamp2",NA,NA
"Nqo1",NA,NA
"Actr6",NA,NA
"Fastk",NA,NA
"Uvrag",NA,NA
"Psmg1",NA,NA
"Zfp251",NA,NA
"Apba3",NA,NA
"Gm20544",NA,NA
"2810004N23Rik",NA,NA
"Mysm1",NA,NA
"Pld2",NA,NA
"Gabre",NA,NA
"Atp2a3",NA,NA
"Sft2d3",NA,NA
"Ptn",NA,NA
"Arpc5l",NA,NA
"Zbtb11os1",NA,NA
"Phospho2",NA,NA
"Mbd4",NA,NA
"Aph1b",NA,NA
"1700085D22Rik",NA,NA
"Borcs6",NA,NA
"Slc46a1",NA,NA
"Pgbd1",NA,NA
"Sirt2",NA,NA
"Ptbp3",NA,NA
"Sgk3",NA,NA
"Psmd11",NA,NA
"Nedd4l",NA,NA
"Vps13a",NA,NA
"Snx2",NA,NA
"Dusp14",NA,NA
"Kctd13",NA,NA
"Rnf24",NA,NA
"Tmem185a",NA,NA
"Rara",NA,NA
"Paip2",NA,NA
"Vnn3",NA,NA
"Ankrd1",NA,NA
"Ppp1r21",NA,NA
"Csf2rb",NA,NA
"Col5a1",NA,NA
"Plbd2",NA,NA
"Nans",NA,NA
"Bbs9",NA,NA
"Fhl2",NA,NA
"Ar",NA,NA
"Gm4117",NA,NA
"Dock1",NA,NA
"Tes",NA,NA
"Itpkb",NA,NA
"Ly6a",NA,NA
"Atg10",NA,NA
"Lef1",NA,NA
"Pacc1",NA,NA
"Pi4k2a",NA,NA
"Nr1d2",NA,NA
"Cers5",NA,NA
"P3h1",NA,NA
"Tmem202",NA,NA
"Rcn2",NA,NA
"Ccdc28b",NA,NA
"Mapkap1",NA,NA
"Mpdz",NA,NA
"Arpc5",NA,NA
"Gm44421",NA,NA
"Ppard",NA,NA
"Cops3",NA,NA
"Rhbdf2",NA,NA
"Lrrc59",NA,NA
"Ano10",NA,NA
"Commd4",NA,NA
"Maml2",NA,NA
"Ccdc88a",NA,NA
"Efna1",NA,NA
"Adamts15",NA,NA
"Ifngr2",NA,NA
"Tfb2m",NA,NA
"Wipi2",NA,NA
"Tiam1",NA,NA
"Riok3",NA,NA
"Ahcyl2",NA,NA
"Pigq",NA,NA
"Micu3",NA,NA
"Ifitm2",NA,NA
"Dpf2",NA,NA
"BC031181",NA,NA
"Evi5",NA,NA
"Mtx1",NA,NA
"Fads1",NA,NA
"Aifm1",NA,NA
"Fkbp7",NA,NA
"Ddx46",NA,NA
"Rabgap1l",NA,NA
"Grb14",NA,NA
"Snora73b",NA,NA
"Mcfd2",NA,NA
"Nt5e",NA,NA
"Cenpt",NA,NA
"Mrpl55",NA,NA
"Hgf",NA,NA
"Psmb7",NA,NA
"Tpst2",NA,NA
"Acot6",NA,NA
"Abhd13",NA,NA
"Mrps11",NA,NA
"Ell2",NA,NA
"Ccdc47",NA,NA
"Snx24",NA,NA
"Man1c1",NA,NA
"Tent5b",NA,NA
"Zdhhc24",NA,NA
"Pink1",NA,NA
"Trabd",NA,NA
"Marchf8",NA,NA
"Tvp23bos",NA,NA
"Riok2",NA,NA
"2810414N06Rik",NA,NA
"Col6a3",NA,NA
"Cops6",NA,NA
"Tinagl1",NA,NA
"Cd99l2",NA,NA
"Mpp1",NA,NA
"Gm5914",NA,NA
"Serpine2",NA,NA
"Noxo1",NA,NA
"Serpinb1a",NA,NA
"Cox18",NA,NA
"Ctsb",NA,NA
"Chst14",NA,NA
"Zfand6",NA,NA
"Fam20c",NA,NA
"Pdlim7",NA,NA
"Sdhaf3",NA,NA
"Frk",NA,NA
"Mrpl41",NA,NA
"Ddi2",NA,NA
"Eloc",NA,NA
"Lztr1",NA,NA
"Pick1",NA,NA
"Zfhx3",NA,NA
"Cpe",NA,NA
"Gm57397",NA,NA
"Pccb",NA,NA
"Eid2b",NA,NA
"Cep250",NA,NA
"Cops8",NA,NA
"Col3a1",NA,NA
"Naga",NA,NA
"Sh3bp4",NA,NA
"Ikbke",NA,NA
"Tgfb2",NA,NA
"Idh2",NA,NA
"A930005H10Rik",NA,NA
"Thbs1",NA,NA
"Smim10l1",NA,NA
"Galns",NA,NA
"Pkd1",NA,NA
"Ccdc6",NA,NA
"Ptgr1",NA,NA
"Fntb",NA,NA
"Afg1l",NA,NA
"Pced1b",NA,NA
"Pip4p1",NA,NA
"Ly6h",NA,NA
"Slc17a5",NA,NA
"Hdac11",NA,NA
"Babam2",NA,NA
"Snx30",NA,NA
"Prickle3",NA,NA
"Tmt1b",NA,NA
"Apoo",NA,NA
"Bcorl1",NA,NA
"Ing1",NA,NA
"Cd164",NA,NA
"Snhg18",NA,NA
"Mrpl10",NA,NA
"Ube2k",NA,NA
"Acox2",NA,NA
"Gm10250",NA,NA
"Prkar2a",NA,NA
"Ttc8",NA,NA
"Bach2",NA,NA
"Rdh13",NA,NA
"Nenf",NA,NA
"Copa",NA,NA
"Rhot1",NA,NA
"Sugp1",NA,NA
"Csnk1a1",NA,NA
"Atp2a2",NA,NA
"ENSMUSG00000121485",NA,NA
"Nagk",NA,NA
"Rraga",NA,NA
"Ski",NA,NA
"Plppr3",NA,NA
"Pip4k2a",NA,NA
"Orm1",NA,NA
"Washc1",NA,NA
"Lrch2",NA,NA
"Ap2b1",NA,NA
"Synj2bp",NA,NA
"Tcof1",NA,NA
"Usp8",NA,NA
"Ccn5",NA,NA
"Rgmb",NA,NA
"Zbtb8a",NA,NA
"Dock5",NA,NA
"Il33",NA,NA
"Ctr9",NA,NA
"Plekha3",NA,NA
"B130011K05Rik",NA,NA
"Abt1",NA,NA
"Traf4",NA,NA
"Kdsr",NA,NA
"Kif3b",NA,NA
"Zfp979",NA,NA
"Crtap",NA,NA
"Vamp4",NA,NA
"Arhgdia",NA,NA
"Art3",NA,NA
"Arpp19",NA,NA
"Wdr45",NA,NA
"Acy3",NA,NA
"Gm57383",NA,NA
"Foxf2",NA,NA
"Egr2",NA,NA
"Pds5b",NA,NA
"Atp6v1g1",NA,NA
"Fbxo7",NA,NA
"Rpl36",NA,NA
"Gm31814",NA,NA
"Ogn",NA,NA
"Dtna",NA,NA
"Mff",NA,NA
"Herpud2",NA,NA
"Hook3",NA,NA
"Foxs1",NA,NA
"Armc10",NA,NA
"Gatad1",NA,NA
"Homer1",NA,NA
"Ptgfrn",NA,NA
"Exoc4",NA,NA
"Fchsd2",NA,NA
"Hspa12b",NA,NA
"Supt20",NA,NA
"Cnot7",NA,NA
"Fchsd1",NA,NA
"Inpp1",NA,NA
"Arid4b",NA,NA
"Slc25a23",NA,NA
"Cars2",NA,NA
"Septin6",NA,NA
"Fbxl3",NA,NA
"B930094E09Rik",NA,NA
"Mttp",NA,NA
"Timm8b",NA,NA
"Ube3b",NA,NA
"Cul7",NA,NA
"Cdh2",NA,NA
"Tgfb3",NA,NA
"Mfap3",NA,NA
"Ccdc181",NA,NA
"Cdkn1b",NA,NA
"Grem1",NA,NA
"Tslp",NA,NA
"Tipin",NA,NA
"Gm12781",NA,NA
"Nek8",NA,NA
"A330074K22Rik",NA,NA
"Lrp1",NA,NA
"Lonp1",NA,NA
"Chrac1",NA,NA
"Tbc1d14",NA,NA
"Col4a1",NA,NA
"Gins3",NA,NA
"Mphosph6",NA,NA
"Ndn",NA,NA
"Rps6ka5",NA,NA
"Nucb1",NA,NA
"Mrps14",NA,NA
"Aqp1",NA,NA
"Pcdh18",NA,NA
"Sema3c",NA,NA
"Rgs17",NA,NA
"Cul3",NA,NA
"Zfp280b",NA,NA
"Slc25a12",NA,NA
"H13",NA,NA
"Srsf9",NA,NA
"Oaz2",NA,NA
"Nmnat2",NA,NA
"Alg14",NA,NA
"Arl3",NA,NA
"Rxrg",NA,NA
"Ilvbl",NA,NA
"Hook2",NA,NA
"Aasdhppt",NA,NA
"Tpm2",NA,NA
"Atp11a",NA,NA
"Pigp",NA,NA
"Repin1",NA,NA
"Iqck",NA,NA
"Ptprk",NA,NA
"Onecut2",NA,NA
"Gpsm1",NA,NA
"Fuca1",NA,NA
"Tomm40l",NA,NA
"2700097O09Rik",NA,NA
"Sufu",NA,NA
"Mon1b",NA,NA
"Timm13",NA,NA
"Ppp1r18",NA,NA
"Dgka",NA,NA
"Acbd3",NA,NA
"Rxrb",NA,NA
"Emg1",NA,NA
"Ccn4",NA,NA
"Cbx7",NA,NA
"Entrep3",NA,NA
"Acap3",NA,NA
"Tfap4",NA,NA
"Hsd17b11",NA,NA
"Tctn2",NA,NA
"Sipa1",NA,NA
"Tradd",NA,NA
"Sar1a",NA,NA
"Gm56517",NA,NA
"Rabggtb",NA,NA
"Zscan21",NA,NA
"Pdik1l",NA,NA
"Cebpb",NA,NA
"Itpripl1",NA,NA
"Lsm14a",NA,NA
"Tusc3",NA,NA
"Mbd3",NA,NA
"Tmem19",NA,NA
"Afg3l1",NA,NA
"Ankrd9",NA,NA
"Ap3m1",NA,NA
"Ung",NA,NA
"0610040B10Rik",NA,NA
"Tnrc18",NA,NA
"Naalad2",NA,NA
"Scn2a",NA,NA
"Mars2",NA,NA
"Nudt16",NA,NA
"Inpp4a",NA,NA
"Smndc1",NA,NA
"Arhgap6",NA,NA
"Usf2",NA,NA
"Gli3",NA,NA
"Mertk",NA,NA
"Arfrp1",NA,NA
"Tigar",NA,NA
"4933431E20Rik",NA,NA
"Sqor",NA,NA
"Arid5b",NA,NA
"Snx1",NA,NA
"Ctf1",NA,NA
"Dvl2",NA,NA
"Stim1",NA,NA
"2310011J03Rik",NA,NA
"Pdgfrl",NA,NA
"Laptm4b",NA,NA
"Map3k20",NA,NA
"Agrn",NA,NA
"Sec31a",NA,NA
"Lum",NA,NA
"Bag1",NA,NA
"Dnajc11",NA,NA
"Nfkbia",NA,NA
"Rtf1",NA,NA
"Gli2",NA,NA
"Ubxn2b",NA,NA
"Kmt5c",NA,NA
"Map9",NA,NA
"Exosc4",NA,NA
"Sirt7",NA,NA
"Smad4",NA,NA
"Cd109",NA,NA
"Hspa9",NA,NA
"Gpx7",NA,NA
"Tmem259",NA,NA
"Atp11b",NA,NA
"Zmat3",NA,NA
"Chd3",NA,NA
"Map3k1",NA,NA
"Tceal8",NA,NA
"Smim12",NA,NA
"Snta1",NA,NA
"Anapc11",NA,NA
"Tcn2",NA,NA
"Hacd4",NA,NA
"Hhat",NA,NA
"ENSMUSG00000121780",NA,NA
"Unc5c",NA,NA
"Sall2",NA,NA
"Dlgap4",NA,NA
"Calm3",NA,NA
"Raly",NA,NA
"Prkrip1",NA,NA
"Sap30l",NA,NA
"Ap5z1",NA,NA
"H1f0",NA,NA
"Gm10699",NA,NA
"Snap29",NA,NA
"Shkbp1",NA,NA
"Specc1l",NA,NA
"Cops5",NA,NA
"Dazap1",NA,NA
"Mrpl38",NA,NA
"Acvrl1",NA,NA
"Serpinh1",NA,NA
"Bnc2",NA,NA
"Wwp2",NA,NA
"Phf3",NA,NA
"Slc25a14",NA,NA
"Pdlim2",NA,NA
"Exoc3",NA,NA
"Qtrt2",NA,NA
"Gm7859",NA,NA
"Inpp5k",NA,NA
"Dpm3",NA,NA
"Fbxo33",NA,NA
"Arl6ip6",NA,NA
"Yif1a",NA,NA
"Rufy1",NA,NA
"Stxbp3",NA,NA
"Bbs5",NA,NA
"D16Ertd472e",NA,NA
"Tram1",NA,NA
"Fzd3",NA,NA
"Csrp2",NA,NA
"Ankzf1",NA,NA
"Slc38a4",NA,NA
"Tom1l2",NA,NA
"Aldh4a1",NA,NA
"Timm8a1",NA,NA
"Ephb4",NA,NA
"Flt3l",NA,NA
"Gm57238",NA,NA
"Sh2d3c",NA,NA
"Col6a1",NA,NA
"Pigm",NA,NA
"Mtmr14",NA,NA
"Meis3",NA,NA
"Dcst2",NA,NA
"Pstk",NA,NA
"Gm56911",NA,NA
"Ganab",NA,NA
"Sp3os",NA,NA
"Cbx5",NA,NA
"Sarnp",NA,NA
"Bex3",NA,NA
"Glud1",NA,NA
"Srgap2",NA,NA
"Abca8a",NA,NA
"Zfp207",NA,NA
"Drg2",NA,NA
"Cmtm7",NA,NA
"Zfp266",NA,NA
"Camk2d",NA,NA
"Ppfibp1",NA,NA
"Erp29",NA,NA
"Tmem186",NA,NA
"Tob2",NA,NA
"Spry1",NA,NA
"Maged2",NA,NA
"Orc2",NA,NA
"Msrb1",NA,NA
"Atat1",NA,NA
"Col1a1",NA,NA
"Prrg1",NA,NA
"Ext1",NA,NA
"Phlda1",NA,NA
"Zbtb18",NA,NA
"Pias3",NA,NA
"Bbs1",NA,NA
"Tmem179b",NA,NA
"Kif21b",NA,NA
"Map4k4",NA,NA
"Tmem198b",NA,NA
"Cnot6",NA,NA
"Arl2",NA,NA
"Wasf1",NA,NA
"Dus2",NA,NA
"Spaca6",NA,NA
"Pitpnb",NA,NA
"C130036L24Rik",NA,NA
"Zfp111",NA,NA
"Rap1b",NA,NA
"Nudt14",NA,NA
"Tars3",NA,NA
"Usp4",NA,NA
"Mex3a",NA,NA
"Ctnnd1",NA,NA
"Acbd6",NA,NA
"Pdzd4",NA,NA
"Msx1",NA,NA
"Wfdc21",NA,NA
"Lgals3",NA,NA
"Rps6ka1",NA,NA
"Samhd1",NA,NA
"Nol6",NA,NA
"Tatdn2",NA,NA
"Gpbp1l1",NA,NA
"Clpp",NA,NA
"Cd9",NA,NA
"Zdhhc5",NA,NA
"Tmem209",NA,NA
"Map1b",NA,NA
"Jarid2",NA,NA
"Rwdd2a",NA,NA
"Phf10",NA,NA
"Mettl3",NA,NA
"Gm9828",NA,NA
"Dnttip1",NA,NA
"4930503L19Rik",NA,NA
"Acsl3",NA,NA
"Nup88",NA,NA
"Hspb6",NA,NA
"Wdr73",NA,NA
"Tmem258",NA,NA
"Ift27",NA,NA
"Anks6",NA,NA
"Cab39l",NA,NA
"Ccdc8",NA,NA
"Clybl",NA,NA
"Gm43737",NA,NA
"Mideas",NA,NA
"Lrp12",NA,NA
"Gm20186",NA,NA
"Pcdh9",NA,NA
"Psmd8",NA,NA
"Inppl1",NA,NA
"Atg13",NA,NA
"Cln6",NA,NA
"Loxl3",NA,NA
"Ccdc71l",NA,NA
"Bloc1s4",NA,NA
"Naa40",NA,NA
"Rftn2",NA,NA
"Fbxo10",NA,NA
"Saal1",NA,NA
"Tyro3",NA,NA
"Zfp638",NA,NA
"Ctsf",NA,NA
"Tnfaip3",NA,NA
"Mettl21a",NA,NA
"Npnt",NA,NA
"Mcm4",NA,NA
"Cic",NA,NA
"Crip1",NA,NA
"Arih2",NA,NA
"Kctd9",NA,NA
"Igsf8",NA,NA
"Jdp2",NA,NA
"Ubfd1",NA,NA
"Rbm4",NA,NA
"Psmb6",NA,NA
"Med27",NA,NA
"Pef1",NA,NA
"Adm",NA,NA
"Tril",NA,NA
"F2r",NA,NA
"Gm10134",NA,NA
"Dxo",NA,NA
"Gm44292",NA,NA
"Rae1",NA,NA
"Ldah",NA,NA
"Fkbp14",NA,NA
"Rpgrip1l",NA,NA
"Tmem131l",NA,NA
"Hps1",NA,NA
"Pgap6",NA,NA
"Ube4b",NA,NA
"Zfp316",NA,NA
"Srpx2",NA,NA
"Mrpl16",NA,NA
"Rpe",NA,NA
"Txndc16",NA,NA
"Glrx3",NA,NA
"Fzd2",NA,NA
"Rhobtb3",NA,NA
"Plpp1",NA,NA
"Pmpca",NA,NA
"Vwa1",NA,NA
"Tnks2",NA,NA
"Cdkn1a",NA,NA
"Dnajc5",NA,NA
"Ezh2",NA,NA
"Arhgef3",NA,NA
"Gan",NA,NA
"Hnrnpl",NA,NA
"C1qbp",NA,NA
"Zfp9",NA,NA
"Lcor",NA,NA
"Ephb2",NA,NA
"Urb1",NA,NA
"mt-Cytb",NA,NA
"ENSMUSG00000121883",NA,NA
"Ap4b1",NA,NA
"Erp44",NA,NA
"Usp46",NA,NA
"Faap20",NA,NA
"BC005624",NA,NA
"Chchd5",NA,NA
"Map1lc3a",NA,NA
"Tmem256",NA,NA
"Csgalnact1",NA,NA
"Fosl1",NA,NA
"Hbegf",NA,NA
"Abhd17b",NA,NA
"H2az1",NA,NA
"Abca1",NA,NA
"Slc38a10",NA,NA
"Scai",NA,NA
"Sdhaf2",NA,NA
"Haghl",NA,NA
"Serpinf1",NA,NA
"Selenos",NA,NA
"Pwwp3b",NA,NA
"Eif6",NA,NA
"Ifrd2",NA,NA
"Marcksl1",NA,NA
"Rnf44",NA,NA
"Rab24",NA,NA
"Gcc1",NA,NA
"Dnajc24",NA,NA
"Ubr5",NA,NA
"Tmem268",NA,NA
"Epn2",NA,NA
"Jam3",NA,NA
"Mrps9",NA,NA
"Tnk2",NA,NA
"Lsm3",NA,NA
"Chst12",NA,NA
"Pign",NA,NA
"Man1b1",NA,NA
"Gnl3l",NA,NA
"Nifk",NA,NA
"Ago2",NA,NA
"Snord89",NA,NA
"Lce1g",NA,NA
"Snhg9",NA,NA
"Pnpla7",NA,NA
"Rab13",NA,NA
"Zfp41",NA,NA
"Pgm3",NA,NA
"Ing3",NA,NA
"Pdss1",NA,NA
"Lypla1",NA,NA
"Adam9",NA,NA
"Slc12a9",NA,NA
"Gbp7",NA,NA
"Cpq",NA,NA
"Cfap210",NA,NA
"Zfp277",NA,NA
"Selenow",NA,NA
"Atf3",NA,NA
"Fkbp1a",NA,NA
"Tbcel",NA,NA
"Cdc42bpa",NA,NA
"Trp53inp1",NA,NA
"Atxn2",NA,NA
"Ptpn3",NA,NA
"Nol7",NA,NA
"Ghr",NA,NA
"Pml",NA,NA
"Ccdc127",NA,NA
"Arf1",NA,NA
"Evc",NA,NA
"Gm56053",NA,NA
"Camk2n2",NA,NA
"Dram1",NA,NA
"Tsfm",NA,NA
"Slc35a1",NA,NA
"Poli",NA,NA
"Scamp3",NA,NA
"Ctdnep1",NA,NA
"Gtf2i",NA,NA
"Lmf2",NA,NA
"Lfng",NA,NA
"Sord",NA,NA
"Lmbrd1",NA,NA
"Ptges",NA,NA
"Stxbp4",NA,NA
"Hes1",NA,NA
"Clcn3",NA,NA
"Cbfa2t2",NA,NA
"Pbx1",NA,NA
"Utp14b",NA,NA
"Upf2",NA,NA
"Cdsn",NA,NA
"B4galt3",NA,NA
"Myl12b",NA,NA
"Wnt5a",NA,NA
"Bin3",NA,NA
"Gm36220",NA,NA
"Mark2",NA,NA
"Fggy",NA,NA
"Ube2m",NA,NA
"Pomgnt1",NA,NA
"Coa6",NA,NA
"Arhgap17",NA,NA
"Rida",NA,NA
"Nid2",NA,NA
"Malat1",NA,NA
"Chka",NA,NA
"Mpv17l2",NA,NA
"Lurap1l",NA,NA
"Rpa1",NA,NA
"Pgls",NA,NA
"LTO1",NA,NA
"Fhl3",NA,NA
"Dpt",NA,NA
"Slc38a6",NA,NA
"Cert1",NA,NA
"Rsl1d1",NA,NA
"Rcbtb1",NA,NA
"Cdk14",NA,NA
"Cr1l",NA,NA
"Gcnt2",NA,NA
"Mccc1",NA,NA
"Rbl1",NA,NA
"Mapk8",NA,NA
"Yars2",NA,NA
"Ddx3x",NA,NA
"Plcb3",NA,NA
"Slc7a11",NA,NA
"Snap23",NA,NA
"Tle1",NA,NA
"Emc2",NA,NA
"Rbp1",NA,NA
"Tstd2",NA,NA
"Baiap2",NA,NA
"Rbm14",NA,NA
"Mtch1",NA,NA
"Tubg1",NA,NA
"Emilin1",NA,NA
"Drosha",NA,NA
"Igfbp7",NA,NA
"Clcc1",NA,NA
"Nudt18",NA,NA
"Siae",NA,NA
"AI837181",NA,NA
"Thoc2",NA,NA
"Spring1",NA,NA
"Mrpl19",NA,NA
"Ddx27",NA,NA
"Ranbp10",NA,NA
"Ddx49",NA,NA
"Amotl1",NA,NA
"Park7",NA,NA
"Atp6v1a",NA,NA
"Tmed2",NA,NA
"Rab6a",NA,NA
"Ddx24",NA,NA
"Ube2f",NA,NA
"Hnrnpa0",NA,NA
"Prkci",NA,NA
"Cdkn2aipnl",NA,NA
"Rad17",NA,NA
"Cenatac",NA,NA
"Bet1",NA,NA
"Hoxb4",NA,NA
"Cttn",NA,NA
"Mrpl21",NA,NA
"Rapgef1",NA,NA
"Myo5a",NA,NA
"Sfxn2",NA,NA
"Nsun5",NA,NA
"Ubp1",NA,NA
"Zcchc24",NA,NA
"Atp6v0b",NA,NA
"Amer1",NA,NA
"Chic2",NA,NA
"Pip5k1c",NA,NA
"Wnk1",NA,NA
"Atn1",NA,NA
"Ptpmt1",NA,NA
"Itih4",NA,NA
"Eya3",NA,NA
"Ccl9",NA,NA
"C4b",NA,NA
"Ppm1g",NA,NA
"Pdk3",NA,NA
"Ddx51",NA,NA
"Psma2",NA,NA
"Kmt2c",NA,NA
"Pin1",NA,NA
"Zfand3",NA,NA
"Ap3s1",NA,NA
"Rabep1",NA,NA
"Ddx47",NA,NA
"Polr2c",NA,NA
"Txnl1",NA,NA
"Rab18",NA,NA
"Man2b1",NA,NA
"Mpg",NA,NA
"Vps16",NA,NA
"Eif3c",NA,NA
"Rhbdf1",NA,NA
"Pitrm1",NA,NA
"Vegfc",NA,NA
"Taf1d",NA,NA
"Pcbp1",NA,NA
"Sumf1",NA,NA
"Sspn",NA,NA
"Vapb",NA,NA
"Uba1",NA,NA
"Yars1",NA,NA
"Wrn",NA,NA
"Srpk2",NA,NA
"Abhd2",NA,NA
"Skp1",NA,NA
"Strap",NA,NA
"Rnf126",NA,NA
"Phf20",NA,NA
"Cdc42ep3",NA,NA
"Ufsp2",NA,NA
"Josd1",NA,NA
"Abhd4",NA,NA
"Adamts2",NA,NA
"Nras",NA,NA
"Rbfa",NA,NA
"Akap7",NA,NA
"Bace1",NA,NA
"Mif",NA,NA
"Ccdc124",NA,NA
"Ppp1r15a",NA,NA
"Thy1",NA,NA
"Tnip1",NA,NA
"Itpa",NA,NA
"Nup50",NA,NA
"Chmp4b",NA,NA
"Suds3",NA,NA
"Igfbp4",NA,NA
"Pet100",NA,NA
"Ythdf3",NA,NA
"Ube2b",NA,NA
"Xpot",NA,NA
"Siva1",NA,NA
"Mgat1",NA,NA
"Snrnp27",NA,NA
"Slc3a2",NA,NA
"Ergic3",NA,NA
"Ost4",NA,NA
"Otud6b",NA,NA
"Relb",NA,NA
"Myh10",NA,NA
"Pdxdc1",NA,NA
"Pold4",NA,NA
"Serinc3",NA,NA
"Psmb3",NA,NA
"Slc25a17",NA,NA
"Vps26a",NA,NA
"Lars1",NA,NA
"Ebp",NA,NA
"Xiap",NA,NA
"Fkbp4",NA,NA
"Ifitm3",NA,NA
"Zfp106",NA,NA
"Pip5k1a",NA,NA
