"Shared","B.SCO","B.ROSI"
"Arxes2","Lonrf1","Gstm1"
"Angptl4","Aatf","Anxa2"
"Cd36","Rassf6","Palm"
"Hsd17b12","Dnajb6","Gm35853"
"Emp1","Gsta3","Adrb3"
"Dlc1","Cyb5a","Adam23"
"Arl4a","Osgin1","Mfsd1"
"Plin2","Phlda3","Ccl9"
"Hp","Map2k3","Ctsz"
"Cidec","Abcd2","Slc5a6"
"Retsat","Cavin3","Limk1"
"4931406C07Rik","Mcm6","Tmt1a"
"Mcrip2","Tmtc4","Ppp1r1a"
"Hprt1","Aspm","Dpep1"
"Idh3a","Gclm","Gpd2"
"St3gal6","Pdxk","Nqo1"
"Tmem176a","Ube2c","Rasgef1b"
"Ephx2","Slc20a2","Ptcd2"
"Fabp4","Hmbox1","Ahnak"
"Igfals","Fbln2","Rbck1"
"Nat8l","Rpl32","Ctr9"
"Gas6","Exoc2","Spsb2"
"Acox1","Pde4b","Deptor"
"Ppp2r5a","Aspa","Rras"
"Pck1","Palld","Arhgap35"
"Asns","Smc1a","Pnp"
"Lrrc39","Basp1","Lctl"
"Sorbs1","Cldn12","Maoa"
"Olfml2b","Naa60","Lmo4"
"Cbr3","Hapln4","Sgpl1"
"Pgd","Tagln2","Cygb"
"Tmed5","Gm56878","Acp5"
"Tmem176b","Slc48a1","Rab3a"
"Ralgds","Ccna2","Ccdc9b"
"Acsl1","Cela1","Nfrkb"
"Col5a2","Pfkp","Gpat4"
"Mxra8","Fam111a","Vnn3"
"Ciapin1","Ogfod1","Gng2"
"Cryab","Tmbim6","Dmpk"
"Sparcl1","Txnl4b","Bid"
"Pnpla2","Rps24","Saraf"
"Rab5if","Maco1","Tgfbr2"
"Ppp1r15b","Gclc","Acaa2"
"Pex19","Eif3h","Dhrs3"
"Dlat","Rps6kb1","Siae"
"Fabp5","Rpl7","Tlr4"
"Tmem182","Slc35d1","Uba3"
"Pdcd4","Postn","Mpp1"
"Nipsnap1","2210408F21Rik","Tusc2"
"Chp1","Slc25a33","Ebpl"
"Ffar2","Rap2a","Slc35a4"
"Pex16","Crlf1","Map9"
"Syn2","Ikbkg","Triap1"
"Pim3","Foxd1","Neu1"
"Pdk2","Alkbh5","Gm56906"
"Thbd","Tyms","Sgta"
"Adcyap1r1","Ckap2l","Fth1"
"Hadhb","Mgat4b","Sqor"
"Alas1","Sptlc2","Xrcc3"
"Tuba1a","Gm57475","Mrpl35"
"Adamts1","Sqstm1","Dusp1"
"Arhgef17","Cenpf","Mrpl30"
"1600014C10Rik","Gpsm2","Sirt2"
"Hipk3","Bhlhe41","Lrp1"
"Ubqln1","Rps5","Pyroxd2"
"Picalm","Gtpbp4","Rpl7l1"
"Hcar2","Wdhd1","Leng1"
"Hsd11b1","Golm1","Lamp1"
"Rgs2","Rps26","Jup"
"Mrpl15","Gde1","Numbl"
"Col1a2","Sypl1","Agtrap"
"Cyp2f2","Tmcc1","Lipa"
"Cox5a","Klhl24","Rpia"
"Sfxn1","Abcc4","Smim29"
"Hspd1","Adh1","Kctd9"
"Pnpla8","Smc2","Cox4i1"
"Prkar2b","Shld3","Zfp768"
"Cmbl","Pear1","Cox6c"
"Dnajb9","Cnp","Snhg9"
"Orm1","Pla2g4a","Ccm2"
"S100a6","Fscn1","Camk2a"
"Tspan4","Grina","Amy1"
"Qdpr","Smc4","Ccdc85b"
"Pdxp","Mtus1","Nat8f3"
"Ehd1","Rpl22","Slc5a3"
"Agpat3","Racgap1","Renbp"
"Tmem120a","Pclaf","Ephx1"
"Ces1f","Top2a","Gm57137"
"Hycc2","Copg1","Capn2"
"Nrep","Esd","Ndufaf8"
"Rxra","Nadk2","Klhdc10"
"Fbln5","Ttk","Radil"
"Tgfbi","Arid4a","Prmt1"
"Gpat3","Kif21a","Mkln1"
"Bgn","Zfp664","Mrpl57"
"Aspn","Rnd3","Aph1b"
"Anxa8","Gins2","Zcchc24"
"Lpcat3","Bmper","Uqcr11"
"Hadha","Cers4","Dmtn"
"Septin6","Arhgap20","Tsc22d1"
"Cat","Commd5","Rreb1"
"Sod2","Smcr8","Slc39a11"
"Serpinb6a","Rpl31","Mmp2"
"Serpina3c","Eif2ak1","Cox7a2l"
"Col3a1","Wbp1","Sucla2"
"Grhpr","Nr1h2","Myh11"
"Adipor2","Eif2ak4","Rnf125"
"Dhrs7b","Stx11","Foxc1"
"Olfml3","Ckap2","Arhgef10l"
"Aldh1a7","Slc27a1","H2ac25"
"Cald1","Sgo1","Synj2bp"
"Trabd2b","Tstd3","Hr"
"Echdc1","Dlx4","Trim8"
"Dhrs9","9330102E08Rik","Mfge8"
"Ctsl","Slc22a17","Tnfsf12"
"Tmem109","Ccnb2","Atp5mf"
"Efr3a","Klf10","Sesn3"
"Mmgt1","Rps21","Ptk2b"
"Pea15a","Cdca2","Taok3"
"Sparc","Def8","Rin2"
"Ndufaf4","Ank","Psmd3"
"Pdhb","Ap5b1","Dynlt2b"
"Slc9a6","Ap1g2","Ctso"
"Sult1a1","Dnmt3a","Aqp2"
"Trarg1","Sfr1","1700017B05Rik"
"Mustn1","9330154J02Rik","Ivd"
"Sfrp2","Cul2","Tdrp"
"Bcap31","Sipa1l3","P2rx4"
"Bzw2","Map2k5","Pradc1"
"Fitm2","Hells","Dazap1"
"Ccl6","Rbm15","Fmo2"
"Lfng","Uba5","P2rx3"
"Ltc4s","Tarbp1","Trps1"
"Lhfpl2","Birc5","Trp53inp1"
"Gstt3","Tubb2a","Ulk2"
"Msra","Ccdc59","Ergic1"
"Rasl11a","Ppil4","Apoc4"
"Vim","Gk5","Pgls"
"Mmp14","Kif23","Resf1"
"Aco2","Trip13","Tax1bp1"
"Gpd1","Snhg8","Rsl1d1"
"C9orf72","9530082P21Rik","Tmem242"
"Marchf5","Dennd5b","Prorsd1"
"Ly6c1","Rpl27a","Fat1"
"Prxl2a","Tcf19","Rcn2"
"Prdx3","Gm45338","Tmem19"
"Emc6","Tmem131","Sccpdh"
"Ift122","Pbx2","Rps6ka1"
"Mcur1","Col16a1","Psma1"
"Acta2","Rab21","Sema5a"
"Sh3bp5","Klhl7","Mphosph6"
"Decr1","Sugt1","Adck2"
"Cavin1","Ak3","Cyp2ab1"
"Ermp1","Spag5","Peds1"
"Abhd5","Gsr","Dhtkd1"
"Cited2","S100a10","Tst"
"Adig","Greb1","Fuca2"
"Clstn3","Rps8","Dglucy"
"Nectin2","Syne2","Acox3"
"Nudt4","Pold1","Gns"
"Derl1","Rny3","Cmc2"
"Aldh9a1","Spred1","Zc3h7b"
"9130401M01Rik","Saa2","Tmem86a"
"Samm50","Fbxo5","Aldh4a1"
"Hmgb3","Cdk8","Heg1"
"Hes1","Cip2a","Tmem186"
"Sox4","Mcrs1","Nol7"
"Egln3","Gtse1","Plekha6"
"S100a4","Akap13","Rnf126"
"Csf1","Rpl39-ps","Blmh"
"Ier5","Rbmx2","Uqcrc2"
"Ctcflos","Gm8292","Pld3"
"Esrra","Sema4b","Il6ra"
"Cluh","Lin7c","Flt1"
"Prkg2","Crlf3","Card14"
"Actn1","Fas","Plbd2"
"Sox9","Arl8b","Fbxo9"
"Hsdl2","Ralgapa1","Angpt4"
"Mmd","Anapc5","Itpka"
"Atg101","Tfrc","Cebpa"
"Ubl3","Cpeb4","Traf4"
"Nedd4l","Rps20","Setd1b"
"Adissp","Arvcf","Apba1"
"Arxes1","Pimreg","Mbnl3"
"Tmem147","Gm7691","Carhsp1"
"Mdh2","Scd2","Vapb"
"Gsn","Zfp37","Ski"
"Fosl1","Rps29","Txnip"
"Bcl2l13","Ranbp9","Adh7"
"Phkg1","Nde1","Gabarap"
"Acbd4","Sorbs3","Isoc2a"
"2300009A05Rik","Vps33b","2700097O09Rik"
"Glrx5","Zfp948","Lamb1"
"Fn1","Imp3","Ndufa7"
"Atp5mc1","Snrnp48","Krt36"
"Socs2","Prl2c2","Slc6a6"
"Col1a1","Kif4","Pitpnb"
"Cyc1","Sepsecs","Sptssa"
"Fam114a1","Slc35g1","Atp5me"
"Bag4","Rpl26","Dixdc1"
"Fuca1","1600020E01Rik","Setd7"
"Angpt1","Tacc3","Adarb1"
"Zfp706","Lrrfip1","mt-Tq"
"Pdk4","Zfp61","Selenbp1"
"Hmox1","Rps12","Gabpa"
"Cd63","Ppm1d","Fbln7"
"Immt","Tmed9","Washc5"
"Fhl2","Ets2","Slc29a3"
"Cst3","Zfp428","Klhl2"
"Afg3l2","Rfc2","Zfp639"
"Mgst1","Plaat3","Riox2"
"Entpd5","Ubl7","Relb"
"Fgfrl1","Gm9899","Exoc3"
"3930402G23Rik","Bmal1","Fxyd1"
"Peg10","Il17rc","Snx33"
"Pde4dip","Lrif1","Eif4e2"
"Nfix","Cbr2","Tmem150a"
"Adamtsl4","Arih1","Sgcd"
"Adam12","Rpl14","Igf2bp1"
"Fgl1","Champ1","Ptpa"
"Zfp655","Ppid","Mid1ip1"
"Aqp1","Mcm5","Ndufs4"
"Dnajc15","Fam3c","Mycbp"
"Angptl2","Slain2","Gm43703"
"Cldn15","Lrr1","Sumf1"
"Ppargc1b","Fkbp10","Emilin1"
"C4b","Slc25a35","Meis3"
"Prss23","Rpl35","Mrpl43"
"Rarres2","Erbin","Atp1b3"
"Snhg18","Coro7","Sdf2l1"
"Mpdu1","Ppig","Naga"
"Itih4","Tbl1x","Ubxn2b"
"Aatk","Arl15","Isca1"
"Ddah2","Lgals1","Ly96"
"Col5a3","Tmed1","Snrpd3"
"Nr4a1","Hipk1","Nedd8"
"Acat2","Eef1b2","Chst14"
"Fkbp5","Ces1d","Nr1d2"
"Phb2","Cdpf1","Sbsn"
"Ncam1","Pycr1","Cstpp1"
"Plpp5","Fam117a","Romo1"
"Timp3","Zkscan1","Tmem161a"
"Snx10","Rplp0","Cope"
"Tsku","Pik3r1","Bltp3b"
"Wnk4","Plpp6","Mlf1"
"Tpm1","Sox5","Slc46a3"
"Sertad4","Ubac2","Mycl"
"Adamts5","Gsta4","Col6a2"
"Srxn1","Rpl6","Nlgn2"
"Ndufv1","Calcoco1","Wdsub1"
"Lasp1","Tuba4a","Steap2"
"Lrrcc1","Nkapd1","Stub1"
"Aplp2","Jkamp","Slc38a6"
"Cyb561","Rpl18a","Tmem63a"
"Ptgis","Rpl13","Clcn7"
"Orm3","Rpl37","Srpx2"
"Apbb2","Sumo1","Shc1"
"Lhfpl6","Dipk1b","Srgap3"
"Rbpms","Stmp1","Smarca2"
"Eif1ad","Hikeshi","Ttc39c"
"Aifm2","Nudt16l1","Anxa5"
"Pcolce","Brip1os","Pacs2"
"Cnn2","Tm9sf3","2310022B05Rik"
"Larp1b","Hcfc1r1","Eif2s2"
"Itm2b","Rpl4","Cdkn1a"
"Atp6v1e1","Rab34","Plin3"
"Sh3kbp1","Pnrc2","Raf1"
"Krt79","Rpl36a","Uso1"
"Trim29","Rps25","Slc25a30"
"Tns2","Rps10","Ogfrl1"
"Lrrc58",NA,"9330133O14Rik"
"Atp6ap2",NA,"Ndufs8"
"Chchd6",NA,"Hspa2"
"Ifrd1",NA,"Tmt1b"
"Zfp503",NA,"Fhip2b"
"Pls3",NA,"Acy3"
"Blvrb",NA,"Coq3"
"Plin4",NA,"Dnajc11"
"Mgst3",NA,"Ift74"
"Wwtr1",NA,"Nuak1"
"Mgst2",NA,"D730045B01Rik"
"Slc4a4",NA,"Nagpa"
"Etfb",NA,"Bysl"
"Ccnd1",NA,"Hectd3"
"Prkce",NA,"Micu2"
"Slc25a20",NA,"Acbd6"
"Ecm1",NA,"Galnt2"
"Mtss2",NA,"Cyth1"
"Sh3glb1",NA,"Ddr2"
"Fgf7",NA,"Extl2"
"Cdr2",NA,"Ctla2a"
"4122401K19Rik",NA,"ENSMUSG00000095041"
"Cth",NA,"Armcx1"
"Ndufa8",NA,"Npnt"
"Apoc1",NA,"B4galt5"
"Ptgfr",NA,"Celf2"
"Cycs",NA,"Dynll1"
"Uck1",NA,"Camk2n2"
"Dnaja3",NA,"Gm56915"
"Oxnad1",NA,"Strap"
"Lix1l",NA,"Poldip2"
"Ltbp2",NA,"Med20"
"Plekhm1",NA,"Ak6"
"Nabp1",NA,"Capn10"
"Tmem97",NA,"Sgpp1"
"Cp",NA,"Nop2"
"Mgp",NA,"Ubxn1"
"Atp5mc3",NA,"Zfp131"
"Pparg",NA,"Vdac2"
"Gm15411",NA,"Bcat2"
"Vdac1",NA,"Phf14"
"Gm6166",NA,"Rad51d"
"Pcolce2",NA,"Ap3b1"
"Mrpl34",NA,"Psmc1"
"Vcam1",NA,"Slc43a3"
"Taldo1",NA,"Rtn4"
"Cyp1b1",NA,"Diaph2"
"Slc16a1",NA,"Ano8"
"Nrxn2",NA,"Colec12"
"Plekhg5",NA,"Eya3"
"Slc25a1",NA,"Mrps16"
"Acadm",NA,"Ro60"
"Dclk1",NA,"Tes"
"Psmd4",NA,"Osbpl3"
"Tns1",NA,"H4c9"
"Prelid3b",NA,"Nmt1"
"Rasl11b",NA,"Lamc1"
"Gstk1",NA,"Urgcp"
"Aqp7",NA,"Nr1h3"
"Nt5dc2",NA,"9330020H09Rik"
"Twf2",NA,"Zcrb1"
"Ube2h",NA,"Fut8"
"Ung",NA,"Psme2"
"Cxcl12",NA,"Gulp1"
"Abhd1",NA,"Slc66a2"
"Ndufab1",NA,"Gnptg"
"Nap1l4",NA,"Inf2"
"Ccdc80",NA,"mt-Tc"
"Smurf1",NA,"Abhd12"
"Rhot2",NA,"Epb41l3"
"Hmgcs1",NA,"Swap70"
"Mvd",NA,"Galns"
"Akap1",NA,"Smim27"
"Slc25a26",NA,"Tpcn1"
"Flna",NA,"Cbx7"
"Atp1b1",NA,"Ndufa2"
"Grpel1",NA,"Mtres1"
"Mrc2",NA,"Tlk2"
"Nus1",NA,"Niban2"
"Podn",NA,"Zmynd8"
"Il17re",NA,"Ppp1r12b"
"Efemp2",NA,"Gm45218"
"Dcn",NA,"Tpra1"
"Timp1",NA,"Slc22a4"
"Mocs2",NA,"Washc2"
"Axl",NA,"Spink5"
"Fgf10",NA,"Sec14l1"
"Scarb1",NA,"Psmb6"
"Crat",NA,"Dnajc7"
"Isoc1",NA,"Ccng1"
"Slc50a1",NA,"Ndufb7"
"Acadvl",NA,"Ciao2b"
"Six1",NA,"Mtfr1"
"Rwdd4a",NA,"Pole3"
"Ivns1abp",NA,"Mettl9"
"Tpm2",NA,"Fubp1"
"Slc25a24",NA,"Frey1"
"Scd3",NA,"Pkdcc"
"Pigl",NA,"Gja1"
"Coa5",NA,"Eola1"
"Ndufa12",NA,"Uqcrb"
"Gdf5",NA,"Rdh10"
"Appl2",NA,"Snta1"
"Mpp7",NA,"Ext1"
"Ndufa11",NA,"Mrpl21"
"Gpi1",NA,"Ndufs6"
"Col5a1",NA,"Notch1"
"Gm10039",NA,"Taf6l"
"Creb3l1",NA,"Pop7"
"Slc27a4",NA,"Timm13"
"Tmem134",NA,"Gm50455"
"Slc25a39",NA,"Tmem50b"
"Scd1",NA,"Zfand3"
"Chchd4",NA,"Lnx2"
"Azin1",NA,"Cdsn"
"Dgat1",NA,"Cyb5rl"
"Mlycd",NA,"Atg12"
"Thrsp",NA,"Ppp1r3d"
"Inhbb",NA,"Peli3"
"Psat1",NA,"Grb10"
"Ptpn14",NA,"Tnfrsf12a"
"Mrgprf",NA,"Sema4c"
"Mrps2",NA,"Necap1"
"Dysf",NA,"Cdk14"
"Gpr146",NA,"Evc"
"Mccc1",NA,"Cnbd2"
"Cdkl5",NA,"Slc12a9"
"Ccl2",NA,"Gm44771"
"Ormdl3",NA,"Cabin1"
"Osbpl11",NA,"Slc25a46"
"Oxct1",NA,"Tob2"
"Fam110a",NA,"mt-Tp"
"Ginm1",NA,"Surf4"
"Trp63",NA,"Cd82"
"Os9",NA,"Atp1a2"
"Plppr3",NA,"Ppp1r21"
"Pde1b",NA,"Rps19bp1"
"Acadl",NA,"Pld1"
"Pmvk",NA,"Acox2"
"Cpt2",NA,"Prps1"
"Lrrc8d",NA,"Rnf145"
"Armcx2",NA,"Dtnbp1"
"Gsto1",NA,"Arhgap29"
"Casp8",NA,"Rad23b"
"Foxo6",NA,"Ganab"
"Rtn3",NA,"St6galnac6"
"Sh3pxd2a",NA,"Wdr1"
"Pgp",NA,"Rassf2"
"Mthfd2",NA,"Cnst"
"Vdac3",NA,"1500011B03Rik"
"Lum",NA,"Gnai3"
"Gnai2",NA,"Rnf13"
"Smim1",NA,"Ccdc18"
"Nudt18",NA,"Ewsr1"
"Rbms3",NA,"Ppp1r9b"
"Stambpl1",NA,"Sfxn4"
"Fbn1",NA,"Dlgap4"
"Rnd2",NA,"Pmepa1"
"Nsmce2",NA,"Prr13"
"Cavin2",NA,"Cert1"
"Tent5a",NA,"Ndufa10"
"Cd81",NA,"Msrb1"
"Csnk1a1",NA,"Nedd4"
"Timm10",NA,"Gm32591"
"Sri",NA,"Kiz"
"Bmp4",NA,"Pank1"
"Sod1",NA,"Mrps26"
"Gstt1",NA,"Map1lc3a"
"Prrx1",NA,"Supv3l1"
"Dld",NA,"Cd151"
"Pgm1",NA,"H13"
"Cebpb",NA,"Farsa"
"Gm45769",NA,"Hspb1"
"Tgoln1",NA,"Slc25a29"
"Chchd2",NA,"1600012H06Rik"
"Ybx3",NA,"BC005624"
"Cyp51",NA,"Gstm5"
"Atl3",NA,"Fam120aos"
"Mafb",NA,"Arpc5l"
"C3",NA,"Cnnm2"
"Mrap",NA,"Ywhaz"
"Agpat1",NA,"Pdp1"
"Maff",NA,"BC031181"
"Zyx",NA,"Rab3ip"
"Gda",NA,"Layn"
"Rnf166",NA,"Ankrd39"
"Chchd3",NA,"Il4ra"
"Dpt",NA,"Slc1a3"
"Cmpk1",NA,"Polr2c"
"Slc19a1",NA,"Ppard"
"Pdgfrb",NA,"Cops8"
"Psmg1",NA,"Dnajc18"
"Lima1",NA,"Sptlc1"
"Ghitm",NA,"2210016L21Rik"
"Clec14a",NA,"Paf1"
"Armc1",NA,"Dab2"
"Stradb",NA,"mt-Tm"
"Vkorc1",NA,"Alms1"
"Tcf4",NA,"Stat5b"
"Skp1",NA,"Cox6b1"
"Tnk2",NA,"Prpf6"
"Ndufc2",NA,"Lamc2"
"Vegfd",NA,"Frrs1"
"Sdc2",NA,"Pip5k1c"
"Ppm1a",NA,"Haghl"
"Mrpl3",NA,"Scly"
"Xpnpep3",NA,"Gm15867"
"Pdlim2",NA,"Slc13a4"
"Slit2",NA,"Yjefn3"
"Dlk1",NA,"Cyren"
"Cxcl5",NA,"Gpr15lg"
"Cs",NA,"Uqcc4"
"Ak2",NA,"Poli"
"Car5b",NA,"Zfp281"
"Rora",NA,"D330023K18Rik"
"Cox7a2",NA,"Nudt7"
"Snrk",NA,"Fam20c"
"Hdac7",NA,"Igf1"
"Sik2",NA,"Psmd2"
"Cyb5b",NA,"Dcst2"
"St3gal2",NA,"Cdk4"
"Cnpy4",NA,"Plk3"
"Map1a",NA,"Ogg1"
"Pole4",NA,"Dennd2a"
"Ak4",NA,"Bc1"
"Lpin1",NA,"Whamm"
"Hacd4",NA,"Zdhhc21"
"Marcks",NA,"Snx24"
"Parva",NA,"Klhl25"
"Ppif",NA,"Zfp467"
"Bhlhb9",NA,"Kifap3"
"Fam241a",NA,"Tmem53"
"Tmem33",NA,"Tmem259"
"Glt8d1",NA,"Cma1"
"Cacna1a",NA,"Apobec3"
"Adamts15",NA,"Tulp3"
"Mrpl45",NA,"F730043M19Rik"
"Trafd1",NA,"Abhd18"
"Tpm4",NA,"Taf9b"
"Slc25a34",NA,"Gm53058"
"Aco1",NA,"Pbx4"
"Nf2",NA,"Plxnb2"
"ENSMUSG00000121488_Gm5886",NA,"Ube2f"
"Gcnt2",NA,"Diaph1"
"Ube3a",NA,"Rexo2"
"Fbxo8",NA,"Loxl4"
"Cdk1",NA,"Tgfbrap1"
"Nexn",NA,"Dda1"
"Niban1",NA,"Rrad"
"Ywhag",NA,"Dusp9"
"Mef2d",NA,"Prkx"
"Ell2",NA,"Vwa5a"
"Gars1",NA,"Tle3"
"Thra",NA,"Tnrc6c"
"Atp13a3",NA,"Bahcc1"
"Selenon",NA,"Sdc3"
"Irs2",NA,"Mn1"
"Gm10851",NA,"Snora30"
"Fzd2",NA,"Hip1"
"Pmf1",NA,"Fgfr2"
"Lactb2",NA,"Adamtsl5"
"Rab7b",NA,"Bet1l"
"Cisd1",NA,"Trmt61b"
"Eci2",NA,"Sptbn5"
"Ifnar2",NA,"Hs2st1"
"Supt3",NA,"Ube2g2"
"Gcsh",NA,"Tmbim1"
"Dpysl3",NA,"Slc25a45"
"Pex14",NA,"Pdss1"
"Lipe",NA,"Tcn2"
"C1ra",NA,"Nicol1"
"B430010I23Rik",NA,"Pla2g7"
"Riok2",NA,"Rspo2"
"Zbtb11os1",NA,"Zfand6"
"Crls1",NA,"Rorc"
"Nacc2",NA,"Ctnnb1"
"Yaf2",NA,"Mpi"
"Me1",NA,"Dvl2"
"Sgms2",NA,"Aacs"
"Hspa9",NA,"Sdcbp"
"Sdc1",NA,"Cdc42ep5"
"Nfib",NA,"Orc2"
"Uqcrq",NA,"Per3"
"Ppa1",NA,"Gpc1"
"Ndufv2",NA,"Trim16"
"Alcam",NA,"Mdh1"
"Cuedc1",NA,"Rmnd1"
"Zfp703",NA,"Washc1"
"Tmem88b",NA,"Mt1"
"Ckap4",NA,"Nploc4"
"Hmga2",NA,"2810013P06Rik"
"Acer2",NA,"Mrps27"
"Hccs",NA,"Emc9"
"Smim5",NA,"Cd274"
"Slc11a2",NA,"Tmem205"
"Itgbl1",NA,"Mrpl19"
"Rad17",NA,"Gm56596"
"Ppip5k1",NA,"Sesn2"
"Aldoa",NA,"Sar1b"
"Zfp91",NA,"Snhg3"
"Prkar2a",NA,"Anxa11"
"Clu",NA,"Gpam"
"Psmb3",NA,"Sh2b3"
"Slc25a44",NA,"Mrpl16"
"Prdx4",NA,"Thumpd1"
"Nras",NA,"Cd109"
"Etfdh",NA,"Sec24d"
"Scara5",NA,"Sik1"
"Eva1b",NA,"Snx30"
"Ece1",NA,"Cebpg"
"S100a8",NA,"ENSMUSG00000121445"
"Enc1",NA,"Amotl2"
"Prune1",NA,"Mfap1a"
"Klf4",NA,"Snora73b"
"Vasn",NA,"Hs1bp3"
"Fst",NA,"Map1lc3b"
"Galk2",NA,"Slc26a11"
"Ttyh3",NA,"Fbxo7"
"Emp2",NA,"Fsd2"
"Mrpl20",NA,"Stxbp3"
"Plvap",NA,"Bok"
"Snrpb",NA,"Acaa1a"
"Atad3a",NA,"Rab5c"
"Xrcc5",NA,"Cpeb3"
"Wdr6",NA,"Ctnnd1"
"Mpc1",NA,"Med27"
"Agpat2",NA,"Hsd17b10"
"Acsl5",NA,"Rab13"
"Pam16",NA,"Pgap6"
"Pxdn",NA,"Ndufb3"
"Anxa3",NA,"Ldb1"
"Septin9",NA,"Atp6v1b2"
"Tex2",NA,"Fam136a"
"Micall1",NA,"Mfng"
"Tbc1d2b",NA,"Atpsckmt"
"Tmem245",NA,"Snx9"
"Rtf2",NA,"Fam204a"
"Elovl3",NA,"Abcg2"
"Socs3",NA,"Reep4"
"Ccn4",NA,"Cep20"
"Sh2b2",NA,"Ccdc71"
"P4hb",NA,"Maml2"
"Pcx",NA,"Pias3"
"Larp4",NA,"Cab39"
"Dgkd",NA,"Mlana"
"Itgb5",NA,"Tnrc18"
"Dock11",NA,"ENSMUSG00000121679"
"Six4",NA,"Tmem106c"
"Farsb",NA,"Fmc1"
"Oip5os1",NA,"Itpr2"
"Adtrp",NA,"Kdm4a"
"Atf4",NA,"Irak1"
"Igfbp7",NA,"Fam124a"
"Slc29a1",NA,"Vma21"
"Lrpap1",NA,"Rbm4"
"Lcor",NA,"Atn1"
"Pik3ip1",NA,"Tcof1"
"Got1",NA,"Arpc1a"
"Ogdh",NA,"Zxdc"
"Tomm70a",NA,"Aff3"
"Bnip3",NA,"Tmem164"
"B3galnt1",NA,"Srsf9"
"Snai2",NA,"Tmem161b"
"Vamp5",NA,"Aldh5a1"
"Btnl12",NA,"Eef1e1"
"Vps13a",NA,"Gm10644"
"Slc25a22",NA,"Trmu"
"Loxl3",NA,"Ddx21"
"C1qbp",NA,"Fchsd1"
"Nadk",NA,"Ergic2"
"Atp5if1",NA,"Gdpd1"
"Mif",NA,"Scn2a"
"Rnf11",NA,"Ift27"
"Mtx2",NA,"Ttc21b"
"Ier3",NA,"Abi2"
"Pygb",NA,"Ust"
"Sh3bgrl",NA,"Col6a3"
"Ppic",NA,"Mkln1os"
"Tfpi",NA,"AI837181"
"Pcdh18",NA,"Kif26b"
"Nid2",NA,"Medag"
"Kyat1",NA,"Rnf10"
"Crtap",NA,"Cmtm6"
"Pyurf",NA,"Stxbp1"
"Col18a1",NA,"Ap2b1"
"Ephb3",NA,"Incenp"
"Ehd2",NA,"Gm31814"
"Fdx1",NA,"Ube2e2"
"Bola3",NA,"Lrrc17"
"Mmadhc",NA,"Mief2"
"Myof",NA,"Hps1"
"Tmsb4x",NA,"Zc2hc1a"
"Klb",NA,"Rhbdf1"
"Txnrd1",NA,"Lyplal1"
"Fggy",NA,"Ttc38"
"Ech1",NA,"Nfu1"
"Peli2",NA,"Nme1"
"Rap1gap2",NA,"Sec11c"
"Man1a",NA,"Mpzl1"
"Serpina3n",NA,"Pitpna"
"Psma5",NA,"B3galt2"
"Ndufb6",NA,"Dnajc24"
"Miga2",NA,"Ncoa7"
"Xdh",NA,"Kif3b"
"Iba57",NA,"Dnajc5"
"Pdpk1",NA,"Ganc"
"Thy1",NA,"Mrpl48-ps"
"Zbtb5",NA,"Ccdc88a"
"Myl9",NA,"Ubr1"
"Gys1",NA,"Dnajc1"
"C2cd2l",NA,"Pde6d"
"Sh3glb2",NA,"ENSMUSG00000121494_9030619P08Rik"
"Cndp2",NA,"Pigp"
"Marchf6",NA,"Rnf141"
"Rab6b",NA,"Tapbpl"
"Cdc27",NA,"Stx17"
"Capg",NA,"Bri3"
"Slc25a51",NA,"Rabggtb"
"Fbxo2",NA,"Cox11"
"Naglu",NA,"Fyttd1"
"Eif1b",NA,"Kansl1l"
"Nfia",NA,"Sdhaf4"
"Cyp4f17",NA,"Clybl"
"Fbxo25",NA,"Gpd1l"
"Serp1",NA,"Apba3"
"Gramd1b",NA,"B230354K17Rik"
"Matn2",NA,"Tmem258"
"Mrps9",NA,"Nrg1"
"Eif5",NA,"Gm57341"
"Sbk1",NA,"Usp16"
"Mrps23",NA,"Gm56859"
"Enpp2",NA,"Rnf150"
"Ppargc1a",NA,"Cog2"
"Fdps",NA,"Ldhb-ps"
"Cd248",NA,"Zfp934"
"Rusc2",NA,"Lef1"
"Ahnak2",NA,"Rab3d"
"Ccdc34",NA,"Erap1"
"Mbd4",NA,"Spink10"
"Tmem167",NA,"Dtwd1"
"Pak3",NA,"Gm6682"
"Gm56768",NA,"Fam229b"
"Lgals9",NA,"Nup88"
"Nrg4",NA,"Nudt13"
"Slc43a2",NA,"Cct3"
"Klf6",NA,"Swi5"
"Atp6v1d",NA,"Notch2"
"Hsd17b4",NA,"Tspan18"
"Dipk1a",NA,"Cdc42"
"Hs6st1",NA,"Il6st"
"Clip3",NA,"Ccnd2"
"H2-T23",NA,"C130036L24Rik"
"Lgals3",NA,"Tslp"
"Arpc1b",NA,"Igf2bp3"
"Ptn",NA,"Chst1"
"Clstn1",NA,"Tigar"
"Atp5pb",NA,"AI429214"
"Acacb",NA,"Creg1"
"Cpe",NA,"Asnsd1"
"Psme3",NA,"Tomm40l"
"Rxrb",NA,"Ddx39a"
"Ffar4",NA,"Zbed4"
"Plaa",NA,"Hnrnpab"
"Il17ra",NA,"Homer3"
"Zhx1",NA,"Prmt2"
"Nsdhl",NA,"Lrtm1"
"Serpinb1a",NA,"Ddx24"
"Negr1",NA,"Mus81"
"Tceal9",NA,"Smad7"
"Tnks2",NA,"Pptc7"
"Deaf1",NA,"Fryl"
"Dock9",NA,"Wrnip1"
"Tgfb1i1",NA,"Zfp68"
"Filip1l",NA,"Mthfs"
"Nid1",NA,"Mcm7"
"Gpbp1l1",NA,"Obsl1"
"Ehd3",NA,"Atp5f1c"
"Tmem256",NA,"Ptrh1"
"Pgam1",NA,"Zranb2"
"Naalad2",NA,"Ufsp1"
"Lzic",NA,"Boc"
"2500002B13Rik",NA,"mt-Ti"
"Ccdc102a",NA,"Dnm1"
"Npc2",NA,"Meis1"
"Acbd5",NA,"Tdrd7"
"Comtd1",NA,"Pitrm1"
"Ndufb8",NA,"Chmp1a"
"Dlst",NA,"Steap3"
"Fra10ac1",NA,"Mtf1"
"Atp1a1",NA,"Tmem202"
"Gng10",NA,"Cdip1"
"Hk2",NA,"Rtl8b"
"Hibadh",NA,"1700080G18Rik"
"Papss2",NA,"Atxn2"
"Clock",NA,"Cachd1"
"Lamb2",NA,"Sun1"
"C1rb",NA,"Slc16a10"
"Acss2",NA,"Skic2"
"Vasp",NA,"Bnc2"
"Praf2",NA,"Mtmr4"
"Reep6",NA,"Gtf2h4"
"Tm4sf1",NA,"Sap30"
"Tbc1d20",NA,"Il1r1"
"Trim47",NA,"Mycbp2"
"Jade1",NA,"Maml3"
"Ywhab",NA,"Tmod3"
"Mr1",NA,"Gask1b"
"Cdk6",NA,"Selenos"
"Ssh2",NA,"Gbp11"
"Tmem11",NA,"Camkk2"
"Ypel5",NA,"Ncapd3"
"Psen2",NA,"Asb8"
"Id3",NA,"Rad21"
"Cox10",NA,"Tlr2"
"Tmcc3",NA,"Tram2"
"Siah2",NA,"Nsun3"
"Znrf2",NA,"Carns1"
"Rbms1",NA,"Cep290"
"Gabarapl1",NA,"Ahcyl2"
"St3gal5",NA,"Rcl1"
"Psma6",NA,"Fabp12"
"Abca8a",NA,"Cyfip1"
"Maged2",NA,"Psd3"
"Plekhh2",NA,"Arhgap17"
"Gpx7",NA,"Rpgrip1l"
"Gfm1",NA,"Myadm"
"Ccn5",NA,"Sun2"
"ENSMUSG00000121879_Zfp862-ps",NA,"Stk16"
"Tomm40",NA,"Jam3"
"St3gal1",NA,"Zbtb43"
"Bnip3l",NA,"Abracl"
"Dok1",NA,"3300005D01Rik"
"Fkbp7",NA,"Armc10"
"Arl6ip6",NA,"Fig4"
"Errfi1",NA,"Ppp1r37"
"Ndufc1",NA,"Ssbp4"
"Mest",NA,"Kctd10"
"Ncor1",NA,"Rhbdf2"
"Lpar1",NA,"Lyrm4"
"Izumo4",NA,"Papss1"
"Cd93",NA,"Acat1"
"Ptges3l",NA,"Psph"
"Glipr2",NA,"Mnt"
"G0s2",NA,"Ttc7"
"Uqcrh",NA,"Pop5"
"Letm1",NA,"Map1b"
"Coq9",NA,"Bcs1l"
"Ccdc47",NA,"Zfp574"
"Slc4a7",NA,"Bace1"
"Endou",NA,"Gm33841"
"Usp8",NA,"Cic"
"Emc2",NA,"Sh3bp2"
"Lias",NA,"Plp2"
"Anks1",NA,"Dnm1l"
"Pex13",NA,"Acy1"
"St13",NA,"Med22"
"Epdr1",NA,"Flrt3"
"Cox6a2",NA,"Fads2"
"Smim10l1",NA,"Ndufb5"
"Kdm5c",NA,"Mettl16"
"Tmsb10",NA,"B3gnt9"
"Ucp2",NA,"Yif1a"
"Hcar1",NA,"C1rl"
"Cntln",NA,"Pbx3"
"Masp1",NA,"Arfip1"
"Slc16a6",NA,"Mrpl46"
"Atp10d",NA,"Antxr1"
"Prkcd",NA,"Jpt1"
"Txlng",NA,"Tecr"
"Rita1",NA,"Map4k4"
"Nkiras2",NA,"Guf1"
"Ube4b",NA,"Csde1"
"Pla2g12a",NA,"Mthfd1l"
"Ptges2",NA,"Nfat5"
"Ipo9",NA,"Ccdc124"
"Serpine2",NA,"Spata6"
"Patl1",NA,"Lsm4"
"Chst11",NA,"Stard4"
"Rnf4",NA,"Dus4l"
"Cnn3",NA,"Rngtt"
"Por",NA,"Slc37a3"
"Insig1",NA,"Mrps18a"
"Isyna1",NA,"Golga2"
"Ifitm3",NA,"Eif3j1"
"Flrt2",NA,"Srpk2"
"Ssbp3",NA,"Med14"
"Ubp1",NA,"Urm1"
"Eif4g2",NA,"Psmd6"
"Tns3",NA,"Dusp4"
"Lncbate6",NA,"Src"
"Gstm7",NA,"Rida"
"Exoc4",NA,"Mrps24"
"Ebf1",NA,"Scaper"
"Cradd",NA,"Ptcd1"
"Hspb8",NA,"Gm10250"
"Gm34084",NA,"Plxna3"
"Dnaja2",NA,"Unc5c"
"Agpat4",NA,"Nipa2"
"Uqcrc1",NA,"Gpc4"
"Apol6",NA,"M1ap"
"Rnase4",NA,"Bpnt2"
"Selenow",NA,"Rsrc2"
"Ier5l",NA,"Arl6"
"Pam",NA,"Myl4"
"Atf3",NA,"Invs"
"Pcsk4",NA,"Cpne3"
"Rhou",NA,"Pogk"
"Wdfy2",NA,"Kitl"
"Crip1",NA,"Fkbp14"
"Ppp2ca",NA,"Myl12b"
"Ndufs1",NA,"Grem1"
"Cnppd1",NA,"Rcor2"
"Tmem220",NA,"Mrpl11"
"Cbx6",NA,"Ptprk"
"Sncg",NA,"Gtf2h5"
"Gm20544",NA,"Ccser2"
"Epb41l4a",NA,"Sh3bp4"
"Tgfb2",NA,"Gm10603"
"Hilpda",NA,"Ahi1"
"Pex3",NA,"Mat2b"
"Wdr55",NA,"Pcbp4"
"Hycc1",NA,"Anxa1"
"Slc22a23",NA,"Gm43645"
"D5Ertd579e",NA,"Amigo2"
"Zbtb18",NA,"ENSMUSG00000121483_Gm20257"
"Qtrt2",NA,"Rdh13"
"Shisa4",NA,"Polr2g"
"Mcph1",NA,"Chkb"
"D16Ertd472e",NA,"Pou2af3"
"Gm13205",NA,"Casp3"
"Rprd1b",NA,"Asf1b"
"Homer1",NA,"Syvn1"
"Dynlt3",NA,"Gpr19"
"Ldha",NA,"Dennd2d"
"Arf1",NA,"Nupr1"
"Ids",NA,"Ran"
"Mrps5",NA,"A930005H10Rik"
"Mllt11",NA,"B4galnt1"
"Dolk",NA,"Gxylt2"
"Noct",NA,"Smco4"
"Aip",NA,"Adcy3"
"Map4",NA,"Cstf2"
"Lgalsl",NA,"Sord"
"Pdzd2",NA,"Smim12"
"Slc35b4",NA,"Zfp638"
"Lurap1l",NA,"Dgcr6"
"Wasf1",NA,"Ngf"
"Gltp",NA,"Limch1"
"Flad1",NA,"Usf3"
"Maf",NA,"Rin1"
"Pkmyt1",NA,"Tcf7l2"
"Timm10b",NA,"Mdfic"
"Vcan",NA,"Prdm2"
"Gm57383",NA,"Dhx36"
"Ppp3r1",NA,"Ophn1"
"Itga5",NA,"Ppwd1"
"Pex1",NA,"Rpusd4"
"Ninl",NA,"Magee1"
"Rcn1",NA,"Emc8"
"Prdx1",NA,"N4bp3"
"Cenpt",NA,"Suds3"
"C1s1",NA,"Rps6ka5"
"Tmem184b",NA,"Ikbke"
"Slc18b1",NA,"Trpv1"
"Fhip1b",NA,"Xlr3a"
"BC037039",NA,"Dmac2"
"Ikbip",NA,"Gm47096"
"Cc2d2a",NA,"Tspan5"
"Acaa1b",NA,"Fbxw4"
"Trim24",NA,"Synm"
"Atg5",NA,"Ankrd1"
"Rbl2",NA,"Pphln1"
"Irx3",NA,"Dcxr"
"Arfgef2",NA,"Ccdc181"
"Ppp2r2d",NA,"Nudt9"
"Xpot",NA,"Rom1"
"Pdlim1",NA,"Itpa"
"Emp3",NA,"Irs1"
"Pfkl",NA,"Pde4d"
"Acad11",NA,"Bub1"
"Sh3pxd2b",NA,"Tnfaip1"
"Prkag2",NA,"Ing1"
"Scara3",NA,"Exosc2"
"Gm7049",NA,"Rpl10"
"Dusp6",NA,"Hk1os"
"Ak1",NA,"Eif4g1"
"Jagn1",NA,"Cacnb3"
"Syap1",NA,"Uvrag"
"Rps27",NA,"Tvp23bos"
"Septin7",NA,"Myl6b"
"Suclg1",NA,"Nucks1"
"Pdhx",NA,"Gm57027"
"Mindy1",NA,"Ptpn3"
"Txn2",NA,"Ifngr2"
"Flacc1",NA,"Zfp354c"
"Tmem60",NA,"Lrp11"
"Cdc42ep1",NA,"Osgep"
"Ddi2",NA,"Atp6v0d1"
"Pid1",NA,"Krba1"
"Fam210b",NA,"Cdk2"
"Hadh",NA,"Fastk"
"Armcx4",NA,"Scoc"
"Rnf185",NA,"Slc25a10"
"Stard5",NA,"Foxk2"
"Slc35e4",NA,"Plec"
"Pla2g6",NA,"Lipt1"
"Il1rap",NA,"Pde4a"
"Fhod1",NA,"Specc1l"
"Nenf",NA,"Cyp2c70"
"Chchd10",NA,"Zfp277"
"Acads",NA,"Efna2"
"Dnaaf5",NA,"Irak1bp1"
"Parp3",NA,"Cdkn2aipnl"
"Cfl2",NA,"Efna1"
"Gm22748",NA,"Map2"
"Tspan17",NA,"Cd276"
"Tapt1",NA,"Edf1"
"Ass1",NA,"Rce1"
"Sil1",NA,"Cpt1a"
"Ssbp2",NA,"Ap2s1"
"Znhit1",NA,"Ifi27l2a"
"Mpc2",NA,"Ttc8"
"Acot7",NA,"Car6"
"Atg4d",NA,"Aebp1"
"Ltbp1",NA,"Cln6"
"Zfpm2",NA,"Fmo1"
"Mix23",NA,"Lztr1"
"Ptx3",NA,"Plppr2"
"Ddhd2",NA,"Ap4s1"
"Pdpr",NA,"Coq6"
"Dcun1d3",NA,"0610030E20Rik"
"Tmem198b",NA,"Tsen2"
"Rps6ka3",NA,"Usp2"
"Rdh5",NA,"Wdr81"
"Adamts10",NA,"G6pc3"
"Them4",NA,"Lrrc32"
"Piezo1",NA,"Nherf1"
"Pwwp3a",NA,"Rcc2"
"Cdc34",NA,"Gm57397"
"Rnf19b",NA,"Pip5k1a"
"Antxr2",NA,"Rangap1"
"Zfp770",NA,"Nifk"
"Kank2",NA,"Gm57241"
"Csf2rb",NA,"Aopep"
"Tigd2",NA,"Atp5mj"
"Cx3cl1",NA,"Cct7"
"Adam33",NA,"Nat8f1"
"Macrod1",NA,"Pdgfra"
"C030014I23Rik",NA,"Arih2"
"Inppl1",NA,"Rad1"
"Atp5f1d",NA,"G3bp2"
"Tmem120b",NA,"Kifc3"
"Prr5",NA,"Smad1"
"Fgf2",NA,"Pip4k2b"
"Ankrd40",NA,"Jak1"
"Itga7",NA,"Lars1"
"Fah",NA,"Ezh1"
"Bmp1",NA,"Eno3"
"Ctnnal1",NA,"Poln"
"Stard7",NA,"Uqcc6"
"Ptcd3",NA,"Mecomos"
"Dbi",NA,"Tubb4b"
"Rbbp9",NA,"Ptgr3"
"Ltbp3",NA,"Grcc10"
"Nfe2l1",NA,"Sema3c"
"Gnas",NA,"Gm5617"
"S100b",NA,"Aph1c"
"Txnl1",NA,"Mir100hg"
"Ndufa12-ps",NA,"H3c15"
"Gamt",NA,"Fh1"
"Ubac1",NA,"Cds2"
"Serf1",NA,"Gm53012"
"Nans",NA,"Rab24"
"Lgi4",NA,"Snx25"
"Aldh3b2",NA,"Csnk2a1-ps3"
"Lrrn4cl",NA,"E430018J23Rik"
"Tpi1",NA,"Sntb2"
"Anapc11",NA,"Zdhhc13"
"Cox8b",NA,"Mkrn2"
"Garnl3",NA,"Iffo1"
"Ftl1",NA,"Cep68"
"Gli3",NA,"Ctsc"
"Ddr1",NA,"Bcor"
"Utp4",NA,"Hivep3"
"Tmem29",NA,"Arl2"
"Mtfp1",NA,"Prss27"
"Tstd2",NA,"Gm56816"
"Zfp740",NA,"Klf11"
"Higd2a",NA,"Trim56"
"Msmo1",NA,"Actn4"
"Cyp20a1",NA,"D330050I16Rik"
"Psip1",NA,"Gm20632"
"Gtf2a1",NA,"Polrmt"
"Uqcc2",NA,"Ndufb1"
"Ctsk",NA,"Idh3g"
"Cars1",NA,"Pgap1"
"Atpaf2",NA,"Pcdhb17"
"Tspan12",NA,"Snx27"
"Sh3bgrl3",NA,"Ncoa4"
"Rnf215",NA,"Tinagl1"
"2410022M11Rik",NA,"Eif2b5"
"Tln2",NA,"Tmem14a"
"Tmem165",NA,"Dnase1l1"
"1810021B22Rik",NA,"Mcoln1"
"Trib2",NA,"Rhbdd1"
"Smim20",NA,"Ankrd44"
"Rsu1",NA,"Aig1"
"Lox",NA,"Gm5914"
"Thbs2",NA,"Ext2"
"Cmip",NA,"Hspa5"
"6030458C11Rik",NA,"Coa6"
"Mrpl12",NA,"Podnl1"
"Grsf1",NA,"Pnisr"
"Ampd2",NA,"Pip4k2a"
"Taf4b",NA,"Zmat1"
"Wfdc21",NA,"Cd47"
"Trf",NA,"Gm5817"
"Eeig2",NA,"Mecr"
"Oat",NA,"Arhgap28"
"Pdia5",NA,"Gins4"
"Cib2",NA,"Naa20"
"Mfap5",NA,"Ccdc66"
"Pacsin3",NA,"Hras"
"Slc44a2",NA,"Daam1"
"Ctsf",NA,"Fzr1"
"Slc1a4",NA,"Prpf19"
"Tent5b",NA,"Zfp90"
"Aldh3b1",NA,"Nrp2"
"Myh9",NA,"Stom"
"Sulf2",NA,"Vegfc"
"2310039H08Rik",NA,"Prkca"
"Ppfibp1",NA,"Naa38"
"Mturn",NA,"Pak1ip1"
"Gypc",NA,"Peg13"
"Gm2a",NA,"Dusp22"
"Sipa1l1",NA,"Usp4"
"Hdhd2",NA,"Gm57003"
"C1qtnf12",NA,"Hoxb4"
"Fos",NA,"Rhbdd2"
"Sfxn2",NA,"Psmb5"
"Rps7",NA,"B430319H21Rik"
"Nmi",NA,"Hfe"
"Fem1a",NA,"Eif2b4"
"Jam2",NA,"Gm56517"
"Cyrib",NA,"Cpeb2"
"Ubqln2",NA,"Yipf1"
"Glt8d2",NA,"Gpr176"
"Nlrp2",NA,"Ly6h"
"Cnpy2",NA,"Cbx1"
"Fut11",NA,"Sec31a"
"Itga6",NA,"Psma2"
"Rrs1",NA,"Prdx6"
"Arap1",NA,"Msh2"
"Fzd3",NA,"Erg28"
"Ednra",NA,"Anpep"
"Rxrg",NA,"Tfam"
"Cox5b-ps",NA,"Ist1"
"Slc38a4",NA,"Camta2"
"Atp2b1",NA,"Dusp28"
"Ppp2r5b",NA,"Cul7"
"Furin",NA,"Plac8"
"Itm2c",NA,"Ell"
"Hsd17b7",NA,"Myo5a"
"Hexa",NA,"Qsox2"
"Spryd7",NA,"Tmem59"
"Dnm3os",NA,"Cenpw"
"Anapc1",NA,"Pacc1"
"Igfbp3",NA,"Wwc2"
"Rab6a",NA,"Ahsa1"
"Cdc42ep4",NA,"Fam234b"
"Uqcr10",NA,"Nr2c2ap"
"Col8a1",NA,"Pierce2"
"Plat",NA,"Sec22b"
"Elavl1",NA,"Mob3b"
"Calhm2",NA,"Tmem209"
"Abcd3",NA,"Mlx"
"Tagln",NA,"Pgbd1"
"Pcdh19",NA,"Zbtb8a"
"Grb14",NA,"Ctdnep1"
"Gstm2",NA,"Egr2"
"Atp6v0b",NA,"Slc25a12"
"Msrb3",NA,"Slc39a9"
"Itga1",NA,"Marchf8"
"Bbln",NA,"Map4k2"
"Borcs6",NA,"Pomk"
"Orm2",NA,"Gpr108"
"Scp2",NA,"Hpdl"
"Plcb1",NA,"Ppp1r18"
"Csrp1",NA,"Serpine1"
"Ndn",NA,"Nuak2"
"Fam210a",NA,"Krt80"
"Nfic",NA,"Mysm1"
"Tpp1",NA,"Auh"
"Abhd11",NA,"Ilvbl"
"Mxd4",NA,"Suz12"
"Ralgapa2",NA,"Zfp579"
"Dxo",NA,"Zbtb16"
"Ubd",NA,"Il6"
"Tef",NA,"Pacs1"
"Gfm2",NA,"4930511E03Rik"
"Lrig3",NA,"Cog7"
"Psme3ip1",NA,"Zfp346"
"Smim26",NA,"Bahd1"
"Smim36",NA,"Hvcn1"
"Adcy6",NA,"Slc9a8"
"Cpne2",NA,"Ormdl1"
"Mcm4",NA,"Anp32a"
"Phlda1",NA,"Ebp"
"Ppara",NA,"Bnip2"
"Klhl33",NA,"Acvr2a"
"Tiparp",NA,"Cdca7l"
"Sco2",NA,"Rpe"
"Isca2",NA,"Garin1a"
"Man2b2",NA,"Mbd2"
"Glrx",NA,"Zswim4"
"Poglut1",NA,"2310040G24Rik"
"Ppcs",NA,"Rad23a"
"Zdhhc5",NA,"Oma1"
"Trappc5",NA,"Znrf1"
"Plekha3",NA,"Sipa1l2"
"Bicc1",NA,"Kmt2e"
"Idh2",NA,"Stoml1"
"Kif1c",NA,"Erp44"
"Tgfb3",NA,"Itfg1"
"Vopp1",NA,"Vcl"
"Exd1",NA,"Ccz1"
"Nucb2",NA,"Fam32a"
"Bhlhe40",NA,"Fbxw7"
"Hsp90ab1",NA,"Gdi2"
"Mmp23",NA,"Fbxo10"
"Cox19",NA,"Ptpn22"
"Tmem14c",NA,"Arsa"
"Ncan",NA,"Mmgt2"
"Nrbp2",NA,"Zfp251"
"Rpa1",NA,"Fchsd2"
"Adam9",NA,"Erbb2"
"St3gal3",NA,"Gsk3a"
"Dennd2b",NA,"Josd2"
"Pdha1",NA,"Riok3"
"Foxn3",NA,"Twist2"
"Atp6v0e2",NA,"Gm56560"
"Ndufb4",NA,"Mrs2"
"Ap5s1",NA,"Asap2"
"Tbpl1",NA,"Tmem127"
"Prkrip1",NA,"Ndufa5"
"Tnip1",NA,"Gm15787"
"Fxr2",NA,"Sipa1"
"Phf10",NA,"Pgghg"
"Il11ra1",NA,"Stk38"
"Stam2",NA,"Smyd3"
"Itgb2",NA,"Rab11fip3"
"4930523C07Rik",NA,"Trem2"
"Mlst8",NA,"Epas1"
"Bltp2",NA,"Hddc3"
"Iah1",NA,"Zfp777"
"Mlf2",NA,"Asb1"
"Ifitm2",NA,"Neat1"
"Nav3",NA,"Matn4"
"mt-Tl2",NA,"Lsm14a"
"Cenpv",NA,"Elp4"
"6820445E23Rik",NA,"Wwp2"
"Papola",NA,"Kat7"
"Olr1",NA,"Tbx18"
"Abi3bp",NA,"B230208H11Rik"
"Bdh2",NA,"Phf20"
"Samhd1",NA,"Phtf1"
"Dhcr7",NA,"Xbp1"
"Zfp827",NA,"Scn1b"
"Clp1",NA,"Cemip2"
"Dohh",NA,"Mapre3"
"Pabpc4",NA,"Six5"
"Amot",NA,"Mmrn2"
"C1qtnf6",NA,"Timm8b"
"Atf5",NA,"Ptp4a3"
"Gadd45g",NA,"Itgav"
"Poglut3",NA,"Bclaf3"
"Sbf1",NA,"Pus10"
"Gba1",NA,"Smad6"
"Tgm2",NA,"Taf15"
"Tmem199",NA,"Mark2"
"Rmdn3",NA,"Xpr1"
"Slc7a1",NA,"Nelfa"
"Atp5po",NA,"Nmnat2"
"Maf1",NA,"Abcd4"
"Cd1d1",NA,"Epha2"
"Kpna1",NA,"Slc41a3"
"Ifitm6",NA,"Tm2d2"
"Lsm1",NA,"Cops3"
"Smim41",NA,"Fam20a"
"Mrpl55",NA,"Eif2s1"
"Chpt1",NA,"Lamtor2"
"Taok1",NA,"Leprot"
"Slc7a11",NA,"Map2k6"
"P3h3",NA,"Gm37305"
"H3f3b",NA,"Thyn1"
"Gfer",NA,"Sfpq"
"Acvr1",NA,"Arhgap27"
"Serpinh1",NA,"Mrps28"
"Lonp2",NA,"Cflar"
"Wars1",NA,"Cisd3"
"Aqp5",NA,"C030015A19Rik"
"Pros1",NA,"Crtc3"
"Klhl5",NA,"Hook2"
"Gale",NA,"Hnrnpa0"
"Lypla1",NA,"Ero1b"
"Dcbld1",NA,"Nipsnap2"
"Fgfr1",NA,"Qki"
"Ube2r2",NA,"mt-Nd6"
"Nos3",NA,"4833419F23Rik"
"Ankrd24",NA,"Armc5"
"Eml1",NA,"Rpl27"
"Plxnd1",NA,"Rcan1"
"Gm54867",NA,"Nkiras1"
"Ythdf3",NA,"Tlcd3b"
"Spg21",NA,"Ndst1"
"Arhgap5",NA,"Smo"
"Pmm1",NA,"Dis3"
"Cidea",NA,"ENSMUSG00000121788_4930431P19Rik"
"Atp2a3",NA,"Ptk2"
"Dync2li1",NA,"Hes6"
"Lamb3",NA,"Capn1"
"Mlxipl",NA,"Cklf"
"Oxsr1",NA,"Tbc1d17"
"Rars1",NA,"Glis2"
"Ncbp1",NA,"Pknox1"
"Arl2bp",NA,"Pdxdc1"
"Erp29",NA,"Atp11b"
"Ccdc71l",NA,"Gm56797"
"Dgat2",NA,"Gprc5c"
"Lman2",NA,"Wtip"
"Rab3il1",NA,"Zbtb1"
"Lss",NA,"Optn"
"Trp53inp2",NA,"Zfp747"
"2510039O18Rik",NA,"Mxd1"
"Micos10",NA,"Mob4"
"Samd5",NA,"Tle6"
"Lgals12",NA,"Tvp23a"
"Hacd1",NA,"Ndufa6"
"Rpn2",NA,"Crlf2"
"Endog",NA,"Arsk"
"Gucd1",NA,"Zbtb20"
"Rpl21",NA,"Acsf3"
"2310061I04Rik",NA,"Gfod2"
"Myo1e",NA,"Clcn6"
"Sfxn3",NA,"Vcpip1"
"Mpv17",NA,"Gm9951"
"Zfp609",NA,"Camta1"
"Nop10",NA,"Nup93"
"Ercc5",NA,"Ap3m2"
"Ppme1",NA,"Rgs12"
"Tmem263",NA,"Yju2b"
"Sowahc",NA,"Sacm1l"
"Il34",NA,"Cep15"
"Mfsd4b1",NA,"Scrn1"
"Htra3",NA,"Uba6"
"Mrps34",NA,"Utp14b"
"Nbdy",NA,"Zfp672"
"Tril",NA,"Gm50069"
"Tmem170",NA,"Tfap2a"
"Tbcel",NA,"Phyh"
"Yrdc",NA,"Cetn2"
"Mrpl1",NA,"Nmt2"
"Thoc6",NA,"Paqr7"
"Brd9",NA,"Gm44954"
"Rnf122",NA,"Msantd3"
"Cd14",NA,"Psmd7"
"Clec3b",NA,"Itga2b"
"Vwa8",NA,"Polm"
"Man2b1",NA,"Ndufa13"
"Sc5d",NA,"Mrps33"
"Mospd1",NA,"Mau2"
"Mxra7",NA,"Gcc1"
"Myo1c",NA,"Gt(ROSA)26Sor"
"Stk35",NA,"Lta4h"
"Sardh",NA,"Idh3b"
"Adcy9",NA,"Slc25a3"
"Ndufb2",NA,"Ranbp2"
"Strip2",NA,"Spa17"
"Ndufb10",NA,"Hspd1-ps3"
"Cenatac",NA,"Wbp11"
"Kif21b",NA,"Asah1"
"Atad1",NA,"Hira"
"Hs6st2",NA,"Fbxl12"
"LTO1",NA,"Chka"
"Tmem231",NA,"Acvrl1"
"Polr3h",NA,"Gm57238"
"Smoc1",NA,"Zfp1"
"P2ry10b",NA,"Synj2"
"Qrsl1",NA,"Tmem123"
"Cfd",NA,"Ccdc85c"
"Col4a1",NA,"Il18"
"Fcgrt",NA,"H4c8"
"Rbbp7",NA,"Chic2"
"F2r",NA,"2610008E11Rik"
"Gmcl1",NA,"Hdhd3"
"Prodh",NA,"Rdx"
"Kcmf1",NA,"Mfn1"
"Pcdh9",NA,"Ndufb11"
"Pick1",NA,"Sptan1"
"Rnh1",NA,"Cdkn3"
"Gm4117",NA,"9330160F10Rik"
"Tank",NA,"Itgb3bp"
"Cdh11",NA,"Tfap4"
"Spon2",NA,"Ric8b"
"Tomm22",NA,"4632404H12Rik"
"Loxl1",NA,"Llgl2"
"Abhd15",NA,"Hinfp"
"Eed",NA,"Topbp1"
"Letmd1",NA,"Rad9b"
"Myo19",NA,"Gm12781"
"Gm47595",NA,"Tmem126a"
"Pxmp2",NA,"Fhl3"
"Afg3l1",NA,"Nhsl3"
"Ldb3",NA,"B430219N15Rik"
"Aifm1",NA,"Sugp1"
"Junos",NA,"Grk5"
"Abtb2",NA,"Agl"
"S100a1",NA,"Zfp617"
"Nmral1",NA,"Slx4ip"
"Atp6v1h",NA,"Eny2"
"Lrrc59",NA,"Gm4419"
"Fads3",NA,"Igf1r"
"Plekhf1",NA,"Atp6v1a"
"A330074K22Rik",NA,"Cfap20"
"Tk1",NA,"Rbm47"
"Zeb1",NA,"Sall2"
"Septin8",NA,"Atat1"
"Elmod2",NA,"9330159M07Rik"
"Ppp6c",NA,"Gm56911"
"Prelid2",NA,"Adrb2"
"Megf9",NA,"Nrf1"
"Gdf15",NA,"1110013H19Rik"
"Cdk5rap3",NA,"Pign"
"Lxn",NA,"Rgcc"
"Ptgr1",NA,"Prkci"
"Dpy19l1",NA,"Mbd3"
"Tmem254",NA,"Polk"
"Ptpn4",NA,"Gm527"
"Klhdc8a",NA,"Usp1"
"Id2",NA,"Rcc1l"
"Fads1",NA,"Actr6"
"Vmp1",NA,"Morn4"
"Cbx4",NA,"Ipo8"
"Ccl7",NA,"Znf41-ps"
"Ccdc6",NA,"Thoc2"
"Timm17a",NA,"Ppfia1"
"Cebpz",NA,"Pcyt2"
"Map3k5",NA,"Asap1"
"Ypel3",NA,"Tram1"
"Lmbrd2",NA,"Flot2"
"Ndufa9",NA,"Gm56507"
"Josd1",NA,"Usp48"
"Tusc3",NA,"Sez6"
"Ddost",NA,"Efna5"
"Gmds",NA,"Sgk3"
"Vdr",NA,"Plcb2"
"Tspan14",NA,"Airn"
"Cox17",NA,"Gm37397"
"Yars1",NA,"Map1s"
"Impdh2",NA,"Gm42743"
"Kdelr3",NA,"Map3k10"
"Dnttip1",NA,"B3gat3"
"Zfp106",NA,"Zfp93"
"Arfrp1",NA,"Mogs"
"Camsap3",NA,"Ufsp2"
"Ndufa3",NA,"Akap7"
"Cdh13",NA,"Fgfbp3"
"Tmed3",NA,"Pccb"
"Cybc1",NA,"Vstm2a"
"Itpk1",NA,"St6gal1"
"Pmp22",NA,"Mrpl41"
"Ubiad1",NA,"Ezh2"
"Pld2",NA,"Ppm1h"
"Adamts9",NA,"Cast"
"Abraxas1",NA,"Art3"
"Gm10138",NA,"Arhgdib"
"Sgce",NA,"Txndc16"
"Tm7sf3",NA,"Lmf2"
"Usb1",NA,"Trim65"
"Cox5b",NA,"Bcl3"
"Pds5b",NA,"Gm36738"
"Jmjd6",NA,"Pi4k2a"
"Clcn3",NA,"ENSMUSG00000121485"
"Igfbp4",NA,"N6amt1"
"Ube3c",NA,"Mir5136"
"Mapk7",NA,"Sbds"
"Pals1",NA,"Pgm3"
"Cox6a1",NA,"Slc9a1"
"BC034090",NA,"Fam53b"
"Phactr1",NA,"Pex11a"
"Mrpl4",NA,"Atrx"
"Mertk",NA,"Efhd2"
"Irf2bpl",NA,"Vps16"
"Cand2",NA,"Gas2l3"
"Lgmn",NA,"Tcaf1"
"Hotairm1",NA,"Zkscan3"
"Ogn",NA,"Letm2"
"Cdon",NA,"Atp6v0a2"
"Slc7a6",NA,"Cep85l"
"Cdo1",NA,"Clk3"
"Pik3cb",NA,"Rsrc1"
"Wdr27",NA,"Nt5c"
"Ube2k",NA,"Ptbp3"
"Mirt2",NA,"Gnb5"
"Sting1",NA,"Inpp5k"
"Acsl3",NA,"Ezr"
"Pbxip1",NA,"Acbd3"
"Col4a2",NA,"Slc31a2"
"Cers2",NA,"Chic1"
"Pim1",NA,"Zswim6"
"Gm56945",NA,"Psmb2"
"Ptges",NA,"Tnip2"
"Zfp618",NA,"Pced1b"
"Coro1c",NA,"Eci1"
"Rnf24",NA,"2310001H17Rik"
"Cry1",NA,"Apobr"
"Akna",NA,"Eif4b"
"Msx1",NA,"BC051226"
"Cdk2ap2",NA,"Atxn1"
"2810004N23Rik",NA,"Smpd4"
"Gng11",NA,"Snrpn"
"Mgll",NA,"Tpst2"
"2200002D01Rik",NA,"Shkbp1"
"P4ha3",NA,"Metap1"
"Cyp2u1",NA,"Wdr5b"
"Slc30a9",NA,"Atrn"
"Banf1",NA,"Flnc"
"Rpl10a",NA,"Hdac10"
"Stip1",NA,"Spg7"
"Mtch1",NA,"Eloc"
"Abcc5",NA,"Ankrd9"
"Etfrf1",NA,"Ddx23"
"Fbxo4",NA,"Mrgpre"
"Zfp36l1",NA,"Nme6"
"Rgs17",NA,"Sec62"
"Dot1l",NA,"Borcs5"
"Rheb",NA,"Mfsd8"
"Parp16",NA,"Cttnbp2nl"
"Gm9794",NA,"Serinc3"
"Phb1",NA,"Cfap298"
"Slc25a11",NA,"Kcnk2"
"Habp4",NA,"ENSMUSG00000121489_1810014B01Rik"
"A530016L24Rik",NA,"Rpl19"
"Dtna",NA,"Gas2"
"6330409D20Rik",NA,"Adck1"
"Gm36180",NA,"Mapk8"
"Timm9",NA,"Pigq"
"Mcl1",NA,"Hoxa4"
"Mpg",NA,"2900093K20Rik"
"Sdf4",NA,"Atg10"
"Evi5",NA,"Snrpd1"
"Prickle1",NA,"Cks1b"
"Ccn1",NA,"Pdgfa"
"2310015A10Rik",NA,"Sec16b"
"Tab2",NA,"Plk1"
"Gsk3b",NA,"Tyro3"
"G430095P16Rik",NA,"Rhebl1"
"Slc25a14",NA,"Pabir2"
"Ccng2",NA,"Otud4"
"Dbp",NA,"Ntn3"
"Hexb",NA,"Dhx33"
"Ip6k3",NA,"Igip"
"Cebpd",NA,"Kin"
"Acsl4",NA,"Srgap2"
"Flnb",NA,"Trim11"
"Ppp1cb",NA,"Abhd2"
"Qsox1",NA,"Hltf"
"Mat2a",NA,"Vac14"
"Aoc3",NA,"Pfdn6"
"Cul3",NA,"Uqcc5"
"Rapgef3",NA,"Chrd"
"Alg9",NA,"Svbp"
"Dtx3",NA,"Gm56864"
"Atp5f1a",NA,"Gm14586"
"Upf3b",NA,"Pomgnt2"
"Lrrk1",NA,"Tbccd1"
"Capn5",NA,"Csgalnact1"
"Zhx3",NA,"Sycp2"
"Tnc",NA,"Mmab"
"Htra2",NA,"Cpeb1"
"Tada2b",NA,"Usp6nl"
"Dtx4",NA,"mt-Tv"
"Jund",NA,"Strip1"
"Pcbp2",NA,"Cenpm"
"Cdc25a",NA,"Inpp1"
"Hdac11",NA,"Ldah"
"Cers5",NA,"Hic1"
"Camk2g",NA,"Elf4"
"Nsa2",NA,"Asl"
"Sra1",NA,"B130011K05Rik"
"Bach2",NA,"Unk"
"Rcn3",NA,"Pdzd4"
"Timm22",NA,"Clip2"
"Col4a5",NA,"Kmt2c"
"Adcy5",NA,"Sash1"
"Chst12",NA,"Tmem179b"
"Ywhaq",NA,"Polg2"
"Lrch2",NA,"Sec24b"
"Gtf2e2",NA,"Txndc17"
"Naa25",NA,"Entrep3"
"Gpx1",NA,"Saal1"
"Ehbp1",NA,"Gm41541"
"Gk",NA,"Nom1"
"Tiam1",NA,"Gm11942"
"S1pr2",NA,"Gm56936"
"Coasy",NA,"Rhoq"
"Svil",NA,"Kri1"
"Camsap2",NA,"Ankle2"
"Pdik1l",NA,"Oplah"
"Adgrg2",NA,"Smim7"
"Sdhaf1",NA,"Fkbpl"
"Tent4b",NA,"Hscb"
"Mpst",NA,"Nomo1"
"Nol6",NA,"Gab1"
"Mapkap1",NA,"Zfp446"
"Fbxl14",NA,"Tacc2"
"Strbp",NA,"Nsun2"
"Bag2",NA,"Ints6"
"Ctsa",NA,"Ndufaf6"
"Prl2c3",NA,"Twist1"
"Gm37933",NA,"Gm56053"
"Tbrg4",NA,"Dlg3"
"Apmap",NA,"Cdc42bpg"
"Kmt5c",NA,"Ammecr1l"
"Amdhd2",NA,"Ap4b1"
"Larp4b",NA,"Klra6"
"Gusb",NA,"Nup50"
"Cplx2",NA,"Gm49017"
"Gm49336",NA,"Rpap2"
"AA465934",NA,"Rif1"
"Dleu2",NA,"Nup85"
"Lnpep",NA,"Zfp748"
"Plekhm2",NA,"Gm17501"
"Slc25a13",NA,"Selenof"
"Tmigd1",NA,"Zfp947"
"Ptgr2",NA,"Rusf1"
"Arl5a",NA,"Sarnp"
"Mea1",NA,"Nudt16"
"Speg",NA,"Urb1"
"Micos13",NA,"Nmd3"
"Tatdn2",NA,"Rbbp5"
"Dbt",NA,"Dusp19"
"Pdk3",NA,"Atf7ip"
"Cyp4f16",NA,"Pak1"
"Spcs3",NA,"Cdkn2aip"
"Dap",NA,"Wrn"
"Elmod3",NA,"Pet100"
"Pex5",NA,"Rab2a"
"Hsd17b11",NA,"Clec16a"
"Ero1a",NA,"Pcgf3"
"Dock5",NA,"Nmnat1"
"Ndc1",NA,"4930579G24Rik"
"ENSMUSG00000121883",NA,"Aldh7a1"
"Epb41l1",NA,"Gm33989"
"Ar",NA,"Cnrip1"
"Gcat",NA,"Acot6"
"Ogfod2",NA,"Arfgap3"
"Timmdc1",NA,"Cbl"
"Ctdsp2",NA,"Slco2a1"
"Cpq",NA,"Daam2"
"Eif3f",NA,"Mmp3"
"Abcb6",NA,"Map4k3"
"4931408D14Rik",NA,"Prdm5"
"Atg16l2",NA,"Acyp1"
"Coq10b",NA,"Ccdc115"
"Rgl1",NA,"Susd6"
"Gm43672",NA,"Jarid2"
"Tpm3",NA,"Asf1a"
"Klf15",NA,"Zbtb47"
"Gpt",NA,"Ccndbp1"
"Prpf18",NA,"Polb"
"Twsg1",NA,"Edc3"
"Ifngr1",NA,"Amotl1"
"Rpl12",NA,"Stbd1"
"Bscl2",NA,"Cdkn1b"
"Limd2",NA,"mt-Cytb"
"Fbxo34",NA,"Rasa4"
"Naa50",NA,"Ccdc82"
"Tmem140",NA,"Arl4c"
"Sap30l",NA,"Aldh1l1"
"Elp5",NA,"ENSMUSG00000121347_Gm2011"
"Zfp395",NA,"Nsd2"
"9930012K11Rik",NA,"Spart"
"Sox11",NA,"Ttf1"
"Ugcg",NA,"Klhl36"
"Enah",NA,"Slc36a1"
"Ube2j2",NA,"B130034C11Rik"
"Sdad1",NA,"Hhat"
"Timm8a1",NA,"Rgs16"
"Arhgef10",NA,"Fam131b"
"Lrig1",NA,"Fam149a"
"Fam110b",NA,"Supt6"
"Plscr4",NA,"Slc2a9"
"Lpar4",NA,"Rps19-ps11"
"Sdhaf3",NA,"Prr5l"
"Grhl1",NA,"Mrpl49"
"Pappa",NA,"Spty2d1"
"Csad",NA,"Heatr5a"
"Ghdc",NA,"Polr1e"
"Fastkd1",NA,"Igsf8"
"Glmp",NA,"Otud3"
"Angpt2",NA,"Cntrl"
"Abhd14b",NA,"Gdpd2"
"Smg5",NA,"Zfp691"
"Tradd",NA,"Wnt5a"
"Slc35f5",NA,"Irf2"
"Hacl1",NA,"Rock1"
"Opa1",NA,"Nol3"
"Asap3",NA,"Syngap1"
"Hars1",NA,"Mrpl51"
"Gm48832",NA,"Cltc"
"Myo7a",NA,"Gripap1"
"Pygl",NA,"Wnk1"
"Camp",NA,"Foxred2"
"Synpo",NA,"Slc45a4"
"Mrpl47",NA,"Rbfa"
"Gli2",NA,"Pin1"
"Pef1",NA,"Tpt1"
"Ndufs7",NA,"Gcc2"
"Pdpn",NA,"Gm4924"
"Anapc13",NA,"Slc25a38"
"Coq5",NA,"Arhgef12"
"Gbe1",NA,"Xpnpep1"
"Hbegf",NA,"Rnf144b"
"Ccn2",NA,"Abcb7"
"Sco1",NA,"Agrn"
"Inhba",NA,"C920021L13Rik"
"F11r",NA,"Taco1"
"Tmx2",NA,"Car7"
"Rhot1",NA,"Gnl3l"
"1700123O20Rik",NA,"Slc35a1"
"Yars2",NA,"Ubap2"
"Bet1",NA,"Cryzl1"
"Gid8",NA,"Stk40"
"Kdm6b",NA,"Dsel"
"Sephs1",NA,"Zfyve21"
"Tapbp",NA,"Lpp"
"Pkd2",NA,"1110006O24Rik"
"Usp38",NA,"Trmt5"
"Ppip5k2",NA,"Caprin2"
"S1pr1",NA,"Ift43"
"Lyrm7",NA,"G630016G05Rik"
"Gm20300",NA,"Slc15a3"
"Hopx",NA,"Srebf2"
"Timm44",NA,"Hyal2"
"Uhmk1",NA,"Glis3"
"Tshr",NA,"Sdha"
"Rpl23",NA,"Glb1l"
"Plin1",NA,"Cox14"
"Fam110c",NA,"Gm7859"
"B2m",NA,"Cep120"
"Thap11",NA,"Psmd12"
"Foxf2",NA,"Tefm"
"B9d1",NA,"Lmln"
"Bclaf1",NA,"Myo1d"
"Rab31",NA,"Zfp33b"
"Szrd1",NA,"Mpv17l2"
"Rbl1",NA,"Wipf1"
"Ifi30",NA,"Mmp9"
"Ttc17",NA,"Klhdc8b"
"Slc25a25",NA,"Mideas"
"Nrn1",NA,"Ptpre"
"Cdk2ap1",NA,"Zfp9"
"Rufy4",NA,"Asgr2"
"Myo10",NA,"Timm23"
"Kdsr",NA,"Ppp1r14b"
"Frat2",NA,"Gm49774"
"Mdm2",NA,"Tkt"
"Slc46a1",NA,"Zfp1007"
"Pwwp3b",NA,"Slc25a17"
"Pvr",NA,"Desi2"
"Mthfsl",NA,"Sufu"
"Hdgfl2",NA,"Upf2"
"Chrna2",NA,"Cd99l2"
"Samd4",NA,"Xiap"
"Prickle3",NA,"Nr4a2"
"Cers6",NA,"Lrrc75a"
"Lyrm2",NA,"Zfp521"
"Ap3s1",NA,"Thoc1"
"Ano6",NA,"Mical2"
"Otud6b",NA,"Zhx2"
"Btbd3",NA,"Ddah1"
"Cdc42ep3",NA,"Fam13c"
"Fam171b",NA,"Bbs2"
"ENSMUSG00000121407_Gm6345",NA,"Pigs"
"Rpl39",NA,"Ppan"
"Prtn3",NA,"Eif4g3"
"Ube2b",NA,"Gse1"
"Ube3b",NA,"Rmc1"
"Gm5131",NA,"Cnot6"
"Bbs5",NA,"Senp5"
"Ddx3x",NA,"Fbxo33"
"mt-Ta",NA,"Sh2d3c"
"Fdft1",NA,"Ttc9c"
"Ydjc",NA,"Isoc2b"
"Gm42067",NA,"Zdhhc12"
"Preb",NA,"Wbp2"
"Mul1",NA,"Ccdc137"
"Aebp2",NA,"Tmem42"
"Coa3",NA,"Man1b1"
"Dusp10",NA,"Mvb12a"
"Zcchc10",NA,"Lzts2"
"0610005C13Rik",NA,"Brwd3"
"Ip6k1",NA,"Ilk"
"Naa10",NA,"Glrx2"
"Commd1",NA,"Lingo4"
"Dlg5",NA,"Gm9828"
"Lama5",NA,"Mon1b"
"Gm14303",NA,"Memo1"
"Dusp14",NA,"Dand5"
"Vat1",NA,"Maged1"
"Gas8",NA,"Ctcf"
"Yeats2",NA,"Kcnk3"
"Mettl15",NA,"Strada"
"Osbpl8",NA,"Kazald1"
"Copa",NA,"Anks6"
"2310001K24Rik",NA,"Cdk12"
"Mtpap",NA,"Tmem70"
"Slc38a10",NA,"Cap1"
"Slmap",NA,"Ccdc8"
"Slco3a1",NA,"Chn2"
"H2-M3",NA,"Tor3a"
"Puf60",NA,"Zc3h3"
"Meis2",NA,"Parn"
"Stxbp4",NA,"Spaca6"
"Tysnd1",NA,"Mterf1b"
"Ap1b1",NA,"4930556M19Rik"
"Ppp2r1b",NA,"Nfkbil1"
"Ggta1",NA,"Aimp2"
"Capns1",NA,"Chchd1"
"Gpcpd1",NA,"Pias1"
"Degs1",NA,"Pstk"
"Pfdn5",NA,"Faim"
"Arhgap6",NA,"Mrps11"
"Mef2b",NA,"Bri3bp"
"4930503L19Rik",NA,"Trmt2b"
"Bcl2",NA,"Bltp3a"
"Pom121",NA,"Cabp4"
"Enpp1",NA,"Pfkfb1"
"Akirin2",NA,"Dnase2a"
"Cux1",NA,"Sertad2"
"Il15",NA,"Rftn2"
"Arhgap23",NA,"Gla"
"Ap1s2",NA,"Slc15a4"
"Ly6a",NA,"Luc7l2"
"Gm39213",NA,"Psmd14"
"Flt3l",NA,"Marf1"
"Cdc25b",NA,"D030025P21Rik"
"Vps35l",NA,"Appl1"
"Hpcal1",NA,"Ackr3"
"Eif1",NA,"Inpp4a"
"Map2k7",NA,"Zfp787"
"Cdc42bpa",NA,"Tet3"
"Slc29a2",NA,"Kmt5a"
"Nudt17",NA,"Slc25a23"
"Mrpl38",NA,"Slc6a8"
"Ddx17",NA,"Bag1"
"Phldb2",NA,"Trabd"
"Uqcrfs1",NA,"Dlg1"
"Shox2",NA,"Aldh3a2"
"Psmd13",NA,"Pdrg1"
"Timm50",NA,"Shprh"
"Mc2r",NA,"Gpsm1"
"Ube2m",NA,"Ift56"
"Lsm3",NA,"Tctn2"
"Snord13",NA,"Mrps6"
"Nudt12",NA,"Unc93b1"
"Spry4",NA,"Cfap300"
"Ipo4",NA,"Skic8"
"Lonp1",NA,"Zfp979"
"Calm3",NA,"Cnpy3"
"Gm10134",NA,"Osgin2"
"Rpl5",NA,"Tifa"
"Mapre2",NA,"Pex6"
"Aida",NA,"Cnnm4"
"Sec61a1",NA,"Dennd10"
"Rabgap1l",NA,"Cyp2c23"
"Fcf1",NA,"Rabep1"
"Atp2b4",NA,"Ddx47"
"Mto1",NA,"Btbd19"
"Impa2",NA,"Caprin1"
"Stim2",NA,"Zfp873"
"Echdc3",NA,"Vegfb"
"Hcfc2",NA,"Bmi1"
"Kank1",NA,"Ghr"
"Vrk1",NA,"Foxs1"
"Casp12",NA,"Csrnp1"
"Krt10",NA,"Noxo1"
"Cfap210",NA,"Saa3"
"Agt",NA,"Topors"
"Sesn1",NA,"Mrpl9"
"Tmem41b",NA,"Mpdz"
"Gm56833",NA,"Gm26670"
"Ibtk",NA,"Ryk"
"Coa7",NA,"Akr1b10"
"Nt5c2",NA,"Gab3"
"Camk2d",NA,"Pink1"
"Ddx51",NA,"Hook3"
"Ostc",NA,"Brd4"
"Ncbp2as2",NA,"Gm30108"
"Etv1",NA,"Npr2"
"Gm35290",NA,"Cep170b"
"Hmgn3",NA,"Sbno2"
"Il1rl2",NA,"Endod1"
"Zfp111",NA,"Kctd11"
"Dhrs4",NA,"Ing2"
"Natd1",NA,"2810414N06Rik"
"P3h1",NA,"Mgat1"
"Chac1",NA,"Rrn3"
"Phospho2",NA,"H4c14"
"Scarf2",NA,"Zfp354a"
"Sned1",NA,"Rrp7a"
"Igf2bp2",NA,"Gnaq"
"Rras2",NA,"Zfp788"
"Snn",NA,"Rsrp1"
"Rps3a1",NA,"Slc30a7"
"G6pdx",NA,"mt-Tt"
"Nicn1",NA,"Zc3h11a"
"Srebf1",NA,"Pafah1b2"
"Gm31305",NA,"Ppp1r8"
"Ss18l2",NA,"Ndufv3"
"Pmm2",NA,"Tmem82"
"Cnot7",NA,"Taf2"
"Kpnb1",NA,"Borcs7"
"Ggh",NA,"Prkdc"
"Sema3f",NA,"Mcee"
"Acadsb",NA,"Pals2"
"Slc7a5",NA,"Proser3"
"Vgll3",NA,"Mtmr14"
"C1s2",NA,"Rpusd3"
"Sar1a",NA,"Rbp1"
"Nab2",NA,"Vipas39"
"Stn1",NA,"Hmox2"
"Fkbp4",NA,"Tfb2m"
"Snap23",NA,"Pyroxd1"
"Adamts2",NA,"Mrps25"
"Akt1s1",NA,"Mrpl2"
"Purb",NA,"Myorg"
"Fam107b",NA,"Exosc9"
"Dnajc3",NA,"Bin3"
"Ctxnd1",NA,"Tspan31"
"Uqcc1",NA,"Cby1"
"Pigyl",NA,"Gm31728"
"Eif5a",NA,"Apod"
"Phlpp2",NA,"Pnpla7"
"Nap1l1",NA,"Dgke"
"Il33",NA,"Zfp953"
"Mrps17",NA,"Nhp2"
"Eif6",NA,"Ralbp1"
"Zmiz2",NA,"Thbs3"
"Rtn4ip1",NA,"Rsbn1"
"Skil",NA,"Babam2"
"Nsun5",NA,"Cxxc5"
"Ciao3",NA,"Rpl36"
"Mapk3",NA,"Glis1"
"Napepld",NA,"Mical1"
"Egr1",NA,"Csnk1g1"
"Fkbp11",NA,"Apbb1"
"Tmem216",NA,"Coq8a"
"Spp1",NA,"Gm9905"
"Golph3",NA,"Mettl1"
"Cmtm3",NA,"Adss1"
"Ankrd12",NA,"Brca1"
"Ift57",NA,"Gmppa"
"Timp2",NA,"Hspa12b"
"Crip2",NA,"Cd9"
"Nek7",NA,"Zfp790"
"Ptprm",NA,"Cbfa2t2"
"Smurf2",NA,"Strn3"
"Mfn2",NA,"Gchfr"
"Frk",NA,"Tfe3"
"Rpl30",NA,"Tnxb"
"Fam217b",NA,"Pfdn4"
"Katna1",NA,"Gm13611"
"Gdi1",NA,"Arsj"
"Osmr",NA,"Trit1"
"Emg1",NA,"Iqck"
"Marcksl1",NA,"Ifnar1"
"Nol4",NA,"Styk1"
"Phldb1",NA,"H1f4"
"Gm2830",NA,"Adipoq"
"Mtln",NA,"Ahr"
"Uap1l1",NA,"ENSMUSG00000121780"
"Rrm2b",NA,"Pir"
"Nudt14",NA,"Cep104"
"Afg1l",NA,"Zc3h6"
"Tnfrsf1b",NA,"Cyp4v3"
"Plekhf2",NA,"Plekhm3"
"Wdfy1",NA,"Upp1"
"Pfdn2",NA,"Retreg3"
"Gm19531",NA,"Arf5"
"Mc5r",NA,"Cxcl16"
"Ssrp1",NA,"Tmem185a"
"Prps2",NA,"Klhl23"
"Btaf1",NA,"Rai1"
"Mtch2",NA,"Tufm"
"Ldhb",NA,"Tom1l2"
"2610029K11Rik",NA,"Ppm1m"
"Slc3a2",NA,"1700010I14Rik"
"Ahdc1",NA,"Ifi204"
"Plxna1",NA,"Cdk20"
"Mrpl53",NA,"Map3k20"
"Nudt22",NA,"Pkm"
"Arhgap10",NA,"Kbtbd11"
"Tmem135",NA,"Atp11a"
"Pfkfb3",NA,"Jag1"
"Ccdc28b",NA,"Gm39193"
"Pex11g",NA,"Clpp"
"Nme4",NA,"Tcea2"
"Lancl1",NA,"Tbc1d10b"
"Ppp2r1a",NA,"B3gntl1"
"Chd3",NA,"Kif7"
"Pik3r2",NA,"Gm43254"
"Iars1",NA,"Srd5a1"
"Cacng7",NA,"Fmnl3"
"Etv3",NA,"Slc25a5"
"Orc5",NA,"Sumf2"
"Lmo7",NA,"Fam83h"
"Ago2",NA,"Plk2"
"Tbx15",NA,"Cgref1"
"Rai14",NA,"Rpl15"
"Sort1",NA,"Prkaa1"
"Hipk2",NA,"Tsfm"
"Ankzf1",NA,"Gm57354"
"Ammecr1",NA,"Map3k1"
"Rars2",NA,"Mrps35"
"Tmem41a",NA,"Hgf"
"Hspa1b",NA,"Zfp597"
"Vps37a",NA,"Tars1"
"Slc36a2",NA,"mt-Tl1"
"Cbr1",NA,"Ostm1"
"Sirt7",NA,"Gm43566"
"Vps26a",NA,"Nt5m"
"Pxmp4",NA,"Hlcs"
"Myl12a",NA,"Naa15"
"Spry1",NA,"Nxpe3"
"Chmp1b2",NA,"Cyth2"
"Sephs2",NA,"Jdp2"
"Ephb2",NA,"Acvr1b"
"Inca1",NA,"Zfp24"
"Eif3e",NA,"Map3k6"
"Arl3",NA,"Gm10699"
"Wdr45",NA,"Fus"
"Smpd2",NA,"Surf2"
"Pdp2",NA,"Dgkq"
"Gga2",NA,"Fam185a"
"Rpl3",NA,"Pwwp2a"
"Scpep1",NA,"Ipo13"
"Atg16l1",NA,"Zscan21"
"Laptm4a",NA,"Aox1"
"Frmd6",NA,"Klra4"
"Nherf2",NA,"Galnt7"
"Atf6",NA,"Ankrd16"
"Mbnl1",NA,"Med4"
"B4galt3",NA,"Fnbp1"
"Clptm1",NA,"Nudt3"
"Tsg101",NA,"Cox8a"
"Rab1b",NA,"Prxl2b"
"Cenpb",NA,"F8"
"Zdhhc7",NA,"Scnn1a"
"Ndufs2",NA,"Exd2"
"Bpnt1",NA,"Ift80"
"Fbxl3",NA,"Tvp23b"
"Cbfb",NA,"Polr1f"
"Snap29",NA,"Hnrnpd"
"Snhg5",NA,"Nrbf2"
"Mgrn1",NA,"Rbms2"
"Cdc5l",NA,"Rap1b"
"Mrpl58",NA,"Eid2b"
"Man1c1",NA,"Gtf3c6"
"Stx2",NA,"Rnf44"
"Coq7",NA,"Eps8"
"Tspan6",NA,"Fahd1"
"A430046D13Rik",NA,"Alg14"
"Cstf2t",NA,"Dcaf8"
"Tmem106a",NA,"Vps18"
"Pdlim7",NA,"Gabbr1"
"Smarcc1",NA,"Ifrd2"
"Bcorl1",NA,"Gins3"
"Eif4e",NA,"Ptpn21"
"Rb1",NA,"Dapk1"
"Abcb8",NA,"Dpm2"
"Marchf2",NA,"B230217C12Rik"
"Gnpnat1",NA,"Pura"
"Mast4",NA,"Chid1"
"Map2k2",NA,"Patj"
"Rapgef1",NA,"Swt1"
"Celf1",NA,"Abcf1"
"Blvra",NA,"Bbs9"
"Foxred1",NA,"Apoc3"
"Gtf2i",NA,"Ptpmt1"
"Osbpl5",NA,"Zfp961"
"Add1",NA,"Dcun1d5"
"Rgl2",NA,"Actr2"
"Parp1",NA,"Ppp2r2a"
"Cpd",NA,"Snx2"
"Atp6v0e",NA,"Gm56582"
"Brd7",NA,"Pold2"
"Lbr",NA,"Cr1l"
"Ppp1r15a",NA,"Ruvbl2"
"Slc38a2",NA,"Cep250"
"Tmem43",NA,"Tmem184c"
"Met",NA,"Trp53rkb"
"Spring1",NA,"Efhc1"
"Vldlr",NA,"Epn2"
"Dus2",NA,"Mtx1"
"Thbs1",NA,"9530077C14Rik"
"Nucb1",NA,"Rbm8a"
"Mms19",NA,"Rnd1"
"Abt1",NA,"Mkks"
"Sspn",NA,"Ptgfrn"
"Mfhas1",NA,"Cyp2c55"
"Ubr5",NA,"Orai2"
"Mylk",NA,"Rgs4"
"Mrpl37",NA,"Lsm12"
"Ndufaf3",NA,"Gm9892"
"Cdc42bpb",NA,"Ppp1r12a"
"Emc3",NA,"Dgka"
"Lamtor1",NA,"Ddx46"
"Naa40",NA,"1110002L01Rik"
"Rara",NA,"Zdhhc24"
"Mtap",NA,"Hdgfl3"
"Fam13a",NA,"Prkaca"
"Las1l",NA,"Mnat1"
"ENSMUSG00000121504_Ppp4r1l-ps",NA,"Arid5b"
"Ldaf1",NA,"Seh1l"
"Tmed2",NA,"AW209491"
"Cnot3",NA,"Nagk"
"Abhd4",NA,"Gsdme"
"Creb3l2",NA,"Vhl"
"Ergic3",NA,"Ddx18"
"Bcl2l1",NA,"Dpf1"
"Aggf1",NA,"Tia1"
"Cops6",NA,"Ap2a1"
"Phax",NA,"Gm56489"
"Sdhb",NA,"Synrg"
"Pbx1",NA,"Prr14"
"Set",NA,"Elovl1"
"Macroh2a1",NA,"Lrp12"
"Rit1",NA,"Eda2r"
"Mical3",NA,"Cep97"
"Extl3",NA,"Adck5"
"Sgms1",NA,"Akr1b8"
"Ppp1r7",NA,"Hdlbp"
"Immp1l",NA,"Crk"
"Sdhc",NA,"Macf1"
"Dpp7",NA,"Cdh2"
"Fuom",NA,"Tbc1d19"
"S100pbp",NA,"Gm44292"
"H6pd",NA,"Hectd2os"
"Slc35a3",NA,"Dis3l2"
"Tprkb",NA,"Xpa"
"Mief1",NA,"Rcbtb1"
"Rae1",NA,"Ephb4"
"Ctdsp1",NA,"Desi1"
"Pitpnm1",NA,"0610040B10Rik"
"Mesd",NA,"Map6"
"Wapl",NA,"Norad"
"Dhx15",NA,"Stam"
"Atp2a2",NA,"4933431E20Rik"
"Malat1",NA,"Wdr45b"
"Ano10",NA,"Cpt1c"
"Serhl",NA,"Rfxank"
"Cfl1",NA,"Klf2"
"Apoe",NA,"Dcaf10"
"Laptm4b",NA,"Apoo"
"Ikbkb",NA,"Ebna1bp2"
"Glb1",NA,"2900076A07Rik"
"Bbip1",NA,"Mex3a"
"Ttyh2",NA,"Dcaf17"
"Afap1",NA,"H2az1"
"Mtfr1l",NA,"Ldlr"
"Mcfd2",NA,"Suox"
"Gas1",NA,"Grpel2"
"Myh10",NA,"Pcmtd1"
"Dhcr24",NA,"Taf1"
"Smarcd2",NA,"Ncoa3"
"Dpysl2",NA,"Pcbp1"
"Npdc1",NA,"Emc4"
"Zbtb4",NA,"Epor"
"Wipi2",NA,"Telo2"
"Mia2",NA,"Gm43737"
"Insr",NA,"Rwdd2a"
"Runx1t1",NA,"Zfhx4"
"Dtx2",NA,"Sub1"
"Atp5f1b",NA,"Ccnl1"
"Cpsf2",NA,"Scaf1"
"Arcn1",NA,"Dynlrb1"
"Clpx",NA,"Psme1"
"Tmem50a",NA,"Bud31"
"Sqle",NA,"Ccs"
"Pde3b",NA,"Pald1"
"Etfa",NA,"Tmem268"
"Ube2w",NA,"Gm15327"
"Eeig1",NA,"Gapvd1"
"Fip1l1",NA,"Acap3"
"Ncor2",NA,"Fntb"
"Camk1",NA,"Ift81"
"Nars1",NA,"Ctf1"
"Rpp14",NA,"Mbd5"
"Glud1",NA,"Ocel1"
"Bckdhb",NA,"Psmb4"
"Map7d1",NA,"Pdgfrl"
"Snx17",NA,"Col6a1"
"Mrpl36",NA,"Itpripl1"
"Man1a2",NA,"Paip2"
"Fbxw2",NA,"Topaz1"
"Cish",NA,"Rps23"
"Tuba1c",NA,"Slc7a2"
"Gprc5b",NA,"Commd4"
"Cdk16",NA,"Pten"
"Gatad1",NA,"Zfp318"
"Nfkbia",NA,"Rassf3"
"Nolc1",NA,"Iars2"
"Ndufb9",NA,"Rnaset2a"
"Mff",NA,"Clcc1"
"Echs1",NA,"Lce1g"
"Btg1",NA,"Sirt3"
"Prelp",NA,"Mettl5os"
"Tbc1d13",NA,"Nt5e"
"Psmd11",NA,"Cyp26b1"
"Polr2f",NA,"Rtraf-ps"
"Shisa5",NA,"Cab39l"
"Phf5a",NA,"Runx1"
"Klhdc2",NA,"Pdcd10"
"Rab18",NA,"Amz2"
"Paqr4",NA,"Angptl8"
"Gstz1",NA,"Wdr19"
"Snrnp27",NA,"4933412E12Rik"
"Eif4a1",NA,"Egfl7"
"Ociad1",NA,"Gm13736"
"Mrpl18",NA,"Cenps"
"Actb",NA,"Zkscan17"
"Hspe1",NA,"Vps50"
"Chmp4b",NA,"Adm"
"Ndufa4",NA,"Cep19"
NA,NA,"Rraga"
NA,NA,"Gprin3"
NA,NA,"Dennd1b"
NA,NA,"Irak2"
NA,NA,"H2ac6"
NA,NA,"Ints10"
NA,NA,"Gosr2"
NA,NA,"Cd44"
NA,NA,"Psmb8"
NA,NA,"Polr2d"
NA,NA,"Mrps14"
NA,NA,"Fam120a"
NA,NA,"Lnpk"
NA,NA,"Tecpr2"
NA,NA,"Arhgef3"
NA,NA,"Tcea1"
NA,NA,"Dr1"
NA,NA,"Pold4"
NA,NA,"Scai"
NA,NA,"Capzb"
NA,NA,"1810010H24Rik"
NA,NA,"Sgk1"
NA,NA,"Cd2bp2"
NA,NA,"Cd164"
NA,NA,"Kansl3"
NA,NA,"Ppp1r13l"
NA,NA,"Bcl6"
NA,NA,"Cyb561a3"
NA,NA,"Vgll4"
NA,NA,"Hmgcl"
NA,NA,"Gm57386"
NA,NA,"Ofd1"
NA,NA,"Psrc1"
NA,NA,"Herpud2"
NA,NA,"Ngdn"
NA,NA,"Evc2"
NA,NA,"Gan"
NA,NA,"B930094E09Rik"
NA,NA,"Arl10"
NA,NA,"Elob"
NA,NA,"Ing3"
NA,NA,"Zfp764"
NA,NA,"Lsp1"
NA,NA,"Phc1"
NA,NA,"Cdkn2a"
NA,NA,"Zfand5"
NA,NA,"Phaf1"
NA,NA,"Zfp316"
NA,NA,"Abhd3"
NA,NA,"Slc52a2"
NA,NA,"Bbs1"
NA,NA,"Tars3"
NA,NA,"Gm47071"
NA,NA,"Ldlrap1"
NA,NA,"Eef2k"
NA,NA,"Rnasel"
NA,NA,"Med8"
NA,NA,"Gm44421"
NA,NA,"Ubqln4"
NA,NA,"Gatc"
NA,NA,"Dnaja1"
NA,NA,"Sec61b"
NA,NA,"Gps2"
NA,NA,"Pip4p1"
NA,NA,"Apaf1"
NA,NA,"Supt20"
NA,NA,"Keap1"
NA,NA,"Lmbr1l"
NA,NA,"Pkd1"
NA,NA,"Zfp385a"
NA,NA,"Bzw1"
NA,NA,"Ncstn"
NA,NA,"Rrm2"
NA,NA,"Pdcd2"
NA,NA,"Tmem17"
NA,NA,"Wsb1"
NA,NA,"Lrrc47"
NA,NA,"Nipsnap3b"
NA,NA,"Atm"
NA,NA,"Lpar6"
NA,NA,"Ntmt1"
NA,NA,"Zbtb34"
NA,NA,"Plpp1"
NA,NA,"Scrn3"
NA,NA,"Orc3"
NA,NA,"Card6"
NA,NA,"Psmc4"
NA,NA,"Hexd"
NA,NA,"Fstl1"
NA,NA,"Tnfaip3"
NA,NA,"Eloa"
NA,NA,"Zfp94"
NA,NA,"B230377A18Rik"
NA,NA,"Mars2"
NA,NA,"Nxt1"
NA,NA,"Chuk"
NA,NA,"Id4"
NA,NA,"Mkrn1"
NA,NA,"Ash2l"
NA,NA,"Cmtm7"
NA,NA,"Apool"
NA,NA,"Rufy1"
NA,NA,"Gm31070"
NA,NA,"Adat1"
NA,NA,"Xab2"
NA,NA,"Matr3"
NA,NA,"Kcnq1ot1"
NA,NA,"Dmac1"
NA,NA,"Fam135a"
NA,NA,"2900089D17Rik"
NA,NA,"Erlec1"
NA,NA,"Hnrnpul2"
NA,NA,"Smarca1"
NA,NA,"Wdr73"
NA,NA,"1700084E18Rik"
NA,NA,"Snhg17"
NA,NA,"Trim3"
NA,NA,"Hyi"
NA,NA,"Gm16001"
NA,NA,"Txnrd2"
NA,NA,"Hmg20a"
NA,NA,"Pigb"
NA,NA,"Hnrnpl"
NA,NA,"Ncs1"
NA,NA,"Hdgf"
NA,NA,"Ubap1"
NA,NA,"Lamp2"
NA,NA,"Cobll1"
NA,NA,"Zfp11"
NA,NA,"Zfhx3"
NA,NA,"Map3k4"
NA,NA,"Phf21a"
NA,NA,"Nacc1"
NA,NA,"Sgsh"
NA,NA,"Siva1"
NA,NA,"Zbtb11"
NA,NA,"Tubg1"
NA,NA,"Aven"
NA,NA,"Kdm2b"
NA,NA,"Zfp280b"
NA,NA,"Cmc4"
NA,NA,"Csnk2a1"
NA,NA,"Rab4a"
NA,NA,"Prrg1"
NA,NA,"Fkbp1a"
NA,NA,"Gper1"
NA,NA,"Rab26os"
NA,NA,"Gas5"
NA,NA,"Katnip"
NA,NA,"Ranbp10"
NA,NA,"Col27a1"
NA,NA,"Ints5"
NA,NA,"Ap5z1"
NA,NA,"Far1"
NA,NA,"Rnf123"
NA,NA,"Nlrc5"
NA,NA,"Pcdhb22"
NA,NA,"Pxk"
NA,NA,"Lmbrd1"
NA,NA,"Abhd10"
NA,NA,"Cars2"
NA,NA,"Pnpo"
NA,NA,"Smg7"
NA,NA,"Alg3"
NA,NA,"Abhd17a"
NA,NA,"Selenot"
NA,NA,"Bloc1s4"
NA,NA,"Gm36220"
NA,NA,"Ptrh2"
NA,NA,"Armc9"
NA,NA,"Ddx19a"
NA,NA,"Lysmd3"
NA,NA,"Sfmbt1"
NA,NA,"Vwa1"
NA,NA,"Ccdc127"
NA,NA,"Agap1"
NA,NA,"Mzt1"
NA,NA,"Rhod"
NA,NA,"Kctd13"
NA,NA,"Egln1"
NA,NA,"Chpf2"
NA,NA,"Rexo1"
NA,NA,"Atg13"
NA,NA,"Dnajc13"
NA,NA,"Ctbs"
NA,NA,"Mttp"
NA,NA,"Eef1akmt2"
NA,NA,"Slc40a1"
NA,NA,"Dusp23"
NA,NA,"Ube2z"
NA,NA,"Tle1"
NA,NA,"H3f3a"
NA,NA,"Exosc4"
NA,NA,"Rufy3"
NA,NA,"Spata6l"
NA,NA,"Prdx2-ps1"
NA,NA,"Plekha2"
NA,NA,"1700085D22Rik"
NA,NA,"Rell1"
NA,NA,"Xpo7"
NA,NA,"Gtf2f2"
NA,NA,"Fam3a"
NA,NA,"Sp2"
NA,NA,"Fam120b"
NA,NA,"Onecut2"
NA,NA,"Chtf8"
NA,NA,"Zfp157"
NA,NA,"Cibar1"
NA,NA,"Dnajc10"
NA,NA,"Mfap3"
NA,NA,"Tmem175"
NA,NA,"Slc25a19"
NA,NA,"Golga5"
NA,NA,"Micu3"
NA,NA,"Raly"
NA,NA,"Fbxw8"
NA,NA,"Fam171a2"
NA,NA,"Vps72"
NA,NA,"Wdr18"
NA,NA,"R3hcc1"
NA,NA,"Pmpca"
NA,NA,"Smarce1"
NA,NA,"Rgmb"
NA,NA,"Prrx2"
NA,NA,"Tbc1d14"
NA,NA,"Csrp2"
NA,NA,"Gm29688"
NA,NA,"Nek8"
NA,NA,"Tipin"
NA,NA,"Arpc5"
NA,NA,"Zfp821"
NA,NA,"Orai3"
NA,NA,"Nsmaf"
NA,NA,"Gtpbp8"
NA,NA,"Btf3"
NA,NA,"Tmem201"
NA,NA,"Crppa"
NA,NA,"Vars1"
NA,NA,"Edem2"
NA,NA,"Ranbp6"
NA,NA,"Nr3c1"
NA,NA,"Tmem131l"
NA,NA,"Tnpo3"
NA,NA,"Shb"
NA,NA,"Ssh3"
NA,NA,"Baz1a"
NA,NA,"Znhit3"
NA,NA,"Eml3"
NA,NA,"Ints3"
NA,NA,"Tbca"
NA,NA,"Setd5"
NA,NA,"Eif4e3"
NA,NA,"Acot8"
NA,NA,"Arglu1"
NA,NA,"Slc26a6"
NA,NA,"Ctu1"
NA,NA,"Kif13a"
NA,NA,"Cript"
NA,NA,"Mvp"
NA,NA,"Sugct"
NA,NA,"Snx21"
NA,NA,"1700025G04Rik"
NA,NA,"Usf1"
NA,NA,"Pomgnt1"
NA,NA,"Cc2d1b"
NA,NA,"Arnt"
NA,NA,"Zfp954"
NA,NA,"Scamp3"
NA,NA,"Ppdpf"
NA,NA,"Pcnp"
NA,NA,"Khk"
NA,NA,"Stc1"
NA,NA,"Acad9"
NA,NA,"Ccdc112"
NA,NA,"Edem3"
NA,NA,"Tcirg1"
NA,NA,"Rps27l"
NA,NA,"Rragc"
NA,NA,"Slc39a14"
NA,NA,"Atraid"
NA,NA,"Slc4a2"
NA,NA,"Ctbp2"
NA,NA,"Rsl24d1"
NA,NA,"Zfyve16"
NA,NA,"Carnmt1"
NA,NA,"Usp14"
NA,NA,"Plcd1"
NA,NA,"Ankrd11"
NA,NA,"Mrps10"
NA,NA,"Hnrnpr"
NA,NA,"Dolpp1"
NA,NA,"Dnajc21"
NA,NA,"Frmd8os"
NA,NA,"Hectd4"
NA,NA,"Faap20"
NA,NA,"Hdac2"
NA,NA,"Brat1"
NA,NA,"Aurka"
NA,NA,"Denr"
NA,NA,"Ndufaf1"
NA,NA,"Xkr8"
NA,NA,"Rufy2"
NA,NA,"Zfp266"
NA,NA,"Trp53rka"
NA,NA,"Pard6g"
NA,NA,"Ube4a"
NA,NA,"Wdr43"
NA,NA,"Gm20186"
NA,NA,"Zfp41"
NA,NA,"Qars1"
NA,NA,"Dock1"
NA,NA,"Hmgcr"
NA,NA,"Hmmr"
NA,NA,"Sft2d3"
NA,NA,"Mark4"
NA,NA,"Vamp3"
NA,NA,"Asrgl1"
NA,NA,"Herc3"
NA,NA,"Hip1r"
NA,NA,"Impact"
NA,NA,"Zmynd19"
NA,NA,"Ift140"
NA,NA,"Cyb561d2"
NA,NA,"Cops4"
NA,NA,"Med21"
NA,NA,"Smc6"
NA,NA,"Sdc4"
NA,NA,"Csgalnact2"
NA,NA,"Trpm7"
NA,NA,"Rhoc"
NA,NA,"Rnf6"
NA,NA,"Fnip2"
NA,NA,"Slc17a5"
NA,NA,"Dbr1"
NA,NA,"Arl16"
NA,NA,"Phf3"
NA,NA,"Dhx16"
NA,NA,"Crtc1"
NA,NA,"Pip4p2"
NA,NA,"Atg2a"
NA,NA,"Lrrc8a"
NA,NA,"Man2a2"
NA,NA,"Glul"
NA,NA,"Gart"
NA,NA,"Mettl3"
NA,NA,"Cebpzos"
NA,NA,"Nelfcd"
NA,NA,"Phf2"
NA,NA,"Tomm5"
NA,NA,"Cyb5r3"
NA,NA,"Smad3"
NA,NA,"Actr3"
NA,NA,"Mepce"
NA,NA,"Ost4"
NA,NA,"Dram1"
NA,NA,"Ppa2"
NA,NA,"Luc7l"
NA,NA,"Chchd5"
NA,NA,"Slc35a2"
NA,NA,"Shmt2"
NA,NA,"Usp46"
NA,NA,"Usp36"
NA,NA,"Aga"
NA,NA,"Agbl3"
NA,NA,"Myd88"
NA,NA,"Pycr3"
NA,NA,"Apbb3"
NA,NA,"Amer1"
NA,NA,"Pnpla6"
NA,NA,"Snrpb2"
NA,NA,"Gtf3c1"
NA,NA,"Akip1"
NA,NA,"Mocs1"
NA,NA,"Chrac1"
NA,NA,"Snord89"
NA,NA,"Eea1"
NA,NA,"Npr3"
NA,NA,"Canx"
NA,NA,"Pycr2"
NA,NA,"Dpm3"
NA,NA,"Yipf5"
NA,NA,"Taf1d"
NA,NA,"Cpsf6"
NA,NA,"Pml"
NA,NA,"Pxn"
NA,NA,"Baiap2"
NA,NA,"St6galnac4"
NA,NA,"Ndfip1"
NA,NA,"Zbtb12"
NA,NA,"Snx1"
NA,NA,"Stx18"
NA,NA,"Hpf1"
NA,NA,"Zmym4"
NA,NA,"Gabre"
NA,NA,"Pnrc1"
NA,NA,"Junb"
NA,NA,"Zfp267"
NA,NA,"Ift22"
NA,NA,"Abcc1"
NA,NA,"Orc6"
NA,NA,"Ap3m1"
NA,NA,"Spcs1"
NA,NA,"Srsf4"
NA,NA,"Bex3"
NA,NA,"Stx7"
NA,NA,"Scaf8"
NA,NA,"Itpkb"
NA,NA,"Lacc1"
NA,NA,"Dpf2"
NA,NA,"Cnot9"
NA,NA,"Tmco1"
NA,NA,"Ccne2"
NA,NA,"Park7"
NA,NA,"Sf3b1"
NA,NA,"Pias4"
NA,NA,"Fn3krp"
NA,NA,"C2cd2"
NA,NA,"Atrnl1"
NA,NA,"Fzd1"
NA,NA,"Abhd17b"
NA,NA,"Zfp513"
NA,NA,"Ggcx"
NA,NA,"Tdp1"
NA,NA,"Drg2"
NA,NA,"Ppp3ca"
NA,NA,"Gaa"
NA,NA,"Fam219b"
NA,NA,"Eif2b2"
NA,NA,"Arrb2"
NA,NA,"Sp3os"
NA,NA,"Hk1"
NA,NA,"Rusc1"
NA,NA,"Arhgef7"
NA,NA,"Rex1bd"
NA,NA,"Gpx4"
NA,NA,"Anapc4"
NA,NA,"Msn"
NA,NA,"Limd1"
NA,NA,"Smad4"
NA,NA,"Kdm6a"
NA,NA,"Tceal8"
NA,NA,"Bak1"
NA,NA,"Uba1"
NA,NA,"Ppp1r3b"
NA,NA,"Trmt2a"
NA,NA,"Snf8"
NA,NA,"Dus1l"
NA,NA,"Noa1"
NA,NA,"Mrps12"
NA,NA,"Jmjd1c"
NA,NA,"Numa1"
NA,NA,"Stat6"
NA,NA,"Mt2"
NA,NA,"Nt5c3"
NA,NA,"Rbm14"
NA,NA,"Apln"
NA,NA,"Sdhd"
NA,NA,"Toe1"
NA,NA,"Ankfy1"
NA,NA,"Dnajc16"
NA,NA,"Rhobtb3"
NA,NA,"Sh3tc1"
NA,NA,"Tbc1d31"
NA,NA,"Tesk1"
NA,NA,"Shmt1"
NA,NA,"Prkag1"
NA,NA,"Ppp2r5c"
NA,NA,"1700001O22Rik"
NA,NA,"Cutc"
NA,NA,"Arpp19"
NA,NA,"Fndc10"
NA,NA,"Ppp6r1"
NA,NA,"Wipi1"
NA,NA,"Mast2"
NA,NA,"Serpinf1"
NA,NA,"Ifit3b"
NA,NA,"Atp13a2"
NA,NA,"Hoxa7"
NA,NA,"Ctsb"
NA,NA,"Tsc2"
NA,NA,"Smc5"
NA,NA,"Gle1"
NA,NA,"Hdac5"
NA,NA,"Repin1"
NA,NA,"Commd2"
NA,NA,"Nusap1"
NA,NA,"Vars2"
NA,NA,"Leo1"
NA,NA,"Rbm39"
NA,NA,"Car2"
NA,NA,"Large1"
NA,NA,"Txndc9"
NA,NA,"Ago1"
NA,NA,"Zmat3"
NA,NA,"Cav1"
NA,NA,"Bptf"
NA,NA,"Akap8l"
NA,NA,"Ppp6r3"
NA,NA,"Msantd4"
NA,NA,"Abhd8"
NA,NA,"Rap2c"
NA,NA,"Mak16"
NA,NA,"Anxa7"
NA,NA,"Eef2kmt"
NA,NA,"Hmgb1"
NA,NA,"Wiz"
NA,NA,"Rmnd5a"
NA,NA,"Pik3r4"
NA,NA,"Osbpl2"
NA,NA,"Eif1a"
NA,NA,"Reep3"
NA,NA,"Tead2"
NA,NA,"Itgb1"
NA,NA,"Zfp275"
NA,NA,"Crebl2"
NA,NA,"Aasdhppt"
NA,NA,"Pcgf5"
NA,NA,"Vps39"
NA,NA,"Bag5"
NA,NA,"Phkb"
NA,NA,"Cxxc1"
NA,NA,"Eif4a2"
NA,NA,"Plcb3"
NA,NA,"Prpsap1"
NA,NA,"Drosha"
NA,NA,"Uba52"
NA,NA,"Hmgxb3"
NA,NA,"Stim1"
NA,NA,"Dnajc19"
NA,NA,"Arid4b"
NA,NA,"Casd1"
NA,NA,"Taf1b"
NA,NA,"Snrpa1"
NA,NA,"B3glct"
NA,NA,"Litaf"
NA,NA,"Klhl26"
NA,NA,"Vps11"
NA,NA,"Agpat5"
NA,NA,"Zbtb7a"
NA,NA,"Pofut1"
NA,NA,"Commd8"
NA,NA,"Brpf1"
NA,NA,"Cltb"
NA,NA,"Cep170"
NA,NA,"Vamp4"
NA,NA,"Hsf2"
NA,NA,"Slc31a1"
NA,NA,"Rbm15b"
NA,NA,"Brf1"
NA,NA,"Glrx3"
NA,NA,"Rnf220"
NA,NA,"Eepd1"
NA,NA,"Tln1"
NA,NA,"Pip4k2c"
NA,NA,"Higd1a"
NA,NA,"Llgl1"
NA,NA,"Smg6"
NA,NA,"Actr1b"
NA,NA,"Rps11"
NA,NA,"Timm17b"
NA,NA,"Slit3"
NA,NA,"Rtf1"
NA,NA,"Mrpl28"
NA,NA,"Katnal1"
NA,NA,"Cpsf7"
NA,NA,"Ubfd1"
NA,NA,"Bud23"
NA,NA,"2310011J03Rik"
NA,NA,"Clip1"
NA,NA,"Hspa8"
NA,NA,"Rpl34"
NA,NA,"Ate1"
NA,NA,"Atp6v1g1"
NA,NA,"Aurkaip1"
NA,NA,"Derl2"
NA,NA,"Rps27a"
NA,NA,"Bmpr1a"
NA,NA,"Trim37"
NA,NA,"Ap1s1"
NA,NA,"Abhd13"
NA,NA,"Zzz3"
NA,NA,"Sdf2"
NA,NA,"Clmp"
NA,NA,"Abca1"
NA,NA,"Nxn"
NA,NA,"Ptges3"
NA,NA,"Larp1"
NA,NA,"Tlk1"
NA,NA,"Adipor1"
NA,NA,"Klf3"
NA,NA,"Reep5"
NA,NA,"Rarg"
NA,NA,"Gbp7"
NA,NA,"Vps26c"
NA,NA,"Pigm"
NA,NA,"Fam20b"
NA,NA,"Grn"
NA,NA,"Tm2d3"
NA,NA,"Rps6"
NA,NA,"Yme1l1"
NA,NA,"Ppm1g"
NA,NA,"Amfr"
NA,NA,"Mettl21a"
NA,NA,"Raph1"
NA,NA,"Ubap2l"
NA,NA,"Gm15459"
NA,NA,"Psmb7"
NA,NA,"Gskip"
NA,NA,"Mrps21"
NA,NA,"Ddx49"
NA,NA,"Naaa"
NA,NA,"Retn"
NA,NA,"Cd59a"
NA,NA,"Golga3"
NA,NA,"Kras"
NA,NA,"Tacc1"
NA,NA,"Surf1"
NA,NA,"Cops5"
NA,NA,"Ppp1ca"
NA,NA,"Gadd45gip1"
NA,NA,"Hbp1"
NA,NA,"H2az2"
NA,NA,"Cox18"
NA,NA,"Cttn"
NA,NA,"Pdap1"
NA,NA,"Ube2e3"
NA,NA,"Rpsa"
NA,NA,"Sel1l"
NA,NA,"Ifi27"
NA,NA,"Phf20l1"
NA,NA,"Copz1"
NA,NA,"Tprg1l"
NA,NA,"Brd3"
NA,NA,"Trak1"
NA,NA,"Zfp207"
NA,NA,"Stat1"
NA,NA,"Smdt1"
NA,NA,"Aprt"
NA,NA,"Kdm4b"
NA,NA,"Abcg1"
NA,NA,"Galk1"
NA,NA,"Smndc1"
NA,NA,"Scyl1"
NA,NA,"Oaz2"
NA,NA,"S100a13"
NA,NA,"Pum1"
NA,NA,"Trip6"
NA,NA,"Gnb2"
NA,NA,"Tnrc6a"
NA,NA,"Trappc3"
NA,NA,"Wdr26"
NA,NA,"Arhgdia"
NA,NA,"Tgfbr3"
NA,NA,"Rabac1"
NA,NA,"Tmx4"
NA,NA,"Phip"
NA,NA,"Hsp90b1"
NA,NA,"Epm2aip1"
NA,NA,"Trir"
NA,NA,"Egln2"
NA,NA,"Scamp1"
NA,NA,"Sdhaf2"
NA,NA,"ENSMUSG00000121749"
NA,NA,"Clic1"
NA,NA,"Rac1"
NA,NA,"Nfe2l2"
NA,NA,"Hspb6"
NA,NA,"Usf2"
NA,NA,"Ubn1"
NA,NA,"D8Ertd738e"
NA,NA,"Glyr1"
NA,NA,"Fam114a2"
NA,NA,"Psmd8"
NA,NA,"Ddx27"
NA,NA,"Ehbp1l1"
NA,NA,"Calm2"
NA,NA,"Baz1b"
NA,NA,"Rbx1"
NA,NA,"Gm10263"
NA,NA,"H2-D1"
NA,NA,"Pabpc1"
NA,NA,"H1f2"
NA,NA,"Med13l"
NA,NA,"Mrpl10"
NA,NA,"Cct5"
NA,NA,"H1f0"
NA,NA,"Eif4ebp1"
NA,NA,"Lgals3bp"
NA,NA,"Cbx5"
NA,NA,"Eif3c"
NA,NA,"Fasn"
