"Shared","T.DMSO","T.ROSI"
"Hp","Cxcl5","Mcur1"
"Cidec","Smpd1","Tmed5"
"Tnip1","Psmb10","1600014C10Rik"
"Ccl2","Acp5","Hcar2"
"Nfkbia","Bcl3","Gk"
"Cfb","Agt","Mtus1"
"Ripk2","Dcbld2","Unc119"
"Tagln2","Gbp2","Ctsl"
"Ptges","Slc11a2","Acaa1a"
"Vcam1","Nfia","Gprc5b"
"Sod2","Tapbp","Cbr1"
"Ccl7","Lrig1","B430010I23Rik"
"Tnfaip2","Psme1","Ermp1"
"Gpd1","Mtss2","Etv3"
"Irf1","Ifngr1","Mrpl45"
"Nrp2","Cav1","Ndufaf4"
"Mknk2","Psmb8","Ddah2"
"Pdpn","Cyp26b1","Pgp"
"Plin1","Pals2","Adamts1"
"A530016L24Rik","Loxl2","Lgr4"
"Pank3","App","Pdzrn3"
"Bid","Ivd","Cndp2"
"Ccl9","Ccdc80","Pigl"
"Csf1","Psmd10","Saraf"
"Lipe","Enpp4","Prune1"
"Tmem176a","Pde4b","Tmem97"
"Il6st","Cav2","Sipa1l1"
"Rgs2","Akap12","Pdgfrb"
"Angptl4","Pparg","Tcf4"
"Adrb3","Lpar4","Smoc1"
"Cd44","Adcyap1r1","Fcf1"
"Junb","Chi3l1","Timm22"
"G0s2","Pdgfa","Ptk2b"
"Cdkn2c","Hspa5","Tomm70a"
"Ptx3","Slc25a18","Sdc2"
"Hpx","Klf5","Trp53inp2"
"Cxcl1","Bltp3b","Acadl"
"Cebpa","Fxyd1","Kif13a"
"Tst","Tef","Impa2"
"Cp","Pygb","Kitl"
"Cavin2","Dbp","Elmod2"
"Aoc3","Rnd2","Arel1"
"Pde3b","Bbln","Orm3"
"Timp1","Tubb2a","Blvra"
"Eif4ebp1","Fmr1","Kiz"
"Paqr4","Nt5dc2","St3gal2"
"Gng12","Tmem140","B3glct"
"Hmga2","Foxp4","Lamb1"
"Bscl2","Gstk1","Chchd4"
"Adig","Calcrl","Pabir2"
"Gpat3","Rasl11b","Cd302"
"Relb","Sbno2","Rrs1"
"Gpt","Stat3","Arhgap18"
"Scd1","Mvp","Socs2"
"Nfkb2","Thbs2","Bgn"
"Car5b","Ddx21","Lzic"
"Saa3","Peli2","Lhfpl6"
"Mmp3","Adamts12","Epdr1"
"Ubd","Mybbp1a","Trafd1"
"Retsat","Maff","Thoc6"
"AW112010","C3","Cbx6"
"Mt2","Morc4","Naa50"
"Pdhb","Arhgdib","Piezo1"
"Gstz1","Sh3kbp1","Sgms1"
"Gnpat","Fubp1","Ccnd2"
"Acsl5","Smim1","Sh3glb1"
"Agpat2","Il17re","Klhl5"
"Trim47","Prickle1","S100a6"
"Dgat1","Dmpk","Fdx1"
"Thrsp","Hmga1","Chst1"
"Arxes2","Tuba1c","Mpdu1"
"Selenop","Tap2","Numbl"
"Adipoq","Nfkbiz","Osbpl11"
"Ffar2","Sdc1","Bmpr1a"
"Mt1","Nfkbib","Mafb"
"Sh3pxd2b","Gch1","Met"
"Uck1","Sfrp2","Adcy5"
"Tmem176b","Tmt1a","Irak2"
"Lpin1","Sash1","Rasa3"
"Cstb","Manf","Cntln"
"Ly75","Smim5","Tspan17"
"Osmr","1110038F14Rik","Glmp"
"Dram1","Mmp13","Slc27a4"
"Abcd2","Pdcd4","Cela1"
"B4galt5","Gopc","Scara3"
"Ppp1r3c","Tapbpl","Dusp9"
"Ccl6","Cd248","Bnip3l"
"Acvr1b","Rab20","Zfp655"
"Slc1a3","Shisa5","Gadd45a"
"P2rx4","Ptpn12","Slc41a3"
"Slc25a10","Traf3","Ier5l"
"Id1","Lctl","Adrb2"
"Cat","Cped1","Itpk1"
"Ifnar2","Meis2","Wwtr1"
"Aco2","Zfp395","Mr1"
"Slc39a14","Kars1","Washc2"
"Aspn","Traf1","Lamb2"
"Prlr","Mid1ip1","Slc35e4"
"Dgat2","Casp7","Ddx17"
"Kcnk3","Nmi","Map3k5"
"N4bp2l1","Parp16","Ctsk"
"Actn1","Nop56","Yme1l1"
"Scd2","Cfd","Tmbim1"
"9630013D21Rik","Ddx39a","Get1"
"Psma1","P2rx3","Arhgap5"
"Gnb5","Leprotl1","Ccdc102a"
"Arl4a","Gpatch4","Timm10"
"Dusp6","Zfp467","Asns"
"Rab6b","Nsun2","Dusp10"
"Sort1","Slc6a6","Os9"
"Acss2","Ranbp1","Trit1"
"Pcx","Slc40a1","Marcks"
"Egr1","Rxra","Tmem109"
"Fasn","Tmem205","Slc7a6"
"Fbxo45","Rangap1","Abhd16a"
"Atp1a2","Ssbp3","Ssbp2"
"Hes1","Polr2e","Acacb"
"Eif6","Nek6","Pgam1"
"Hibch","Tcf7l2","Cdkl5"
"Irs1","Cacybp","G3bp2"
"Pnpla2","H2-Oa","Sun2"
"Aqp7","Sdad1","Plekhg3"
"Apmap","Frmd4a","Angpt2"
"Slc2a4","Tpra1","Svil"
"Epb41l1","Ebpl","Ro60"
"Idh3a","Naa25","H2ac25"
"Nabp1","Basp1","Pbxip1"
"Cyp1b1","Degs1","Nudt3"
"Ppa1","Psma7","Anxa5"
"Isyna1","Parp14","Bhlhe40"
"Klf15","Fgf2","Pde7a"
"Niban2","Fgfr2","Rnf4"
"Trarg1","Spred1","Pacs2"
"Tnfaip3","Nip7","Kctd1"
"Mtarc2","Gm34084","Dtx3"
"Lpl","Shmt2","Nat8f3"
"Pxmp2","Tubb6","Dlg5"
"Ywhab","Ybx3","Tmem231"
"Fcgrt","Fbxl5","Mix23"
"Adipor2","Acadsb","Lrrcc1"
"Gdpd1","Wdr43","Angpt1"
"Alad","Apobec1","Gprin3"
"Tnfrsf12a","Pappa","Mgrn1"
"Mcam","Osbpl1a","Stx2"
"Retn","Echdc2","Tulp3"
"Layn","Snrpd1","Snhg3"
"Mdh1","Prkaa1","Cth"
"Idh1","Ppm1m","Frat2"
"Sh3glb2","Dbnl","Gpt2"
"Fam13a","Car3","Hs1bp3"
"Fst","Mogs","Bag2"
"Lgals12","Capn6","Itgb2"
"Flt1","Cyp4v3","Preb"
"Jak2","Wnk4","Mrpl43"
"H2-K1","Hspa12a","Prps2"
"Crat","Etv6","Atp6v1b2"
"Adam17","Lyar","Jmjd6"
"Vmp1","Eif5a","Sipa1l2"
"Bcat2","Lbr","Vdr"
"Rab32","Mlkl","Cnpy4"
"Cyb5a","Herc6","G6pdx"
"Akt2","Idnk","Dnajc18"
"Steap1","Pyroxd2","Atg16l1"
"Rhoc","Clec3b","Fbxl14"
"Mrps6","Man2a1","Serinc5"
"Dipk1b","Dapk1","Septin8"
"Mrpl38","Mat2a","Rab11fip2"
"Gm56906","Bak1","Mtfr1l"
"Tpm1","Il11ra1","Ubqln2"
"Rap1b","Impdh1","Pdp1"
"Ikbke","Hnrnpab","Sfxn5"
"Coq9","Slc5a3","Lyst"
"Trib1","Nherf2","Ufsp1"
"Ctdspl","4833438C02Rik","Papola"
"Cluh","Nab1","Golph3"
"Hexim1","Noc4l","H2-DMb1"
"Slc43a2","Wdr1","Tmem33"
"Rela","Ccnd3","Ncoa4"
"St3gal6","Upp1","Ell"
"Aatk","Gnl3","Mindy1"
"Pxmp4","Adamts14","Hccs"
"Trabd2b","D17H6S56E-5","Fkbp5"
"S100a8","Gm6682","Itm2c"
"Prnp","Baz1a","Afap1l2"
"Mmd","Chn1","Znhit3"
"Gadd45g","Lrp5","Abcg2"
"Rab3d","U90926","Dlg3"
"Tpm4","Pa2g4","Adgrf5"
"Tmt1b","Mitd1","Has2os"
"Glipr2","Dmtn","Nudt13"
"Steap2","Mtf2","Hexb"
"Ndufs7","Raf1","Rwdd4a"
"Dclk1","Xrn2","Tomm22"
"Ier5","Psmb9","Rcan1"
"Chp1","Atp13a3","Hyal2"
"Tmcc3","H2-Q4","Azin1"
"Susd6","ENSMUSG00000121503_H2-K2","Kifap3"
"Dab2","Calr","Hnrnpa2b1"
"Selenbp1","Gstm7","Fam124a"
"Igfbp3","Nub1","Speg"
"Hibadh","Mxd4","Cnbd2"
"Lifr","Serpinb2","Selenon"
"Myo10","Apoc1","Syvn1"
"Gm15417","Dkc1","Pcolce"
"Fzd4","Oaf","Fbxo25"
"Fcor","Per3","Ddx28"
"Fitm2","Mettl1","Ciapin1"
"Mfn2","Rhoq","Armt1"
"Ldhb","Maged1","Rilpl1"
"Lcn2","Tsc22d3","Dpp7"
"Cib2","Mylip","Trpm7"
"Stmp1","Phgdh","Gm15459"
"Ass1","Cyth3","Mllt3"
"Cd36","Wdr36","Ndufaf8"
"Fas","Rab3il1","Hspd1"
"Ndufs1","Txn1","Smarca2"
"Cald1","Ran","Cmip"
"Acadm","Dtx3l","Mknk1"
"Glb1","Itga1","Ergic1"
"Ninl","Mxd1","Nadk2"
"H1f2","Hif1a","St3gal5"
"Grem2","Dlk1","Plvap"
"Etfb","Mtdh","Cabp4"
"Cyc1","Ppp1r9b","Tbc1d12"
"Pmp22","C030014I23Rik","Qsox1"
"Dipk2a","Cdh13","Nek7"
"H2bc4","Klc4","Pld3"
"Tmem120b","Lrtm1","St3gal1"
"Ndufb10","Nap1l1","Bri3"
"Gpam","Naa15","Ttc21b"
"Sdhb","Atf5","Hycc1"
"Mcrip2","Nme1","Frey1"
"Nrn1","Rfx5","Stradb"
"Msra","D830050J10Rik","Wtip"
"Aldh6a1","Cyp2ab1","Vasp"
"Fth1","Septin11","Ptges3l"
"Tlr2","Lrrc61","Myo19"
"Tpm3","Tars1","Sar1b"
"Atp5pb","Gm16098","Zfp770"
"Cox14","Parp9","Cdk2ap2"
"Ptgr2","Hnrnpd","Chchd10"
"Fosl1","Cbr2","Zfp740"
"Cebpg","Tbc1d16","Cc2d2a"
"Apoc4","Dgcr6","Ltbp1"
"Birc3","Ldaf1","Klhl25"
"Erap1","Oma1","Tlnrd1"
"Isoc2a","Lamb3","Clip3"
"Me1","Nop58","Cstpp1"
"B3galt2","Esd","Tspan6"
"Foxs1","Set","Lipt1"
"Grtp1","Ctsd","Stat5a"
"Ss18l2","Gm26569","Atxn1"
"Ier3","Stip1","Orm2"
"Mfhas1","Mmp9","Ofd1"
"Eepd1","Prmt1","Iars2"
"Nrip1","Med11","Zfp91"
"Vegfd","Retreg1","Sh3bp5"
"Itgav","Nfix","Rrn3"
"Tmem123","Psmg4","Man2b2"
"Hsd11b1","Acox3","Cenpv"
"Gstm1","Jup","Fut11"
"Igf2bp2","Azi2","Arhgap28"
"Col6a2","Cct3","Smad3"
"Jarid2","Sema3a","Fuca2"
"Resf1","Tlr3","Anxa1"
"Gas6","Sned1","Ifitm6"
"Dhrs3","Fmo2","Atp6ap1"
"Taldo1","Banf1","Gt(ROSA)26Sor"
"Znrf1","Prtn3","Gm47096"
"Zfyve21","Zswim4","Tmem150a"
"Mccc1","Lman2l","Ccdc34"
"Sgpl1","Pcbd2","Nhsl2"
"Msn","Akap13","Slc26a2"
"Adh1","Acyp1","Acy1"
"Gm44386","Serpinb9","Enpp1"
"Gsap","Lrpap1","Gars1"
"Plekho2","Usp2","Snx17"
"Eif1a","Cct8","Sec24b"
"Dgkd","Fam210b","Fam162a"
"Plec","Sfxn4","Maml3"
"Dlat","Myl6","Clock"
"Septin6","Parp12","Zfp821"
"Akr7a5","Mak16","Trmt2b"
"Scp2","Pabpc1","Hpdl"
"Eif4e3","Sesn1","Wdr19"
"Cyb561","Ly6e","Dnm1"
"Casp4","Sema7a","Limch1"
"Slco3a1","Gm9951","Gm56833"
"Snx10","Erbin","Phf21a"
"Atp2b4","Rhog","Serp1"
"Ube2a","Lrig3","Ip6k1"
"Serpina3n","Bmp4","Hrct1"
"Pim1","Rmnd5a","Prdx4"
"Ext1","Dynll2","Mecomos"
"Birc2","Zpr1","Hvcn1"
"Igf1","Arl2bp","Psmd6"
"Anxa6","Slc41a1","Fnbp1"
"Cpt2","Cyp2c23","Myo1c"
"Mfge8","Nolc1","Tmem41b"
"Slc25a19","Id2","Vhl"
"Smim29","Nop16","Myo1b"
"AU020206","Tfe3","S100a4"
"Il1rl1","Peg13","Prdm5"
"Axl","Colgalt1","Dcxr"
"Rtl8a","Hebp1","Fgl1"
"Ffar4","Cpsf2","Strip2"
"Phlda3","Ccdc86","Bet1l"
"Capg","Irgm2","Diablo"
"Ndufab1","Cct7","Nat8f1"
"Ypel3","Jmjd8","Pla2g2e"
"Tmem120a","Wbp1","Mrpl27"
"Grhpr","Nedd4","Mob3b"
"Msmo1","Fn3krp","Gab3"
"Plcb1","Naf1","Nif3l1"
"Slc7a2","Arhgap35","Psen2"
"Dse","Gper1","Coa7"
"Htra2","Itgbl1","Clp1"
"S1pr2","Dipk1a","Arhgap27"
"Maf","Vars1","Hdgfl3"
"Uqcrh","Pprc1","Setd1b"
"Apcdd1","Islr","Shisa4"
"Echs1","Cxcl11","Lamc1"
"Slc48a1","Emc8","Rnf13"
"C1qtnf12","Fech","Sh3d19"
"Socs3","Abi3","B3galnt1"
"Atp5mc3","Calm2","Alg9"
"Ehd1","Plaur","Tagln"
"Cygb","Pak1ip1","Plxna2"
"Sdhc","Nipal1","Kantr"
"Tfrc","Mdm2","Nsmce2"
"Esrra","Lyplal1","Wwc2"
"Ninj1","Mphosph10","Tgfb1i1"
"Olr1","Syngr2","Vdac3"
"Naaa","Clcf1","Mrpl14"
"Ets2","Man2a2","Tmsb4x"
"Slc25a1","Loxl4","Zfp521"
"Ccn5","Iigp1","Mrpl46"
"Itpripl2","Gdpd2","Amz1"
"Slc13a4","Trim12c","Scarf2"
"Sesn3","Btc","Dagla"
"Lpar1","Osbpl3","Tnfrsf1a"
"Ppp2r1b","Phldb1","Fat1"
"Acbd4","Tap1","Fastkd5"
"Ezr","Nubp1","Gypc"
"Parp3","Slc35c1","Agpat5"
"Sptlc2","Cct5","Pip4k2c"
"Sorbs1","Tmed9","Prdx6"
"Aldh1a7","Eif5b","Ak1"
"Nrep","Macroh2a1","Gm9905"
"Fgfrl1","Rexo5","Ubr1"
"Mpst","Foxo6","Mto1"
"Pim3","Slc7a1","Gpr19"
"Pnpla8","Trak2","Wdr18"
"Atg101","Iah1","Supv3l1"
"Ndufb8","Slc38a7","Tmem267"
"Decr1","Vgll4","Plxna3"
"Eeig2","Dpysl3","Rbck1"
"Ckap4","Got2","Nfat5"
"Nsdhl","Prdx5","Sema3f"
"Tlcd1","Pcdh7","Gm48226"
"Mmut","Prep","Dennd2b"
"Cox7a2","C8g","Twf2"
"Fabp5","Grn","Rtf2"
"Cox8a","Rack1","Mtf1"
"Cbx4","Sec16b","Gab1"
"Ndufb9","Lsg1","Lgi4"
"Ifitm2","Tsku","Myo9a"
"Xbp1","Tuba1b","Slc39a9"
"Gale","Cdv3","Gm15787"
"1810021B22Rik","Socs1","Sptan1"
"Ppp4r2","Nr4a1","Gpatch8"
"Acly","Pik3r2","Cpt1c"
"Ces1f","Igtp","Chic1"
"Prrx1","Eif4a2","Mrpl1"
"Slc43a3","Aimp2","Tnfaip8"
"Tbc1d4","Hsph1","Tcp11l1"
"Ppargc1b","Fam178b","Crip2"
"Xdh","Usp16","Mecr"
"Dolpp1","Marveld1","Cep97"
"Acat1","Rbbp9","2500002B13Rik"
"Gm2a","Rassf1","Znhit1"
"Prelp","Trp53","Atp5if1"
"Ifngr2","Tcirg1","Ralgds"
"Bnip3","Bcat1","A130051J06Rik"
"Ralgapa2","Nup93","Stk16"
"Bola3","Clca3a1","Clns1a"
"Ganc","Enox1","Nipa2"
"Dlc1","Etf1","Rmnd1"
"Scarb1","Trappc6b","Spryd7"
"Mfsd12","Ncoa7","Mical1"
"Esyt1","Mcm2","Aip"
"Slc25a34","Serbp1","Plp2"
"Pmvk","Stap2","Nelfa"
"Casp12","Plod1","Airn"
"Anxa4","Jag1","Tgfbr2"
"Cdo1","Gm28875","Arl6ip1"
"Cemip2","Ftsj3","Kbtbd11"
"Deptor","Tbx3","Trf"
"Stxbp1","Aff3","Pwwp2a"
"Insig1","B2m","Taco1"
"Sfxn1","S100b","Trub1"
"Rasd1","Cdh26","Polr1c"
"Ormdl3","Dvl1","Fzd1"
"Serpina3g","Gbp11","Fbxo32"
"Acsl1","Vamp5","Msrb3"
"Col3a1","Zbp1","Pde4d"
"Rnf128","Ftl1","Kif3c"
"Hoxa7","Ank","Akap17b"
"8430430B14Rik","Dis3","Ippk"
"Mcm3","Fam3c","A930004D18Rik"
"ENSMUSG00000121494_9030619P08Rik","Bckdha","Rita1"
"Fam111a","Rpn1","Zcchc14"
"Mpc2","Srsf7","Gm5131"
"Atp5po","Gbp2b","B3gnt9"
"Hsdl2","Utp15","Glt8d1"
"Tkt","Uba7","Wdr35"
"Syn2","Pgs1","Avl9"
"Atp5f1d","Rexo2","Ces1a"
"Lrrc39","Gm26670","Epb41l4a"
"Ereg","Khk","Npdc1"
"Dpy19l1","Ifi35","Trp53bp2"
"Ndufc2","Tmem59","Med22"
"Dhrs9","Ifit1","Cyth1"
"Fdps","Pnkd","Cant1"
"Ampd3","Tnfrsf10b","C1qtnf6"
"Spp1","Ttc38","Arid4a"
"Fmc1","Heatr1","Vps35l"
"Prr13","Mest","Gusb"
"Pak1","Kctd2","Ppp2r5b"
"Tifa","Osr2","Gps2"
"Nfkb1","Usb1","Zxdc"
"Zfp703","Tgfbr3","Fhip1b"
"Slc44a1","Zbtb12","Capn5"
"Cdk6","3110082I17Rik","Clpb"
"Cers4","Samd9l","Mms19"
"Rbpj","Ssb","B230354K17Rik"
"Cisd1","Utrn","Larp4"
"Npm1","Ifit3","Mlf1"
"Dhrs4","Txnrd1","Gm57027"
"Clstn3","Slc12a7","Ezh1"
"Gramd1b","Slc25a29","Enpp2"
"Clic1","Adam8","Tfpi"
"Abca8a","Jade2","4833445I07Rik"
"Agpat3","Zfp367","Camk2g"
"Ar","Trmt61a","Agpat1"
"Klf6","Gcdh","Col27a1"
"Tnfrsf1b","Helz2","Tubb4b"
"Miga2","Bst2","Nrxn2"
"Ifi204","Cars1","D730045B01Rik"
"S1pr3","Rigi","Adamtsl5"
"2300009A05Rik","Cradd","Slc12a2"
"Car2","Mthfd1l","Masp1"
"Aamdc","Lsm11","Slc8b1"
"Uqcr11","Gdi1","Cacna1g"
"Tm4sf1","Rrp9","Znrf2"
"Ly6c1","Shq1","Rabac1"
"Cox6a1","Gm15987","Rtl5"
"Igfbp4","Irgm1","Gm14719"
"Rhob","H2-T22","Rufy2"
"Pex19","Klhl33","Gm15545"
"Mrap","Slc25a45","Cast"
"Pla2g6","Jpt1","Cnpy3"
"Dbi","Daxx","Tead2"
"Camkk2","Slc46a3","Rnf169"
"Atp5f1a","Ap4s1","Polr2j"
"Commd3","Bcl11b","Tango2"
"Tbx18","Dubr","Ngdn"
"Acad11","Gbp3","Ints6"
"Chsy1","Ogfr","Ift80"
"Tma16","Mcm7","Atp6v0a2"
"Fabp4","Uhrf1","Smap2"
"Flnb","Lmnb1","Plin3"
"Poln","Stat6","ENSMUSG00000121683"
"Acox1","Smim27","Ttyh2"
"Bach1","Ebna1bp2","Psmd12"
"Lpcat3","Ntpcr","Klf2"
"Aida","Gm48832","Sh3rf1"
"Echdc1","Usp25","Lamp1"
"Clu","Ripk3","Kansl1l"
"Cybb","Apex1","Gm32591"
"Il4ra","Katnbl1","Kdelr3"
"Camp","Gtpbp4","Gm37305"
"Slc25a44","Trim56","Tnfrsf22"
"Xrcc3","Snx7","Ripor1"
"Ephx2","Nol9","Matn4"
"Sh3pxd2a","Inpp5a","Evc2"
"Litaf","Sult2b1","Crybg1"
"Myd88","Daam2","Ptcd3"
"Tgoln1","Hectd2os","Cab39"
"Rnf11","Rfxank","Ppp2r2d"
"Ncoa1","Fkbp9","Cyp20a1"
"Stx11","Nphp1","Limk2"
"Tob1","Tubgcp4","Gm45495"
"Acod1","Mycl","Ogfrl1"
"Ltbp2","Isg15","Ryk"
"Atp5me","Aacs","Nbea"
"Blcap","1190005I06Rik","P2rx5"
"Rbms1","Wdr3","Morn4"
"Cx3cl1","Eif4e2","Mindy2"
"Slamf8","Gart","Iglon5"
"Ptrh1","Gpc1","Ccdc136"
"Cbr3","Rnf220","Lamtor3"
"Pcdh19","Sav1","Mapk8ip1"
"Hdhd3","Ddah1","Qrsl1"
"Nrg4","Cxcl10","Polr1d"
"2010003K11Rik","Gbp6","Vps37a"
"Ankrd28","Tm2d2","Phf13"
"Hadhb","Mblac2","Mrpl35"
"Grem1","Tmod3","Foxd2os"
"Wasf1","Gtpbp6","Tnxb"
"Tmem135","Ltbp3","Lgals3bp"
"Rarres2","Oasl2","Arsb"
"Copz1","Eif3b","Magi3"
"Ech1","Zbtb20","Prdx1"
"Atp2b1","St3gal4","Itga2b"
"Sdha","Ube2l6","Mpzl1"
"Ccl8","Clspn","Acvr1"
"Rab3a","Nod1","Scmh1"
"Irf2","Gask1b","Cltc"
"Ncl","Grb10","Camk2a"
"Tspan14","Galnt7","Fra10ac1"
"Mrpl34","Ccdc73","Fbxo34"
"Tgif1","9530082P21Rik","Gm15327"
"Klb","Ckap2l","Camta2"
"Dnajc2","Amy1","Dnase1l1"
"Dbt","Ddit4","Slc26a11"
"Smim19","Gtf2h1","Mrgpre"
"Sdc4","Sec14l1","Crtc3"
"Sod1","Utp18","Armc9"
"Myh9","Rpl27a","E430021H15Rik"
"Lias","Tbk1","Htatsf1"
"Tns1","Kif26b","Gtf2e2"
"Filip1l","Per2","Srp19"
"Spib","Mdn1","Slc4a1ap"
"Pgrmc2","Ppp1r11","Zbtb37"
"Zfp36","Sco2","Isoc2b"
"Slpi","Ifit3b","Sec24d"
"Etfdh","Mkx","Plekhh2"
"Rdx","Ttc17","Ube2g2"
"Ndufa11","St6galnac6","Bltp2"
"Tubb5","Rpf1","Pcdhga10"
"Exoc3l4","Fbxo2","Ubn1"
"Samhd1","Wnt4","Mrps27"
"Baiap2","Gar1","Det1"
"Pik3r5","Eif2s1","Crebl2"
"Hint2","Slc2a8","Srd5a3"
"Fmnl2","Twf1","Fbxw8"
"Il13ra1","Cct2","Bfar"
"Cd274","H2-T10","Lamp2"
"Lfng","Arpc1b","Psmg1"
"Slc15a3","Snapc5","Zfp251"
"Ginm1","Tjp2","Gm20544"
"Mapk6","Sox11","Atp2a3"
"Diaph2","Farsa","Serpinb8"
"Phactr1","Rab3gap2","Sft2d3"
"Ggta1","Ifih1","Arpc5l"
"Noc2l","Gm39213","Selenom"
"Mfng","G3bp1","Nckap5l"
"Sik2","Sh3bgrl","Borcs6"
"Klf7","Smyd1","Prcp"
"Cyld","Ctnnal1","Zfp995"
"Ifi202b","Otud4","Tmub1"
"Adamts7","Immp2l","Sirt2"
"Ndufv2","Atxn10","Sema3b"
"Atp5f1b","Abhd6","Vps13a"
"Tcf7l1","Tbcb","Snx2"
"Cox5a","Nom1","Shld3"
"Sting1","Ccdc85b","Sertad3"
"Prkaca","Nars1","Cep63"
"N4bp1","Nol12","Zfp820"
"Enah","Tk1","Hgsnat"
"Gpr84","Rrm2","Abca8b"
"Ndufa8","Osgin2","Dnal1"
"Ugcg","Tmed8","Plbd2"
"Uqcrc2","Izumo4","Bbs9"
"Csad","Wdtc1","Dock1"
"Aldh4a1","Lrp10","Itpkb"
"Pck1","Scarb2","Ly6a"
"Mdh2","Snx15","Atg10"
"Larp1b","Cd2ap","Fgd1"
"Adm","Tfap2a","Lef1"
"Prkar2b","Dhx15","Pacc1"
"Samm50","Heph","Nr1d2"
"Amotl1","Map2k1","Cers5"
"Slc25a3","Otud5","Golim4"
"Gna13","Zfp429","Rcn2"
"Sult1a1","Borcs7","Mapkap1"
"Map4k4","Arhgef12","Zfp280d"
"Atp1a1","4930412C18Rik","Ppard"
"Pdk2","Rrp15","Slc4a3"
"Gcnt2","Dctd","Ano10"
"Atp5f1c","Npr3","Ube2o"
"Gm38882","Hdgf","Efna1"
"Mif4gd","Ppp2r5d","Tfb2m"
"Evi5l","Id4","A930024E05Rik"
"Phlda1","Deaf1","Hmbs"
"Ccni","Gm56970","Hoxc13"
"Atpaf2","Dusp18","Gm4285"
"Sprr2d","Tcta","Poc5"
"Jpt2","Glrx","Pter"
"Ak2","Abhd17c","Senp7"
"Dolk","Ddx54","Rabgap1l"
"Id3","Itga11","Psmb7"
"Tuba1a","Nol8","Tpst2"
"Sh2b2","Arl4c","Cryl1"
"Pam","Nhp2","Snx24"
"Cxcl16","Nlrp2","Tent5b"
"Cox4i1","Pno1","Zdhhc24"
"Arhgap22","Klra6","Trabd"
"Entpd5","Gm12216","Riok2"
"Ndufc1","Gng2","Edrf1"
"C1ra","H2ac6","Cops6"
"Pfkfb1","Ptpre","Sp1"
"Rnf144a","Vcf1","Fastkd2"
"Lrrk1","Tm2d1","Carmn"
"Ak3","Zdhhc21","Noxo1"
"Oxct1","Rdh5","C330018A13Rik"
"Sgms2","Pop1","Chst14"
"Aco1","Stk10","ENSMUSG00000121653"
"Ung","Aldh2","Mia3"
"Enc1","Osgin1","Nudt1"
"Ubqln1","Asb6","Frk"
"ENSMUSG00000121484_Serpina3h","Stk4","Ddi2"
"Hagh","Fbln7","Eloc"
"Thra","Dcbld1","Stard9"
"Vegfc","Kctd17","Fxn"
"Dysf","Adk","Mdfi"
"Arpc2","Pdgfc","Cpe"
"A430018G15Rik","Psmd7","Rps19"
"Ogn","Ntn3","Eid2b"
"Phldb2","Arhgef9","Cep250"
"Dok1","Hsp90aa1","Pde12"
"Atraid","E2f3","Cops8"
"Ndufb6","Csnk2a2","Naga"
"Ndufa9","Vldlr","Dop1a"
"Gm19531","Shroom3","Lgals1"
"Zfp281","Timp4","Thbs1"
"Tgfbi","Exosc1","Mcts2"
"Irs2","Tex261","Ttc12"
"Uqcr10","Aff1","Galns"
"Sh3tc1","Nop14","Flii"
"Slc2a6","Lzts1","Pkd1"
"Rasl11a","Hivep2","Ccdc6"
"Gm19705","Nr2f1","Rbbp6"
"Cd47","Incenp","Mrps22"
"Pygl","Usp11","Ptgr1"
"Acot9","Pomgnt2","Fntb"
"Emc9","Ets1","Pced1b"
"Nfkbie","Il18bp","Mcat"
"Slfn2","Aga","Cep43"
"Pid1","Hoxa3","Snx30"
"Pex13","Gabpb1","Cd164"
"Ndufv3","Lin52","Gm56496"
"Bcar3","Ifi44","Ube2k"
"Stom","Cebpz","Jmjd7"
"Pum3","Parp10","Rnf38"
"Nat8l","4921531C22Rik","Cep89"
"Micos13","Gm56901","Prkar2a"
"Ppp1r3d","Gm10644","Ttc8"
"Specc1","Ggct","Bach2"
"Anp32b","Elk1","Rdh13"
"Wfdc17","Znfx1","Pcgf1"
"Col15a1","Lgals9","Copa"
"Hycc2","Sugct","Rhot1"
"Igsf3","Trim30a","Sugp1"
"Lonp2","Camk1g","Fcho2"
"Ctps1","Setd6","Elp6"
"Mbnl1","H3c4","ENSMUSG00000121485"
"Pdgfrl","Cdk5rap1","Nagk"
"Cxcl12","Itprip","Ciao2a"
"Tnc","Prxl2b","Pphln1-ps1"
"Pdxp","Pwp2","Usp35"
"Armcx4","Cmc4","Bcl7c"
"Fhl2","Gm49336","Trmt10c"
"Isca1","9330159M07Rik","Washc1"
"Ifitm3","Rad18","Lrch2"
"Apbb1","Msrb2","Pacsin2"
"Hells","Rab40b","Tfcp2"
"Zfp423","Mylk2","Gm6789"
"Plaat3","Gm57411","Usp8"
"Mrpl15","Pnpo","Zbtb8a"
"Pradc1","Acad10","Chm"
"Ppp2r5a","Prickle2","Dock5"
"Idh3b","Nxn","Ctr9"
"Myo18a","B9d2","Map2k4"
"Serpinb6a","Lrrc8b","Abt1"
"Cep162","Dbr1","Traf4"
"Acadvl","Iigp1c","Kdsr"
"S100a1","Cebpzos","Vamp4"
"Pfkm","Pnrc1","Arpp19"
"Ywhah","Cnih4","Wdr45"
"Ndufs2","Rassf2","Atp6v1g1"
"Reep5","Pacsin3","Zfp583"
"Mcee","Zfp451","Dtna"
"Ndufb2","Slfn8","Herpud2"
"Ptn","Usp1","Hook3"
"Pyurf","Tmbim4","Arsg"
"Acaa2","Gkap1","Kalrn"
"Rtl8b","Trim21","Tle4"
"Tead1","Nubp2","Platr25"
"Gas7","Rpa2","Osbpl10"
"Apln","Gng7","Calr3"
"Trip13","Gabarapl1","Cbr1b"
"Pmepa1","Malt1","Idua"
"Mc5r","Gm57352","Gatad1"
"Atp5mf","Ppp4r1","Rab11b"
"Il1rap","Tpmt","Stxbp5"
"Prkg2","Synrg","Fchsd2"
"Rgs16","Smarca1","Hspa12b"
"Vegfb","Tigd2","Dact3"
"Tmem106a","Use1","Supt20"
"Rnd1","Tmx4","Ppp1r12c"
"Slc5a6","Nck2","Gins1"
"Gtf2i","Ppm1k","Cnot7"
"Rnf150","Hectd3","Fchsd1"
"Gyg1","Max","Inpp1"
"Mtpn","Irx1","Plekha5"
"Plppr3","mt-Tl2","Arid4b"
"Qki","Melk","Add3"
"Cdc42ep2","Pla2g7","Fbxl3"
"Ch25h","Tax1bp1","2700062C07Rik"
"Vwa5a","Arhgap20","Tmem177"
"Ank3","Atp6v0d1","Arl6ip4"
"Myorg","Nlrc5","Cul7"
"Sucnr1","Xaf1","Gpsm2"
"Lrrc59","Calhm6","Kank3"
"Abcb1b","0610030E20Rik","Epc1"
"Cox5b","Prrg2","Brap"
"Gnl1","Arl8b","Ccdc181"
"Ypel5","Azin2","Cdkn1b"
"Hacd4","U2af2","1700113A16Rik"
"Hadha","Ulk2","2410006H16Rik"
"Clcn5","Psd3","Tipin"
"Slc39a11","B430319H21Rik","Nek8"
"Hmgb3","Cct6a","Hp1bp3"
"Prxl2a","Snrpd3","A330074K22Rik"
"Ttc39b","Srm","Chd9"
"Gbp7","Smn1","Rnf111"
"Mcph1","Wdr4","Mphosph6"
"Tmco4","Acvr2a","Ndn"
"Nipsnap2","Wdr12","Gm42815"
"Ifi207","Epb41l4b","Rbis"
"Cd14","Dmac2l","Depp1"
"Nus1","Adam19","Aqp1"
"Suclg1","4833419F23Rik","Dok4"
"Lce1g","Vkorc1","Uimc1"
"Bola2","Plekha2","Cul3"
"Tspan12","Rasal2","Zfp280b"
"Angptl8","Gja1","B230322F03Rik"
"Isca2","Arpc3","Slc25a12"
"Atl2","Tfpi2","Arl3"
"Epb41l3","Cxxc5","Tpm2"
"Fam20c","Fblim1","Gtf2ird1"
"Ube2h","Cdca7","Iqck"
"Rcn1","Kbtbd3","Ptprk"
"Hk1","Slc39a1","Ighmbp2"
"Egfr","Prkra","Onecut2"
"Il15ra","Actr1b","Mrpl39"
"Adam23","Vma21","2700097O09Rik"
"Il13ra2","Sf3b4","Ppp1r18"
"Psme2","Mcmbp","Dgka"
"Bag4","Tor1aip1","Mrps30"
"Cmbl","Gm12250","Rxrb"
"Gstm2","Foxc1","Entrep3"
"Mndal","Asgr2","Acap3"
"Wdr6","Dhx38","Hsd17b11"
"Vsir","Asrgl1","Gm45338"
"Acot7","Rfc1","6720427I07Rik"
"Peak1","Nme4","Bag3"
"Celf2","Apoe","Sipa1"
"Derl1","Txnl4b","Mtg2"
"Rab11a","Wdr27","Alkbh4"
"H4c9","Foxm1","Rabggtb"
"Hddc3","Dcaf13","Zscan21"
"Cox8b","Grina","Pdik1l"
"Dyrk2","Wdr55","Itpripl1"
"Mgst3","Zfp456","Lsm14a"
"Cyp2f2","Polr1a","Tusc3"
"Cpped1","Ptk2","Mbd3"
"Xpo5","Apol10b","Tmem19"
"Actb","Gm19412","Afg3l1"
"Nol10","Gas2","Ankrd9"
"Daam1","Camsap3","Suv39h2"
"Ptpn14","Cnr1","Apeh"
"Tor3a","Entpd6","Scn2a"
"Cyp7b1","Helz","Gm15441"
"4930458D05Rik","Tardbp","Mars2"
"Lbp","Mn1","Nudt16"
"Etfrf1","Clptm1l","Inpp4a"
"Pank1","Zfp810","Dusp15"
"Adcy6","Bmi1","Gli3"
"Mccc2","Chrd","Tm9sf1"
"Fnta","Grk6","Mertk"
"Tmem182","Rab21","Tigar"
"Sp3os","Stk39","E2f1"
"Plpp6","Creb3l1","4933431E20Rik"
"Abhd5","Snrpb2","Yif1b"
"Rmdn3","Cenph","Dvl2"
"Gm31305","Nop9","2310011J03Rik"
"Alas1","Sardh","Zfp442"
"Spg21","Tada2a","Sec31a"
"Runx1t1","Pitpna","Dnajc11"
"Cabin1","Ctdsp1","Irf3"
"4931408D14Rik","Med15","Pogz"
"Igsf8","Vamp2","Pcdhga6"
"Hmgcs1","Ntmt1","Syne1"
"Pam16","Chaf1b","Zfp74"
"Actr3","2010204K13Rik","2900052L18Rik"
"Aldh9a1","Ctps2","Map9"
"Gadd45b","Lyrm9","Exosc4"
"Ces1d","Rcc1l","Sirt7"
"Echdc3","Lgals8","Cd109"
"Kdm6b","Epb41l5","Sorbs3"
"Adissp","Rrad","Hspa9"
"Pccb","Kazald1","Tmem259"
"Myof","Abcc10","Gpr135"
"Arhgef17","Zfhx4","Atp11b"
"Eea1","Rcc1","Nme7"
"Il1rl2","Chst8","Smim12"
"5031439G07Rik","Taf9b","Hhat"
"Rnf149","Tpx2","ENSMUSG00000121780"
"Dnajc15","Mrpl52","Unc5c"
"C030006K11Rik","Aldh5a1","Gm6451"
"Tmem242","Cgref1","Ints4"
"Ucp2","Ppp6r1","Ppp1r10"
"Zfp36l1","Fbxo31","A930033H14Rik"
"Slc27a1","Rars1","Calm3"
"Spry2","Hspbp1","Exoc7"
"Mfsd1","Mkrn2","Raly"
"Uqcrq","Xlr3a","Mtif3"
"Aqp3","Adcy9","Gm42979"
"Hspa4l","Gngt2","Tlr6"
"Ndufv1","Cdk18","Shkbp1"
"Rgl1","Aktip","Nsun4"
"Cs","Glis1","Cops5"
"Iqsec1","Akr1b8","Dazap1"
"Fbxo9","Tmem80","Bnc2"
"Nampt","Sphk1","Ccdc69"
"Ivns1abp","Wdr75","Gm48909"
"Sparcl1","Lsm2","Wwp2"
"Tmem143","Arhgap11a","Baz2a"
"Phip","Rdm1","Slc25a14"
"Sf3b3","Dhx9","Dcp1b"
"Agfg2","Abl2","Gm7859"
"Serpina3f","Srrt","Inpp5k"
"Gm33841","Smarcc2","St7"
"Cyp51","Birc5","Prune2"
"Runx1","ENSMUSG00000121808","Ormdl2"
"Ip6k3","Katnal1","C130013H08Rik"
"Bag1","Aatf","Arl6ip6"
"Ndufa3","Rai1","Tbc1d2"
"Slc18b1","Gk5","Rufy1"
"Itga6","Cstf2","Tmcc2"
"Zfp593","Zfp512b","Bbs5"
"Mcm6","Rpusd3","Scarna17"
"Map4","Inafm1","Zfp282"
"Tubb2b","Tmem43","B930046K06Rik"
"Tnfaip1","Rrp12","Tecpr1"
"Socs5","Galnt2","Csrp2"
"Ndufa6","Shox2","Ankzf1"
"Dtx2","Dusp3","Slc38a4"
"Pros1","Gprc5a","Timm8a1"
"Rai14","Gm28050","Jtb"
"Map1a","Ankrd37","Abca7"
"Sgpp1","Mx2","Ephb4"
"Gsta4","Pou2af3","Nbas"
"Gm26881","Tcerg1","Tprn"
"Ugp2","Pcmtd2","Gm57238"
"4931406C07Rik","Utp3","Enox2"
"Pinx1","Lxn","Ankrd50"
"Reep6","Xylt2","Afdn"
"Cox6b1","Rusc2","Meis3"
"Emp1","Scrn1","Fbxl8"
"Pwwp3a","Eif2s2","BC025920"
"Adam12","Adar","Pced1a"
"Mrpl12","Dhtkd1","Cfap418"
"Cyb5b","Tnnt2","Ganab"
"Nudt18","Mtbp","Pfkp"
"Dnajc4","Fpgt","Phf1"
"Dcp2","Rtp4","Setbp1"
"Fdft1","Cops9","Sarnp"
"Aldh3b2","A530072M11Rik","Tgs1"
"Slc8a1","Slc43a1","Glud1"
"H4c8","Ints10","Zfp207"
"Inhba","Lrrc20","Drg2"
"Surf4","Arhgap23","Bicd2"
"Tgfb2","Gm47071","Zfp266"
"Slc25a37","Taf4b","Camk2d"
"2310010J17Rik","Plaa","Gm10575"
"Gm5617","Araf","Erp29"
"Pts","Mir5136","Tmem186"
"Elk3","Rab8b","Tob2"
"Chchd2","Ccbe1","Atat1"
"Plscr1","Snord13","BC037704"
"Abcc5","Pgap1","Klf9"
"Parvb","Ralgps2","Gm57402"
"Ndufs3","Vmac","Gm57315"
"Sfr1","Ptprs","Zbtb18"
"Ptgir","Eed","Gm19248"
"4930511E03Rik","Aqp2","Tead3"
"Lipa","Acsf3","Gm45380"
"Lrrc42","Kif13b","Plcl1"
"Ndufb3","Ptgs2os2","Pias3"
"Emp3","Card10","Bbs1"
"Col18a1","Gins2","Kif21b"
"Chpt1","Ttll7","Tmem198b"
"Icosl","Tspan9","Dus2"
"Nasp","Mbd1","Spaca6"
"Cd59a","Sptssa","Pitpnb"
"Uqcrb","R3hdm4","C130036L24Rik"
"Ccl5","Anln","Zfp111"
"Lgals3","Gm43413","Nudt14"
"Gm56936","Nudcd1","Tsr3"
"Lrrc8c","Vcl","Usp4"
"Gm5460","Siah1b","Cd320"
"Pfkfb3","Arglu1","Mex3a"
"Bcl10","Kat2b","Ctnnd1"
"Tle5","Mettl13","Pdzd4"
"Cacng7","Ercc3","Msx1"
"Rassf6","Calcoco1","Gm11940"
"Mrpl53","Gm15408","Rps6ka1"
"Clmp","Gpr176","Gpbp1l1"
"Soat1","Rnf103","Zdhhc5"
"Ndufa10","Ywhaz","Tmem209"
"Mrps26","Recql4","Ears2"
"Mafk","Anxa7","Map1b"
"Abtb1","Zc3h15","Prdm9"
"Nqo1","Sat2","Akirin1"
"Acat2","Gm48771","Rwdd2a"
"Smarcc1","Anapc13","Phf10"
"Cacnb3","Carf","Mettl3"
"Serpine1","Ncapg","Gm9828"
"Smim26","Actn4","Ttc39aos1"
"Slc25a16","Mprip","Dnttip1"
"Ndufa13","Rin3","Bambi"
"Nadk","Lsm12","Zfp688"
"Sh3bgrl3","Abracl","Nup88"
"Hs6st1","Gm42788","Hspb6"
"Ankef1","Mpeg1","Bmpr2"
"Slc25a23","Tdrd7","Ift27"
"Mtch2","Sap30","Nudcd2"
"Bmp2k","Nusap1","Tubgcp2"
"H2bc6","Nlrx1","Etfbkmt"
"Glul","Eif1ax","Slc20a2"
"Adgrg1","Slc6a9","Cab39l"
"Mmab","Ccnl1","Fermt2"
"Riok3","Nup155","Nktr"
"Ptpn2","Creld2","Mideas"
"Tmem65","Arih1","6430548M08Rik"
"Ndufb5","Gabarap","Mfsd13a"
"Kcna4","Bop1","Adgrg6"
"Gbp5","Dusp12","Gm20186"
"Slc1a5","Tmem14a","Snx32"
"Spata6l","Fbxo3","Cln6"
"Higd2a","Igf2bp1","K230015D01Rik"
"Antxr1","Iars1","Loxl3"
"Slk","Map2","Lcmt2"
"Dlg4","Ptbp1","Bloc1s4"
"Gem","Zmat1","Sema4a"
"Slc25a30","Carm1","Naa40"
"Chchd3","Eya1","Fbxo10"
"Pdp2","Camsap1","Zfp638"
"Mdfic","Rps15a","Rnf2"
"Rprml","Ppic","Eml2"
"Plin4","Fnip1","Nek9"
"Oit3","Eif2b5","Arhgap33"
"Grhl1","Atf1","Cdk19"
"Gla","Slc10a3","Zfp26"
"Ptpa","Klhl22","Chml"
"Fosl2","Ncln","Chmp3"
"Agfg1","Gne","Arih2"
"Cox6c","Eif2ak2","Kctd9"
"Aldoa","Tab3","Jdp2"
"Cdca4","Hikeshi","Ubfd1"
"Ppfia1","Polr3h","Crtc2"
"Fzd2","Itgb3bp","Rbm4"
"Endog","Zmpste24","Psmb6"
"Sgta","Ppef1","Med27"
"Gm35853","Sft2d2","Naa30"
"Cnnm2","Trappc1","Csnk1e"
"Napepld","Rtn4","Psmb1"
"Ttc39c","Snhg17","Tril"
"Rnf19b","Plpp3","Uxt"
"Gm10687","Heatr6","Pdss2"
"Gm45187","Pdia3","Gm44292"
"1700096K18Rik","Notch3","Usp27x"
"Mmp14","Oas2","Grik5"
"Pkp4","Rgs19","Rpgrip1l"
"Aprt","Ldlr","Dock7"
"Cd276","2610008E11Rik","Rab11fip1"
"Hdhd2","Otx1","Dclk2"
"Adgrg2","Rogdi","Hps1"
"H1f0","Epc2","Pgap6"
"Ifi203","Pomp","Mphosph9"
"Pex14","Sod3","Ube4b"
"Frmd8","Arl6ip5","Zfp316"
"Lrg1","Xpo1","Mrpl16"
"Grk5","Ddx6","Rpe"
"Flot1","Jund","Txndc16"
"Vat1","Ak6","Glrx3"
"Lrrfip1","Kirrel1","Sppl3"
"Cycs","Kifbp","Dennd4c"
"Tbc1d2b","Gm9347","Gm57465"
"Zbtb7b","Snu13","Pmpca"
"Scrn3","ENSMUSG00000121658","Mef2a"
"Cox20","Nptn","Cdkn1a"
"Acy3","Metrnl","Dnajc5"
"Wdr5","Haus3","Hnrnpl"
"Slc4a7","Efna2","Zfp9"
"Psat1","Slc22a4","Lcor"
"Dglucy","Mzt2","St7l"
"Sh2d3c","Enkd1","Arvcf"
"Ogdh","Dap","Cask"
"A430046D13Rik","Surf1","Urb1"
"Ywhag","Snhg15","ENSMUSG00000121883"
"Rad50","Ap2a1","Erp44"
"Atl3","Flywch2","L3mbtl3"
"Coq5","Stn1","Usp54"
"Slc12a4","Zfand1","Magi2"
"Cebpd","H2az2","Usp46"
"Zrsr2","Alg8","Faap20"
"Ephb3","Parp11","BC005624"
"Ptprm","Elmo2","Ttll5"
"Mrpl18","Rgma","Chchd5"
"Nr2c2ap","Adamts10","Dtd1"
"Tpbg","Cetn3","Mrpl24"
"Dusp5","Ybx1","Csgalnact1"
"Itga7","Hdac5","Arfip2"
"Pls3","Kifc2","Dad1"
"Mcl1","Gm9908","Rabep2"
"Dtx4","Ldb1","Smyd2"
"Slc25a22","Nol11","Scai"
"Uqcrfs1","Klra5","Haghl"
"Cdip1","Gfod1","Synj1"
"Orm1","Erlin2","Selenos"
"Amigo2","Cenps","Chd8"
"Mgst1","Myh11","Marcksl1"
"Micall2","Tchp","Pigw"
"Aig1","Sec61a1","Gm7160"
"Cyp4f17","Gm15050","Zfp874b"
"Dot1l","ENSMUSG00000117869_Snhg4","Rab24"
"Gm15411","Pcdh1","Gcc1"
"Rffl","Hyou1","Ubr5"
"Lox","Slc25a4","Ccdc107"
"Plekhf1","Lemd2","Jam3"
"Ifi47","Gtpbp8","Xrcc4"
"Camk1","Syngr1","Mars1"
"Saa1","Pfn1","Lsm3"
"Ndufb11","Txndc12","Pign"
"Utp20","Slx9","Proser1"
"Polr3gl","Riox1","R3hdm2"
"Ankfy1","Tmem220","Plekho1"
"Tmem276","BC051226","Syncrip"
"Pcyt2","Maco1","Pnpla7"
"Sfxn3","Plekhh3","Rab13"
"Uck2","Pepd","Zfp41"
"Ktn1","Ube2z","Pgm3"
"Gm26588","Pola2","Ndst2"
"Ipo5","Mfap1a","Ccar1"
"Inf2","Nmt2","Pdss1"
"Palm","Ctu2","F8a"
"Tmem119","Gm31718","Adam9"
"Dock11","Gna11","Tctn3"
"Fnbp1l","Sema5a","Cfap210"
"Slc15a4","Rtcb","Zfp277"
"Cad","Lypla2","Spef1"
"Vasn","Gm15972","Trip12"
"Tspan3","Rfc3","Ppp1r16a"
"Mgll","Btaf1","Cc2d1a"
"Dhcr24","Rfc5","Atxn2"
"Auh","St3gal3","Nol7"
"Uqcc1","Rpl13","Ghr"
"Mrps35","Ranbp9","Zfp410"
"Chmp4b","Gm57137","Phykpl"
"Hmgn3","Npm3","Mmp24os1"
"Idh3g","Hcfc1r1","Plekhb2"
"Podn","Lrrc57","Arf1"
"Lmbr1","Fndc10","Gm56053"
"Fsd2","Rnft2","Slc35a1"
"Mast2","Snrpa1","Poli"
"A930005H10Rik","Golga2","Scamp3"
"Dlst","Galk1","Herpud1"
"Sppl2a","1010001B22Rik","Rbmx"
"Ubac1","Tgfbr1","Ctdnep1"
"Slc25a11","AI506816","Lmf2"
"S100a13","Rpl22","Zfp512"
"Pdha1","Usp18","Tepsin"
"6330409D20Rik","Creb1","Lmbrd1"
"Igf1r","Rdh10","Nfil3"
"Edem1","Ccng1","Pwwp2b"
"Gm31814","Enoph1","Cdr2l"
"Adora2b","Nme6","Stxbp4"
"Megf9","Tsc2","Clcn3"
"Coq8a","Thap11","Atf7"
"Rasl12","Tmem106c","Kdm3a"
"Ppp3ca","Tmem64","Cbfa2t2"
"Zfp36l2","A930015D03Rik","Ilrun"
"Pcca","Gm20559","Agap3"
"Stambpl1","Ncs1","Gpank1"
"Lig1","Utp11","Upf2"
"Apbb1ip","Rel","Tab1"
"Ndufa7","Stx7","Myl12b"
"Slc29a1","Dand5","Tmem87a"
"Plin2","Aqr","Poglut2"
"Flrt2","Tor1aip2","Pon2"
"Romo1","Chrna1os","Mark2"
"Acsl3","Gm42743","Coa6"
"Adamts4","Clec2d","Nsd3"
"Tecr","Ankrd44","Malat1"
"Pbdc1","Cib1","Vangl2"
"Sparc","1110065P20Rik","Zfyve19"
"Gm31070","Mfap1b","Mapk14"
"Agrn","Ttc3","Erc1"
"Ptpn1","Rpl14","Psmd1"
"Sri","Donson","Lsm10"
"Rhoj","Kctd6","Msto1"
"Ifi211","Rad9b","Dnm2"
"Gcsh","Prmt3","Pgls"
"Ebf1","Nfyb","LTO1"
"Lppos","Gtf2f2","Fhl3"
"Stard7","Scap","Dars1"
"Greb1","Dnajb6","Rb1cc1"
"Cmtm4","Plscr4","Slc38a6"
"Hbegf","Dnttip2","Cert1"
"Plekha3","4833439L19Rik","Stx5a"
"Avpi1","9130008F23Rik","Ppm1f"
"ENSMUSG00000109903_Cdhr17","Atxn3","1300002E11Rik"
"Aph1b","Cox16","Rcbtb1"
"Mtap","Cdc37","Rbl1"
"Glrx5","Wdr77","Tmbim6"
"Zfp503","Smyd5","Mapk8"
"Rcbtb2","Rad9a","Rbm15"
"Mfsd10","Rpf2","Rmdn2"
"Anxa3","Senp5","Rpl11"
"Bin1","Dleu2","Sec13"
"Zc3hav1","Slc35b1","Zzef1"
"4933412E12Rik","3110045C21Rik","Tspyl2"
"Immp1l","Orc1","Gmps"
"Efhd2","Rap2b","Ddx3x"
"Slc22a23","Fam234a","Emc2"
"Phc2","Wdr74","Tstd2"
"H3c15","Rnmt","Zfp358"
"Opa1","Patl1","Slirp"
"Dsel","Anp32a","Efnb1"
"Uqcrc1","Dnaja1","Zfyve9"
"Bcr","Katna1","Armc6"
"Nln","Map3k4","Ccdc191"
"Tyk2","Man1a","Ift172"
"Hoxa2","Tanc2","Fam199x"
"Ehd2","Psmd2","Rbm14"
"Fam83a","Macir","Atg14"
"Col11a1","Eif4a1","P3h4"
"Snx8","Gm11205","Emilin1"
"Sae1","Tmem141","Drosha"
"Prr5","Gm12762","Ecd"
"Arpc5","Trim25","Clcc1"
"Ddx10","Plk4","Tada3"
"Tmem185a","Fxyd5","Mrpl19"
"Nt5c","Abce1","Itgb1bp1"
"Cd74","Arpin","Xrcc1"
"Eml1","Cfap298","Tmed2"
"Arid5b","Upp2","Rab6a"
"Cmc2","Cpsf4","Ddx24"
"Fam117a","Gm36738","Kif16b"
"Marchf6","Eif3d","Stk11"
"Map3k1","Sertad1","Eif3j2"
"Cry2","Usp3","Rad17"
"Syde1","Peg3","Cenatac"
"Tmem126b","Mir99ahg","Foxn2"
"Pink1","Esf1","Cttn"
"Tnk2","Bphl","Mrpl21"
"Dnajb9","Rp9","Tcf25"
"Qdpr","Pten","Rhobtb2"
"Mfsd4b1","Aimp1","Tbck"
"Sdhaf4","H2af-ps2","Amer1"
"Gdf5","Pkm","Chic2"
"Ptma","Zhx3","Pip5k1c"
"Morc3","G630016G05Rik","Wnk1"
"Srpx2","Gm39228","Arf4"
"Aifm2","Atp13a1","Hgs"
"Slc20a1","Iffo2","Ptp4a2"
"Igsf6","Mad2l1","Arb2a"
"Ndufb7","Upf1","Eya3"
"Dst","Fam8a1","C4b"
"Ptpn4","Keap1","Ddx51"
"Zfp979","Rap1gds1","Kmt2c"
"Snhg18","Mark1","Pin1"
"C1s1","Atg4a","Eid1"
"Slfn9","Phlpp2","Zfand3"
"Igsf9","Tcea1","Rabep1"
"Tnfaip6","Cables1","Gata6"
"Sp140","Gm44950","Fbln2"
"Hk2","Sgce","Cblb"
"Unc93b1","Spred2","Ddx47"
"Cst3","Ccz1","Polr2c"
"Hoxa4","Arf5","Txnl1"
"Atp5mj","Sin3a","Man2b1"
"Sdhd","5930430L01Rik","Timm29"
"Rtn3","Jam2","Vps16"
"Rin1","Epha2","Rhbdf1"
"Cstf2t","Sntb2","Prrc2b"
"Kyat1","Pknox1","Pcbp1"
"Mcm5","Sat1","Cwc15"
"Sucla2","Ttc23","Sumf1"
"Ndst1","Gm13166","Vapb"
"Ucp3","Pwp1","Nlk"
"Lbh","Rab12","Fam50a"
"Ikbkb","Pex7","Tsc1"
"H2-T23","Mrto4","Hspg2"
"Hsp90ab1","Fam161a","Ufsp2"
"Rasgef1b","Bahcc1","Josd1"
"Ndufa4","Lamtor4","Abhd4"
"Bloc1s6","Map2k5","Adamts2"
"C1galt1","Casd1","Ap3d1"
"Trp53cor1","Ctnnb1","Rbfa"
"Trmt6","Wbp1l","Akap7"
"Hacl1","Rps5","Ubn2"
"Wnt5a","Cep83os","Ppp1r15a"
"Tmem63a","Arfgap2","Itpa"
"Srebf1","2010004M13Rik","Tcf12"
"Hnrnpdl","Axin1","Nup50"
"Pdk1","Flot2","Ythdf3"
"Acads","Tmem50a","Xpot"
"Tmem37","Sgo1","Zswim8"
"Cited2","Snx27","Mgat1"
"Tmem216","Ubr3","Uba5"
"Ankrd40","Lamtor1","Ergic3"
"Hmox2","Fignl1","Ost4"
"Col5a3","Rsl1","Otud6b"
"Oxld1","Slc66a2","Pdxdc1"
"Tmem88b","Plcb4","Mrfap1"
"Flna","Slc25a28","Psmb3"
"Slc39a6","Exoc5","Slc25a17"
"Il1r1","Dap3","Pfdn1"
"Nopchap1","Dars2","Dusp11"
"Tsc22d1","Gm50431","Brd2"
"Dhcr7","Col16a1","Vps26a"
"Plxna1","Rad23b","Snw1"
"Mlycd","Tmed4","Plod3"
"Gys1","Wdr46","Ebp"
"Gsdmd","Macrod2","Sf1"
"Gatd3a","Tsen34","Xiap"
"Pkd2","Gtf2a2","Fkbp4"
"Ndufs6","Dab2ip","Zfp106"
"Renbp","Cgrrf1",NA
"Klhl7","Nuak1",NA
"Tinagl1","Gm11520",NA
"Thbd","Ube2r2",NA
"Mfsd8","Pes1",NA
"Appl2","Ascc1",NA
"Iqgap1","Cpt1a",NA
"Ell2","Iqgap3",NA
"Mrpl20","Palld",NA
"Top2a","Nfya",NA
"Rab29","Galm",NA
"Rilpl2","Ei24",NA
"Rab31","Fundc1",NA
"Clmn","Dnajc25",NA
"Mapk11","H1f4",NA
"Gm15551","Mmp19",NA
"Rbp1","Zkscan17",NA
"Timm17a","Nme3",NA
"Acaca","Zcchc4",NA
"St6gal1","Heatr5b",NA
"Bax","Hic1",NA
"Klhl2","Celf1",NA
"Tshr","Npr2",NA
"Ndufa2","Gm20522",NA
"Col6a1","Gm50240",NA
"Dusp7","Prmt7",NA
"Cox7a1","Fkbp10",NA
"Cgnl1","Pycr3",NA
"H2-D1","Dhx58",NA
"Cxcl9","Erdr1y",NA
"Kank1","Bub1",NA
"Fkbp11","Gm19426",NA
"Prdx3","Ppp4r3a",NA
"Fer","Pclaf",NA
"Naa60","Nup107",NA
"Eri1","Rad21",NA
"Agtrap","Isg20",NA
"Pdzk1","Prc1",NA
"Hdac7","Mgat4b",NA
"Sqle","Tmem41a",NA
"Pomt1","Metap1d",NA
"Ado","Fip1l1",NA
"Ndufs8","Sgsm2",NA
"Vdac1","Abcf2",NA
"Fndc3b","Rcc2",NA
"Cdk4","Ccdc62",NA
"Gzf1","Mta3",NA
"Mgst2","Gpr149",NA
"Itsn1","Mettl8",NA
"Trappc2b","Abcd1",NA
"Smc2","Ifnar1",NA
"Isoc1","1600020E01Rik",NA
"Cd99l2","Otud3",NA
"Dcn","Gm28438",NA
"Cd68","Myc",NA
"Prps1","Sptlc1",NA
"Cttnbp2nl","Crlf3",NA
"Abcb8","Ruvbl1",NA
"Atp10a","Rrp8",NA
"Poldip2","Ostc",NA
"1700020L24Rik","Dusp23",NA
"Agbl3","Nxt1",NA
"Papss2","Ap5m1",NA
"Tns3","Hnrnpr",NA
"Fh1","Hoxaas3",NA
"Cbx8","Cenpj",NA
"Ttc28","Nit1",NA
"Emc3","Vps54",NA
"Tspan4","2810408I11Rik",NA
"Slc66a3","Rufy4",NA
"Zyx","Rbms2",NA
"Slco2a1","Setd5",NA
"Mcc","Ccnd1",NA
"Plscr2","Cmtm6",NA
"Prkx","Ctla2a",NA
"Gde1","Rpl38",NA
"Rad51d","Cse1l",NA
"Rif1","Ppp1r14b",NA
"Rnf115","Ccnyl1",NA
"Foxo1","Ap1m1",NA
"Atm","Nectin1",NA
"Snrpn","Ercc6l",NA
"Natd1","Aldh3a2",NA
"Tmem243","Fbxo21",NA
"Gls","Gfpt2",NA
"Atad2","Krba1",NA
"Pdlim1","Sart3",NA
"Arhgap29","Ptges3",NA
"Taok3","N4bp3",NA
"Cep83","Bcl2l11",NA
"Rnf144b","Snrpb",NA
"Cyp2u1","Zc3h7a",NA
"Syap1","Sdf4",NA
"Pip5k1a","Tirap",NA
"Slit2","Dcaf12",NA
"Adamts5","Gm20492",NA
"Dld","Nol3",NA
"Lrch1","Nisch",NA
"Lnx2","Zfr",NA
"Sgk1","Fpgs",NA
"Tcof1","Zbtb41",NA
"H1f3","Rad51ap1",NA
"Ddr2","Snx11",NA
"Cilp2","Sdcbp",NA
"Tnfrsf9","Fam53a",NA
"Zc3h12a","Wdr5b",NA
"Adamtsl4","Cldn12",NA
"Rreb1","Aox1",NA
"Hlx","Cyb5d2",NA
"Plat","Purb",NA
"Aftph","Cpeb4",NA
"Myh10","Tlcd3a",NA
"Bpnt1","4933406I18Rik",NA
"Por","Ydjc",NA
"Saa2","Morf4l2",NA
"Trpt1","Hmgb2",NA
"Gm14221","Lrif1",NA
"Spdl1","Ikbip",NA
"Gm43672","Mrps15",NA
"Erf","Exo1",NA
"Apobec3","Pias1",NA
"Ehd4","Gm20707",NA
"Agpat4","Smco4",NA
"Mavs","Rab14",NA
"Sulf2","Snrpd2",NA
"Pdpk1","Ssh2",NA
"Nudt7","A230072C01Rik",NA
"Tefm","Dynlt3",NA
"Zbtb11os1","Gm56860",NA
"Nsd2","Lage3",NA
"Cd82","Aurkaip1",NA
"Gchfr","Thg1l",NA
"Rnf213","Zbtb7a",NA
"Vapa","Nicn1",NA
"Negr1","Usp33",NA
"Olfml3","Sec22c",NA
"Slc10a6","Stk24",NA
"Mapre2","Rab30",NA
"Ric8b","Clasp1",NA
"Orai2","Procr",NA
"Tnfrsf23","Alpk1",NA
"Nnmt","Pxylp1",NA
"Parl","Ttll4",NA
"Hivep1","Snora57",NA
"Srgap2","Rbm17",NA
"Pwwp3b","Tsnax",NA
"Zbed6","Dnm3os",NA
"Nrbp2","Mblac1",NA
"Frmd6","Tanc1",NA
"Coq6","Utp4",NA
"Uqcc5","Ubqln4",NA
"BC049987","Psd",NA
"Map3k8","Npy1r",NA
"Zkscan3","Strbp",NA
"Mbd6","Icam5",NA
"Uhrf2","Osbpl8",NA
"Chd3","Galnt11",NA
"Dync1i2","2510002D24Rik",NA
"Eef1akmt4","Rny1",NA
"Txndc15","Selenoh",NA
"Rb1","Slc25a35",NA
"Pik3r1","Exosc8",NA
"Atf3","Ifit1bl2",NA
"Acvrl1","Sgo2a",NA
"Clec14a","Rac1",NA
"Dynlt2b","Rrbp1",NA
"Srr","Fig4",NA
"Pde4dip","Herc3",NA
"Grpel1","Mtrf1",NA
"ENSMUSG00000121347_Gm2011","9530062K07Rik",NA
"Sdf2l1","Mpv17",NA
"Flacc1","Desi1",NA
"Topaz1","Mov10",NA
"Tmeff1","Gpx8",NA
"Pitpnm2","Rhou",NA
"Copz2","Gm45051",NA
"Tbrg1","Sumo3",NA
"Fads3","Zeb2",NA
"Mcm4","Elp1",NA
"Slc41a2","Lamtor2",NA
"Nfe2l2","Gm9892",NA
"Angptl2","Zdhhc1",NA
"Zfp768","E2f4",NA
"Eda2r","Gm13594",NA
"Pold2","Hspa4",NA
"Prrc2c","Isg20l2",NA
"Frrs1","Rnf14",NA
"Mcu","Tmem98",NA
"Cox7a2l","Senp1",NA
"Pdgfra","Unc45a",NA
"Dhrs7b","Urm1",NA
"Gm42067","Pgm2",NA
"Cep20","Atr",NA
"Zbtb38","Trim65",NA
"Ldhb-ps","Cyb5r3",NA
"Asb1","AI480526",NA
"Jun","Esyt2",NA
"Lmna","Hsp90b1",NA
"Kif20b","Dnajb11",NA
"Rab7b","Fam161b",NA
"C1rb","Adgrl1",NA
"Nipsnap1","Psmd3",NA
"Sys1","Txnrd2",NA
"Acad8","Gm20632",NA
"Mapkapk2","Mrps21",NA
"Dpt","Nae1",NA
"Shpk","Iqcc",NA
"Lama5","Gm43703",NA
"Mrpl42","Stambp",NA
"Plxnd1","Meis1",NA
"Inhbb","Parva",NA
"Ahnak2","Fnbp4",NA
"Slc30a4","Nynrin",NA
"Chrdl1","Zfp984",NA
"Ccdc93","Aif1l",NA
"Akt3","Clip2",NA
"Rnf114","Gmeb1",NA
"Smim11","Wsb2",NA
"Cdc42ep5","Ntn1",NA
"Parp8","Has2",NA
"Slc25a5","Hsf1",NA
"Traf5","Rpa3",NA
"Adhfe1","Smg1",NA
"Col1a1","Golga5",NA
"Lmo4","Dynlrb1",NA
"Il33","Ndufs5",NA
"Angptl1","Tceal1",NA
"Sbk1","Pole2",NA
"Dek","Tnfsf9",NA
"Lnpep","Rps10",NA
"Rgmb","Ppm1l",NA
"2310061I04Rik","Clk1",NA
"Ahr","Smg5",NA
"Ppargc1a","Spop",NA
"Pnp","Cnot9",NA
"Il6","Rab5c",NA
"Gm56945","Ajuba",NA
"Borcs5","S1pr1",NA
"Nos3","Snrnp40",NA
"Ppp1r15b","Setdb1",NA
"Abcb9","Rnf170",NA
"Epm2aip1","Marf1",NA
"Fibin","Mthfsl",NA
"Pebp1","Spata2l",NA
"Tgfb1","Zranb2",NA
"Gamt","Rmnd5b",NA
"Slc30a9","Gdi2",NA
"Hs6st2","Gm56688",NA
"Atp5f1e","Chd5",NA
"Tomm40","Napa",NA
"Vps37c","Rnaset2b",NA
"Tbc1d10a","Twist2",NA
"Rbm4b","Szrd1",NA
"Idh2","Chtop",NA
"Elmod3","Fzd5",NA
"Sema3g","Slc35b3",NA
"Cdc34","Cit",NA
"Sycp2","Tbc1d24",NA
"Rbm43","Rusc1",NA
"Ahcyl2","M6pr",NA
"Gpx1","Gsto2",NA
"Egln3","2810001G20Rik",NA
"Inafm2","Pigx",NA
"Pgm1","Chmp6",NA
"Pigyl","Qsox2",NA
"Cdt1","Ccm2",NA
"Abhd14b","AU040320",NA
"Serhl","Eif5",NA
"Jcad","Cotl1",NA
"Mospd3","Hcfc2",NA
"Kxd1","Ctdspl2",NA
"Mpdz","Rmc1",NA
"Cyren","Smc5",NA
"Sltm","Gm26797",NA
"Timm21","Serping1",NA
"Rab11bos1","Kctd5",NA
"Chd1","Gpd1l",NA
"Dusp22","Gm9922",NA
"Pcbp4","Arpc1a",NA
"Mrps16","Paf1",NA
"Brd4","Cand2",NA
"Ppp1r3b","Clic4",NA
"Sh3bp2","Lrrc1",NA
"Mturn","Mlxipl",NA
"Bloc1s1","Firrm",NA
"Cimap1c","Mink1",NA
"Hexim2","Trappc14",NA
"Ddx60","Hnrnph3",NA
"Gm39121","Dhfr",NA
"Slc45a4","Asf1b",NA
"Ctsc","Prox2",NA
"Ifit2","Suv39h1",NA
"Bcl6","Gmcl1",NA
"Mosmo","Rhoa",NA
"Dnmt1","Zfp219",NA
"Hip1","Habp4",NA
"Mapkapk3","Trim27",NA
"Nt5e","Vps37b",NA
"Flrt3","Decr2",NA
"Il17ra","Zdhhc20",NA
"Apbb2","Ruvbl2",NA
"Dbf4","H2bc9",NA
"Gsn","Cenpi",NA
"Arhgap31","Cdca8",NA
"Pkd2l2","Tnrc6c",NA
"Gnb4","Adgrl2",NA
"Eftud2","Plcxd2",NA
"Yipf4","Cnksr3",NA
"Crlf1","Inip",NA
"Slc25a24","Ccne1",NA
"Kcnn4","Spcs2",NA
"Tmem132a","Dpf1",NA
"Myl12a","Fhod1",NA
"Smim41","Rap1gap2",NA
"1700086O06Rik","Rps19bp1",NA
"Mitf","Ccdc50",NA
"Psmc3","Spty2d1",NA
"Gm40617","Snhg1",NA
"Ehbp1l1","Bcas3",NA
"Rmdn1","Adam33",NA
"Trim3","Nim1k",NA
"Psmd8","Snx5",NA
"Cirbp","Gm31728",NA
"Spast","Mical2",NA
"Rasa4","Gm20554",NA
"Ankrd1","Racgap1",NA
"Zdhhc18","Tmem183a",NA
"Clpx","Slc45a3",NA
"Ankrd55","Asxl2",NA
"Elf1","Mrgbp",NA
"Chd2","Cpeb2",NA
"Uap1l1","Vps39",NA
"Vnn3","Tmem175",NA
"B430219N15Rik","Cul4b",NA
"Zbtb7c","Atad1",NA
"Cdkn2b","Ggcx",NA
"Immt","Gas2l1",NA
"Aup1","6330403L08Rik",NA
"Kctd10","Wasl",NA
"Cgas","Kpnb1",NA
"Snai2","Trim2",NA
"Srgap1","Npepps",NA
"Kifc3","Nr1d1",NA
"Gpr155","Elf2",NA
"Pcyox1","Bub3",NA
"A130010J15Rik","Ints15",NA
"Oxnad1","Dcaf10",NA
"Mrps34","Leo1",NA
"Atosa","Haus6",NA
"Oaz1","Gtf3a",NA
"Emc6","Clcn6",NA
"Gm49774","Uap1",NA
"Slc25a42","Gm30025",NA
"Peg10","Gm57059",NA
"Adtrp","B230311B06Rik",NA
"Mmrn2","Sart1",NA
"Fstl1","Ppil1",NA
"Coro1c","Faf2",NA
"Egr2","Psmc4",NA
"Dguok","Tex10",NA
"Mrpl51","Bdp1",NA
"Rcl1","Gm56560",NA
"D3Ertd751e","Rmi2",NA
"Hmgcl","Mtmr6",NA
"Ddo","Pbld2",NA
"Ndrg2","Gm13421",NA
"D030025P21Rik","Trappc2l",NA
"Ndufb4","Eef2kmt",NA
"Cdsn","Srp68",NA
"1810010H24Rik","Dpcd",NA
"Ap3s1","Aph1c",NA
"Coq7","Atp6v0e2",NA
"Ablim2","Tfdp1",NA
"Nup62","Rhoh",NA
"Tprkb","Naxe",NA
"Anxa2","Adrm1",NA
"Spryd3","Aebp2",NA
"9330154J02Rik","Cul1",NA
"Ttyh3","Hira",NA
"Gm56768","2010320M18Rik",NA
"Gm2415","Abcg1",NA
"Hivep3","Peli3",NA
"1810024B03Rik","Slain2",NA
"Src","Chst2",NA
"Exoc8","Alkbh2",NA
"Ptpn23","Rps18-ps5",NA
"Vezf1","Irf9",NA
"Hspb8","Lsp1",NA
"Hcar1","Grb2",NA
"Gnai2","Rps2",NA
"Reep4","Apbb3",NA
"Ncbp2as2","Etohd2",NA
"Psip1","Tmpo",NA
"Irx3","Osgep",NA
"Cdc42ep1","Blm",NA
"Rock1","Rbm25",NA
"Il34","Ogfod3",NA
"Sqor","Ap4m1",NA
"Iftap","Dennd1a",NA
"Dnajc10","Cox6a2",NA
"Ephb2","Sbf1",NA
"Lum","Ndufaf2",NA
"Mkks","Oard1",NA
"Abcb10","Kbtbd2",NA
"Armcx1","Ap5b1",NA
"Uba6","Fam3a",NA
"Gm56627","Otub1",NA
"Bms1","Traf7",NA
"Rheb","E2f6",NA
"Otud7b","Rragc",NA
"Smim36","Chek1",NA
"Lamc2","Mxi1",NA
"Slc25a20","Fis1",NA
"Oplah","Unc50",NA
"Tom1l2","Mis18bp1",NA
"Mtx2","Noc3l",NA
"Dcaf11","Copg1",NA
"Ncan","5430425K12Rik",NA
"Lrrc32","1810059H22Rik",NA
"Gatad2a","Ptprn",NA
"Ipo4","Prpf4b",NA
"Trak1","Rfx1",NA
"Ptgs2","Pygo1",NA
"Mapk1ip1","Slit3",NA
"Hsd17b4","Nmral1",NA
"Mgp","Rps6kc1",NA
"Micos10","Ier2",NA
"Rbm19","Rexo4",NA
"Eml4","Ccdc137",NA
"Fbh1","Bcl9l",NA
"Card19","Ldlrad4",NA
"Tmem70","Gm47863",NA
"Tnip2","Nup153",NA
"Atp6v0e","Ttc27",NA
"Rnh1","Srxn1",NA
"Tspan5","Acin1",NA
"Abr","Lsm8",NA
"Septin7","Tasor2",NA
"Pex11a","Wars2",NA
"Nudt12","Ikbkg",NA
"Il15","Zyg11b",NA
"Nkiras1","Tet1",NA
"Ppm1h","Trmt112",NA
"Dcst2","Snhg12",NA
"Lix1l","Prkn",NA
"Wipi1","Kpna1",NA
"Ssrp1","Nox4",NA
"Mmp2","Eaf2",NA
"2310034G01Rik","Tmem158",NA
"Etfa","8430429K09Rik",NA
"Oip5os1","Lrwd1",NA
"Cd63","Pdcd11",NA
"Stx3","Aen",NA
"Bcs1l","Yap1",NA
"Rps6kb1","Tlk2",NA
"Pdlim2","Bltp1",NA
"Ndufa12-ps","Irf7",NA
"Ndufa1","Lrrc56",NA
"Dcun1d3","Zmym3",NA
"Trim29","Mtmr1",NA
"Usp42","Gm14539",NA
"Stat2","Cish",NA
"Naalad2","Tbc1d31",NA
"Ndc1","Kctd11",NA
"Atoh8","Gm11942",NA
"Hsd17b10","Spats1",NA
"Srgap3","Pptc7",NA
"Snrpg","Pakap",NA
"Swi5","Zbtb17",NA
"Ece1","Sema4g",NA
"Peds1","Dedd",NA
"Ebf2","Rpl6",NA
"Ubl3","Cptp",NA
"Arsj","Ciz1",NA
"Clcn7","Mrpl28",NA
"Cap1","Ap1s1",NA
"Dock9","Hlcs",NA
"Samd5","Slc39a13",NA
"Krt36","Plekhm2",NA
"Mvk","Cfl1",NA
"Vkorc1l1","Uspl1",NA
"Gm35290","Skp2",NA
"Elk4","Fam219b",NA
"Cidea","Ddx52",NA
"Zfp961","Dnm1l",NA
"Tcaf1","Zc3h6",NA
"Eif3c","Sidt2",NA
"Irf5","2310040G24Rik",NA
"Pelp1","Kdm4b",NA
"Npc1","Tha1",NA
"Rnf5","Impdh2",NA
"H2bc21","Tmem128",NA
"Nhlrc3","Ddx23",NA
"Ifrd1","E2f8",NA
"Ly6h","Eif2b2",NA
"Pkmyt1","Dhx8",NA
"Kpna4","Trip10",NA
"Ano6","Tnpo2",NA
"Ralbp1","Gm49890",NA
"Lpar6","Slc25a33",NA
"Hcls1","Atxn7",NA
"Gm32655","Dzip1",NA
"Akr1c14","Rps20",NA
"Arhgap24","Mms22l",NA
"Gnptab","Pabir1",NA
"Rtn4ip1","Yju2",NA
"1700080G18Rik","Crkl",NA
"Pigp","Tafazzin",NA
"Ddhd2","Sirt4",NA
"Noct","Rab39b",NA
"Tm7sf2","Prokr1",NA
"Ogfod2","Kif14",NA
"Ercc1","1110006O24Rik",NA
"Rae1","Tcf19",NA
"Washc4","Mrps31",NA
"Scly","Akt1",NA
"Rbpms2","Phkb",NA
"Slc35f6","Acad9",NA
"Slc35a4","Wdhd1",NA
"Pawr","Rbfox2",NA
"Synj2","Peg12",NA
"Rhebl1","Apol9b",NA
"Bdh2","Thpo",NA
"Kdm7a","Pus7",NA
"A530020G20Rik","Pigu",NA
"Gm14636","Cep72",NA
"Spsb1","Dph2",NA
"Phkg1","Abcb6",NA
"Pde1b","Cep85",NA
"Synm","Dtl",NA
"Cpne2","4932422M17Rik",NA
"Snta1","Hnrnpf",NA
"Fam107b","Ppcdc",NA
"Gm56623","Adipor1",NA
"Smtn","Rnft1",NA
"Rfng","Tmem38a",NA
"Gm36860","Qtrt1",NA
"Syt11","Ube2d3",NA
"Pisd","Manba",NA
"Chmp1b2","Zc3h10",NA
"Fuca1","Snapc4",NA
"Txn2","Rimoc1",NA
"Il6ra","Tbc1d1",NA
"Rhbdf2","Klhl26",NA
"Uqcc2","9930012K11Rik",NA
"Dr1","Vti1b",NA
"mt-Nd5","Gm10762",NA
"6820445E23Rik","Hexd",NA
"Polr3d","C2",NA
"Dele1","Rdh11",NA
"Afg3l2","Vdac2",NA
"Hat1","Zdhhc13",NA
"2310001K24Rik","Srp14",NA
"Foxp1","Kif1b",NA
"Naglu","Fancd2",NA
"Lncbate6","1700086P04Rik",NA
"Crnkl1","Spc25",NA
"2510046G10Rik","Yrdc",NA
"Gm10602","Tmem42",NA
"Dync1li2","Nudc",NA
"Nupr2","1700084E18Rik",NA
"Usp31","Cenpe",NA
"Fam217b","Naa20",NA
"Gm57122","Phf19",NA
"Casp8","Zc3h11a",NA
"Prmt2","Usp28",NA
"Pex11g","Wwc1",NA
"Tmem237","Arsk",NA
"Cebpb","Creb3l2",NA
"Pdzd2","Sel1l",NA
"3930402G23Rik","Zfp563",NA
"Itsn2","Dennd4b",NA
"Zhx1","Hmces",NA
"Extl3","Prpf4",NA
"Fgf7","Xab2",NA
"Ndrg3","Foxred2",NA
"Hadh","Pcnp",NA
"Fem1b","Wbp4",NA
"Bcl2l13","Rgs9bp",NA
"Itm2b","Tubgcp6",NA
"Rn7sk","Zmynd8",NA
"Fen1","Trappc2",NA
"Chchd7","Nrbp1",NA
"G430095P16Rik","4930453N24Rik",NA
"Arf6","Gm16089",NA
"Chst12","Gnao1",NA
"Creb5","Minpp1",NA
"Optn","Kcnk2",NA
"9130401M01Rik","Jkamp",NA
"Cbr4","Tigd5",NA
"Marchf9","Cep350",NA
"Wdr93","Hdac9",NA
"Htra3","Tmco1",NA
"Gm6634","Zfp275",NA
"Zdhhc12","Desi2",NA
"Cmtm3","Tsn",NA
"Atp5pd","Ralgps1",NA
"Phf11d","Eif3g",NA
"Lncbate1","Kctd14",NA
"Pcna","Inha",NA
"Tprg1l","Psmb4",NA
"Tmem53","Tm9sf4",NA
"Vcan","Ppil2",NA
"Cfdp1","Gga1",NA
"Pcdh9","Gm56687",NA
"Rapgef3","Zfp524",NA
"Aplp2","Pvr",NA
"Rrm1","Itgb3",NA
"Brip1os","Efcab14",NA
"Lss","Fgfbp3",NA
"Zswim6","Tle2",NA
"Serpina3c","Atp13a2",NA
"Cox19","Lbhd1",NA
"Sgcd","Pcgf5",NA
"Krt80","Rbm22",NA
"Ift43","Adss1",NA
"Sestd1","Alyref",NA
"Ccdc144b","Pja2",NA
"Traf2","Ppt1",NA
"Dpep1","Irgq",NA
"Gm32389","Pfdn6",NA
"Sncg","Fbxw5",NA
"Timeless","D330041H03Rik",NA
"Nid2","Dgkh",NA
"Rhot2","Cryz",NA
"Aldh1l1","Ccp110",NA
"Hr","Rsad1",NA
"Nhsl3","Mpv17l",NA
"Lgmn","Syngap1",NA
"Rdh14","Plk1",NA
"Flad1","Coro7",NA
"Nop2","Psmc2",NA
"Ctsf","Ercc5",NA
"Tyms","Zfp874a",NA
"Fads1","Zfp931",NA
"Cox5b-ps","Zfp568",NA
"Pxdc1","Ptdss2",NA
"Fuom","Ctbp1",NA
"Gm36180","Ptov1",NA
"Rce1","Strip1",NA
"Bcap31","Reno1",NA
"Arhgef3","Lrriq3",NA
"Pemt","BC037039",NA
"Dennd2d","Arl1",NA
"Uvrag","Col12a1",NA
"Zfp672","Gemin5",NA
"Sertad4","Acsl4",NA
"Bcar1","Cdca5",NA
"Prl2c2","Frs3",NA
"Pard6a","Nkapd1",NA
"Cacna1a","Psmd14",NA
"Art3","Gnl2",NA
"Ubtd2","Mre11a",NA
"Smim20","Cep70",NA
"Bclaf1","Tcp11l2",NA
"Coq10a","Gpaa1",NA
"Diaph1","B230206L02Rik",NA
"Mc2r","Kif22",NA
"Cdc40","Clip1",NA
"Git1","Tln2",NA
"Phb2","Rbm10",NA
"Slc6a8","Ankrd49",NA
"Tmx2","Itga3",NA
"Agl","Bub1b",NA
"Ifi30","Plagl2",NA
"Krt10","Cachd1",NA
"Dync1h1","Kdelr1",NA
"Akna","Kri1",NA
"Plcb2","Vipas39",NA
"Gulp1","Znhit6",NA
"St6galnac4","Zfp52",NA
"ENSMUSG00000121483_Gm20257","Mapre3",NA
"Ap5s1","Ccdc174",NA
"Itgb5","ENSMUSG00000121511",NA
"Kctd3","Tent4a",NA
"Rnaseh2a","Commd7",NA
"Fkbp1a","Ssr1",NA
"Acer2","Rft1",NA
"Zcchc24","Rfc2",NA
"Ndufs4","Nudt2",NA
"Lrrc49","Bpgm",NA
"Gm32031","Med17",NA
"Casp8ap2","Gm11110",NA
"Apol9a","Aldh18a1",NA
"Ecm1","Arhgap32",NA
"Cacnb1","Irx5",NA
"Eps8","Gpr35",NA
"Mif","Klra4",NA
"Sc5d","Uprt",NA
"Sigmar1","Glcci1",NA
"Hook2","Trip4",NA
"Pet100","H3f3a",NA
"Fbxo6","Gm17690",NA
"6430571L13Rik","Hfe",NA
"Sema4b","AV099323",NA
"AI837181","Lncppara",NA
"Plk2","Nfxl1",NA
"Gba1","Zfp784",NA
"Serpina3m","Slc5a7",NA
"Tns2","ENSMUSG00000121504_Ppp4r1l-ps",NA
"Septin10","Anxa9",NA
"Togaram1","Ccne2",NA
"Hmgn5","Rrp1b",NA
"Inca1","Eif3j1",NA
"Itga5","Ncdn",NA
"Abca5","Snhg6",NA
"Tslp","Prmt5",NA
"Pja1","Irak4",NA
"Sema3c","Rgs4",NA
"Cmpk2","Sirt5",NA
"Pbx1","Dtwd1",NA
"Stat1","Pole",NA
"Sp100","Mtif2",NA
"Rab1b","Des",NA
"Gbe1","Gm4204",NA
"Ap1s2","Fadd",NA
"Bet1","Ift46",NA
"Fam241a","Actr10",NA
"Cic","Zfp667",NA
"Scoc","Camk2n1",NA
"Adamts9","Fam76b",NA
"Cchcr1","Lrr1",NA
"Stx6","Nr3c1",NA
"Arrb2","Gm42670",NA
"Tceal8","Ncor2",NA
"Selenoi","Dnajc9",NA
"Kif5b","Arpc4",NA
"4122401K19Rik","Medag",NA
"Atp6ap2","Eef1g",NA
"Abcd3","B4galnt1",NA
"Flvcr2","C630043F03Rik",NA
"Cox7c","Dhx29",NA
"Cfap68","Paxx",NA
"Ddx46","Gm57301",NA
"Abhd3","Gm48933",NA
"Brip1","Fam13b",NA
"Gm10638","Abitram",NA
"Ctdp1","Dcaf1",NA
"Snx1","Knl1",NA
"Smdt1","Mrpl48-ps",NA
"Gxylt2","Rnf121",NA
"Smim10l1","Fbxo46",NA
"Dyrk1b","Thumpd3",NA
"Sephs2","Tmem223",NA
"Rapgef1","1700120C14Rik",NA
"Abcc1","Tbc1d7",NA
"Rasa1","Arl15",NA
"Gpr137b","Brd3os",NA
"Amacr","Grwd1",NA
"Nradd","Tmem9",NA
"Lman2","Mapre1",NA
"Ascc3","Fgf1",NA
"Hemk1","Adck5",NA
"Emp2","Zfp330",NA
"Capzb","Narf",NA
"Cybc1","Slc49a4",NA
"Ipo7","Nr1h2",NA
"Olfml2b","Rab4a",NA
"Frmd8os","Fbl",NA
"Spring1","Rusf1",NA
"Mrps14","Nbr1",NA
"Mylk","Gm10643",NA
"Pnrc2","Smu1",NA
"Tlcd3b","Cdkl3",NA
"Ndufa12","Mrps36",NA
"Eif1","Odc1",NA
"Ly96","Rtca",NA
"Tesk1","Cutc",NA
"Uqcc3","Npffr1",NA
"Slc7a11","Cep135",NA
"Chmp2b","Insyn1",NA
"Mycbp2","Ccnf",NA
"D5Ertd579e","Urb2",NA
"Mettl9","Btbd1",NA
"Marchf8","Sos1",NA
"Dhx58os","Fam20a",NA
"Usp53","Hoxa1",NA
"Rftn2","Fam149a",NA
"Fkbp14","Ppp1r13b",NA
"Trappc13","Ppig",NA
"Ppa2","Sec63",NA
"Zfand5","Fbxo5",NA
"Gatc","Hnrnpm",NA
"Ints11","Stx16",NA
"Rab34","Nbdy",NA
"Micall1","Csk",NA
"Slc37a4","Ctxnd1",NA
"2810001A02Rik","Rab3ip",NA
"Ski","Odr4",NA
"Sdhaf1","Gm49599",NA
"Bcl2l10","Slc39a10",NA
"Styxl1","Rpl8",NA
"Fbf1","Klhdc1",NA
"Tram1","Zmynd19",NA
"Wsb1","Cmtr1",NA
"Sirt3","Gm49041",NA
"Gm44421","A330035P11Rik",NA
"Mapk7","Ttf2",NA
"Fam171a2","5830448L01Rik",NA
"Hsd17b14","Rassf7",NA
"Dnajc13","Rsl24d1",NA
"Arxes1","Psme2b",NA
"Smndc1","Trir",NA
"Nrg1","Mia2",NA
"Anks6","1700001O22Rik",NA
"Coq3","4833408A19Rik",NA
"Mpp7","Dtd2",NA
"Pdlim7","Tpd52l2",NA
"Rsl1d1","Usp7",NA
"Rell1","Dcakd",NA
"Asap3","Prpf38a",NA
"Lpcat1","Pcgf2",NA
"Pxn","2810013P06Rik",NA
"Heatr5a","Zfp449",NA
"BC031181","Senp2",NA
"Mtch1","Sec23b",NA
"Mx1","Serf2",NA
"Stx1b","Nek1",NA
"F2r","Phf23",NA
"Osbpl5","Ccnb1",NA
"Dnajc28","Akr1e1",NA
"Bcl2l1","Nr3c2",NA
"9330020H09Rik","Taf10",NA
"Rsad2","Cdc42ep4",NA
"Gm5914","R3hcc1",NA
"Ripk1","F8",NA
"Antxr2","Kiss1r",NA
"Spcs3","Sgms1os1",NA
"Tcn2","Alg13",NA
"Trib2","Vrk3",NA
"Ezh2","Tango6",NA
"Mterf2","Hic2",NA
"Spry4","H4c14",NA
"Ep400","Naa16",NA
"Gm43645","Psme4",NA
"Phf2","Smap1",NA
"Phpt1","Med30",NA
"Sox9","Slf1",NA
"Loxl1","Rab2b",NA
"Furin","Ncoa6",NA
"Abca1","Morn2",NA
"Cox10","Ager",NA
"Swap70","Fam174c",NA
"Galnt15","A730056A06Rik",NA
"Lsm7","Ect2",NA
"Aebp1","Tbx6",NA
"F11r","Gm17586",NA
"Acta2","Exosc10",NA
"Tmem82","Gm54266",NA
"Ldah","Gm16263",NA
"Cmc1","Iscu",NA
"Atic","Zfp68",NA
"Anks1","Tmem79",NA
"Gm56915","Btbd2",NA
"Cacna2d1","Churc1",NA
"Gm5144","Rassf8",NA
"Rnf7","Endov",NA
"Wipf1","Casp6",NA
"Arrb1","Kat6b",NA
"Nab2","Zfp799",NA
"Txlng","Thap3",NA
"Fkbp7","Mllt1",NA
"Pola1","Fam98b",NA
"Nufip1","Ccnk",NA
"Sdc3","Prpf3",NA
"Kif3b","Stx1a",NA
"Chid1","Gm20712",NA
"Rab10os","Usp49",NA
"Plpp2","Ipo8",NA
"Cnot6","Ddx19a",NA
"Gpat4","Zfp119b",NA
"Tes","Mtmr3",NA
"Trps1","Siah1a",NA
"Phka2","Kcnd1",NA
"Mlx","Hmmr",NA
"Nfs1","Lcmt1",NA
"Pick1","Imp3",NA
"Tomm20","Dgcr2",NA
"Tbc1d15","Rpp40",NA
"Mycbp","Klhdc8b",NA
"Dlg1","Krtcap2",NA
"Ehhadh","Nle1",NA
"1700056E22Rik","Pias4",NA
"Tlr4","Fubp3",NA
"Apoc3","Urod",NA
"Dctn3","Wdr90",NA
"Itpka","Tmem106b",NA
"Nucb2","Mb21d2",NA
"Hsd17b7","Fundc2",NA
"Ipo9","Gm6277",NA
"Chaf1a","Gstcd",NA
"Zfp706","Apod",NA
"Commd6","Gm57424",NA
"Ttll12","Usp5",NA
"Rbbp8","9330102E08Rik",NA
"0610005C13Rik","Kctd15",NA
"Tuba4a","Snapc2",NA
"Actr2","Erlec1",NA
"Lrp11","Zfp606",NA
"Npat","Vps4a",NA
"Sctr","Gmnn",NA
"Nck1","Thumpd1",NA
"Mlana","Letm2",NA
"Slc2a1","Arrdc2",NA
"Ptpn9","Fbln1",NA
"Fbxw17","Zfp963",NA
"Ap1ar","Gfus",NA
"Cntrl","Rps18-ps3",NA
"Insr","Cenpw",NA
"Zfp267","Oas1b",NA
"Mrpl49","Cby1",NA
"C9orf72","Neil1",NA
"Apex2","Tceanc",NA
"Lasp1","Polr3e",NA
"Ctnna1","Med4",NA
"Ehbp1","Ckap5",NA
"Scarna2","Snx21",NA
"Tnpo1","Anp32e",NA
"Dhps","1700048O20Rik",NA
"Neu1","C330013E15Rik",NA
"Tmem87b","Astn2",NA
"Vegfa","Ift70a1",NA
"Gm29688","Prr3",NA
"Phf11b","Cdk10",NA
"Dcps","C030015A19Rik",NA
"2210408F21Rik","Fhdc1",NA
"Trim37","Clba1",NA
"Cyb561a3","Llph",NA
"Coa5","Dnaja2",NA
"Ndufa5","2500004C02Rik",NA
"Ammecr1","Gm26787",NA
"Csnk1g1","Pskh1",NA
"Lars1","Mgmt",NA
"Atp5mc1","Frg1",NA
"Smim8","Gm37607",NA
"Ptgfrn","Ssu72",NA
"Nsun3","P2ry2",NA
"Cdca7l","6230426M11Rik",NA
"Bptf","1810062G17Rik",NA
"Pla2g12a","Zfp869",NA
"4930523C07Rik","Prrc2a",NA
"Pex11b","Nuf2",NA
"Nipsnap3b","Arrdc3",NA
"Slc16a9","Tatdn1",NA
"Hdgfl2","Sft2d1rt",NA
"Sec11a","BC039966",NA
"Tcim","Acad12",NA
"D330023K18Rik","B230377A18Rik",NA
"Myo9b","Taok1",NA
"Ptpn21","ENSMUSG00000121798_2810025M15Rik",NA
"Tpcn2","Zfp324",NA
"Nav2","Rabgef1",NA
"Arhgef5","Ldlrap1",NA
"Eif3a","Cenpx",NA
"Etv5","Tut1",NA
"Gpr107","Rad51",NA
"Dpm3","G730003C15Rik",NA
"Ppp1r1a","Oxsr1",NA
"Timm17b","Glt28d2",NA
"Igf2bp3","Prr14",NA
"Nrp1","Cfap36",NA
"Rpl9","Angel2",NA
"Col5a1","Gm6658",NA
"Poc1b","Chaserr",NA
"Slc30a7","Haus8",NA
"Fut8","Prpf6",NA
"Gm9899","Chmp1a",NA
"Galnt10","Kif15",NA
"Dnajc1","Kif11",NA
"Oxa1l","Klhdc4",NA
"Lpin3","Hmbox1",NA
"Apoo","Bmper",NA
"Prrx2","Pafah1b3",NA
"Mkln1","Topbp1",NA
"Zeb2os","Nt5dc3",NA
"Alkbh3","Pir",NA
"Sbf2","Appbp2",NA
"1110019D14Rik","Mki67",NA
"3300005D01Rik","Pan3",NA
"Mob4","C920021L13Rik",NA
"Ncapg2","Rps3",NA
"Anapc11","Rbbp5",NA
"Far1","Cog2",NA
"Yars2","Alkbh5",NA
"Wdr70","Gm49066",NA
"Dpysl2","Ddx19b",NA
"Rad54l","Pask",NA
"Cpeb1","Trim33",NA
"Adrb1","Zfp974",NA
"Gm16001","Polk",NA
"Fam110b","Zc3h18",NA
"Ppfibp1","1700001G11Rik",NA
"Cept1","Inpp4b",NA
"Urgcp","Ino80d",NA
"Mtfmt","Pitpnm1",NA
"Ndufaf1","Fth1-ps",NA
"Dlgap4","Orai1",NA
"ENSMUSG00000121679","Zbtb21",NA
"Nckap1","C2cd5",NA
"Nap1l4","5730414N17Rik",NA
"Rpain","Psmc1",NA
"Pole4","Herc4",NA
"Bcl2","Per1",NA
"Klf16","Phf6",NA
"Gm53610","Ino80e",NA
"Col5a2","Wdr62",NA
"Tbc1d20","Lipt2",NA
"Pold3","Cdc6",NA
"Akip1","Pigbos1",NA
"Pak3","Spa17",NA
"Rasa2","Unc119b",NA
"Serpinb9b","Zfp579",NA
"Sik3","Hspa2",NA
"Cdc42se2","Mtcl2",NA
"Nceh1","Kras",NA
"Tbl1xr1","Hsf2bp",NA
"Ube2t","Dctn6",NA
"Mtg1","Vps53",NA
"Mppe1","Arv1",NA
"Bbof1","Spout1",NA
"Pml","Zfp975",NA
"Gpr146","Hscb",NA
"Ctf1","Birc6",NA
"1810055G02Rik","Tnks",NA
"Notch2","Dynll1",NA
"Ghitm","Jmjd4",NA
"Glis2","Crnde",NA
"B130011K05Rik","Alkbh1",NA
"Bsg","Chtf18",NA
"9230114K14Rik","Zcchc2",NA
"Psma6","Rbm3",NA
"Arhgdia","Sirpa",NA
"Cdc25b","Mllt6",NA
"Larp1","Polr3b",NA
"Mfap3","Galc",NA
"Ldb3","Cuta",NA
"Pex3","Cherp",NA
"Adamts15","Porcn",NA
"Pak4","Zfp428",NA
"Emg1","Gm16845",NA
"Arl5a","Zfp101",NA
"Rictor","Srl",NA
"Rapgef6","Dusp1",NA
"Vwa1","Paip1",NA
"Llgl1","Dnajb4",NA
"Cep170b","Eef1d",NA
"Gm57457","Ube2e3",NA
"Utp14a","Ndufaf7",NA
"Ppm1b","Exoc6",NA
"Amdhd2","Tsen2",NA
"Gas1","Ywhae",NA
"Twist1","Cnih2",NA
"Gm56859","Exosc2",NA
"Slc29a3","Tmem203",NA
"Tdrp","Eif3i",NA
"Fabp12","Tbl3",NA
"Acyp2","Herc2",NA
"Hyi","Csrnp2",NA
"Xpr1","Zfp53",NA
"Gm56911","Sike1",NA
"Lin54","Zfp719",NA
"Plagl1","Vbp1",NA
"2410022M11Rik","Washc3",NA
"Ubl4a","Lyrm7",NA
"Pgrmc1","Larp4b",NA
"Fbxo4","Mir503hg",NA
"Dnajc8","Cenpq",NA
"Uggt1","Tfeb",NA
"Nans","Il20rb",NA
"Itpr3","2700033N17Rik",NA
"Styk1","Sp3",NA
"Cideb","Med9",NA
"Utp23","Pgap2",NA
"Ciao3","Zmynd11",NA
"Fyn","Rpl27",NA
"Gm10699","Ccna2",NA
"Pla2g4a","Qars1",NA
"Abhd12","Kif2c",NA
"Rnf31","Cers2",NA
"Ufd1","Polr1g",NA
"Mief2","Stam",NA
"Gprc5c","Pcyox1l",NA
"Sccpdh","Fndc3a",NA
"Ncor1","Espl1",NA
"Fggy","Tdp2",NA
"Ern1","Supt4a",NA
"Shroom4","B4galt7",NA
"Lpin2","Rlf",NA
"Sema4c","Pbk",NA
"Nfib","Bud23",NA
"Trappc12","Vps45",NA
"Gm56909","Tex30",NA
"Scn1b","Kif7",NA
"Tmem254","Ddx31",NA
"Smc4","Hspbap1",NA
"Slc46a1","Zfp950",NA
"H2-M3","Wdsub1",NA
"Nol4","Magt1",NA
"Trim30d","Garem1",NA
"Irak3","Brd1",NA
"Ifi27l2a","Supt7l",NA
"Hgf","Rhod",NA
"Usp39","Klhl42",NA
"Abhd15","Snrpf",NA
"Ssh3","Zfp493",NA
"Cavin3","1810037I17Rik",NA
"Eif1b","Olfm2",NA
"Gm16124","Slc16a13",NA
"Nectin3","Nup214",NA
"Bdnf","Cda",NA
"Ctcflos","Ssx2ip",NA
"Tent5a","Edem3",NA
"Ipmk","Retreg3",NA
"Tmem256","2010007H06Rik",NA
"Sptbn5","Pold1",NA
"Apol6","Dync2h1",NA
"Crls1","Ddb2",NA
"Ccn1","Prr12",NA
"Tmem165","4930579G24Rik",NA
"Fah","Hdac3",NA
"Skp1","Fam72a",NA
"Kmt2a","Gm15535",NA
"Mcts1","1110013H19Rik",NA
"Six4","Cox6c2",NA
"Dgkz","Ppan",NA
"Mttp","Gmppb",NA
"Tmem138","R3hdm1",NA
"Gnai3","Tmem192",NA
"Csrp1","Stil",NA
"Slc25a25","Zfp7",NA
"Timm50","Dnajc30",NA
"Lhx1","Ptpn11",NA
"Lrrfip2","Shc1",NA
"Abhd1","Ankrd39",NA
"Mdc1","Slc35a3",NA
"ENSMUSG00000121489_1810014B01Rik","Card6",NA
"Gm16163","Prpf31",NA
"Polr2i","Gm56912",NA
"Eci1","Tmem8b",NA
"Myl9","Abcf3",NA
"Plxnb2","Meaf6",NA
"Cd93","Pcnx",NA
"Stard3nl","Ccser2",NA
"Mrpl30","5830408C22Rik",NA
"Tra2b","Arhgap1",NA
"Alkbh7","Nucks1",NA
"Gdnf","Calm1",NA
"Actl6a","Fyco1",NA
"Atp6v0b","Pdia6",NA
"Rflnb","Rps15a-ps5",NA
"Pdhx","Mib1",NA
"Rnf141","Rhbdd1",NA
"Zfp385a","Cdnf",NA
"Ino80","Abcf1",NA
"Dhx37","Sdf2",NA
"Yy1","Dzip3",NA
"Ago2","AA986860",NA
"Csf2rb","Zfp362",NA
"Hint3","Gm26910",NA
"Ppp2ca","Smg9",NA
"Lactb","Zfr2",NA
"Arid5a","Plppr2",NA
"Mtmr11","Exog",NA
"F730043M19Rik","Atp1b3",NA
"Supt16","Gtpbp3",NA
"Sprtn","Ythdf1",NA
"Supt3","Myom1",NA
"Smox","Gas2l3",NA
"Gm13205","Asl",NA
"Camk1d","Cnst",NA
"Wdr73","Casp2",NA
"Idi1","Nfkbil1",NA
"Sfxn2","Zfp618",NA
"Zdhhc4","Ttc9c",NA
"Micu1","Cep55",NA
"2510009E07Rik","Hbs1l",NA
"Snapin","Egfl7",NA
"Slc31a1","Ufc1",NA
"Slc16a1","G2e3",NA
"Cpne3","Zfta",NA
"Abcc3","Lin9",NA
"Eno2","Psmf1",NA
"Lsm1","Mboat7",NA
"Efr3a","Zbtb39",NA
"Trappc6a","Mtm1",NA
"Smad6","Golm2",NA
"Letmd1","Eif2b3",NA
"Mettl27","Dscc1",NA
"Pi4k2b","Flvcr1",NA
"Steap4","Dnajc12",NA
"Myl6b","Ascc2",NA
"Sec23a","Krr1",NA
"Fscn1","1700037C18Rik",NA
"Dusp14","Nup85",NA
"Wfdc21","Gm16244",NA
"Scaf11","2810449D17Rik",NA
"Lrfn4","Plpbp",NA
"Dmac1","Troap",NA
"Rnd3","Lztfl1",NA
"Uba3","Gm14303",NA
"Hoxd3os1","Hykk",NA
"Fahd1","Mtx3",NA
"Faf1","C530020B09Rik",NA
"Ric8a","Homez",NA
"Adck2","Ube2q1",NA
"Mutyh","Slc22a17",NA
"Slc36a2","Cenpu",NA
"D8Ertd738e","Nr2c1",NA
"Nfyc","Mirt2",NA
"2310009B15Rik","Ntaq1",NA
"Asap1","Nudc-ps1",NA
"Commd4","Usf1",NA
"Cdr2","Plekha4",NA
"Hnrnpa3","Gm8213",NA
"Cldn15","Tdrkh",NA
"Washc5","B130034C11Rik",NA
"Ice1","Nek2",NA
"Mmgt1","Fkbp3",NA
"Gm19605","Psmg2",NA
"Gm10039","Psen1",NA
"Gm20125","Plcg1",NA
"Npc2","Zfp446",NA
"Ilf3","Dnaja4",NA
"Limd2","Ext2",NA
"St13","Cops4",NA
"Slc25a13","Tufm",NA
"Gm56862","Tmem191",NA
"Glt8d2","Ptrhd1",NA
"Ednra","Pard6b",NA
"Aldh3b1","Hoxd9",NA
"Tmem11","Poldip3",NA
"Sspn","Pmel",NA
"Galk2","Tmem67",NA
"Cnn2","Pnpt1",NA
"Gid4","Acvr2b",NA
"Eci2","Zfp81",NA
"Atp5pf","Ankrd11",NA
"Tpi1","Tedc2",NA
"Marchf2","Glrx2",NA
"Gas8","Ccdc17",NA
"E230016K23Rik","Hapstr1",NA
"Lrrc58","Kif18a",NA
"Bbx","Tpgs2",NA
"Engase","Bod1l",NA
"Dock4","Brdt",NA
"2200002D01Rik","Gss",NA
"Ncam1","Snrpc",NA
"Mettl21a","Lsm4",NA
"Egln1","ENSMUSG00000121789",NA
"Emc7","Plekhm3",NA
"Mrps7","Brat1",NA
"Phf5a","Fbxl4",NA
"Adam10","Bhlhe41",NA
"Klhdc10","Rsrc1",NA
"Ppm1a","Ramacl",NA
"Ccdc9","Gm33318",NA
"Tsc22d2","Gak",NA
"Mfsd3","Man2c1",NA
"Comt","Tsg101",NA
"Pogk","Zfp292",NA
"Scaper","Smarcd3",NA
"Lactb2","Dnaaf2",NA
"Ccdc28b","Tkfc",NA
"Ptpn13","Abl1",NA
"Itgae","Aurkb",NA
"Gm44771","Bag6",NA
"Btd","Gm49492",NA
"Smc3","Imp4",NA
"Cops3","Lancl1",NA
"Ift56","Prkaa2",NA
"Kmt5a","Trim59",NA
"Cux1","Med28",NA
"Pmm1","Ankib1",NA
"Sertad2","Stamos",NA
"Ptpn3","Rbm5",NA
"Sms","Zfp2",NA
"Bysl","Taf5",NA
"Tpr","Triqk",NA
"Ddhd1","Dnajb1",NA
"Acat3","Pspc1",NA
"Scd3","Ap1g2",NA
"Mlf2","Snrpa",NA
"Zfpm2","Adpgk",NA
"Ap3b1","Emc10",NA
"Mpc1","Zfp217",NA
"Tomm40l","Pde10a",NA
"Cyfip1","Polg2",NA
"Nt5c2","Gm15706",NA
"Vwa8","Fbxo38",NA
"Phb1","Cdpf1",NA
"Trim6","Dis3l2",NA
"Mrpl2","Stk40",NA
"Msrb1","Shld2",NA
"Atxn7l1","Ptpdc1",NA
"Iws1","2810002D19Rik",NA
"Morrbid","Nprl2",NA
"Cdc37l1","Nup37",NA
"Synpo","Gm56503",NA
"Tor1b","Cplx2",NA
"Tram2","Tmc6",NA
"Atp6v1f","Enpp3",NA
"Ccdc9b","Cenpk",NA
"Serpinf1","Cdk9",NA
"Sbno1","Gm53058",NA
"Ebf3","Zpbp",NA
"Adss2","Yeats4",NA
"Nsmce1","Taok2",NA
"1110020A21Rik","Pgghg",NA
"Leng1","Ubxn4",NA
"Trp53inp1","Vps26c",NA
"Cox7b","Jpx",NA
"Atp2a2","Xylb",NA
"Nras","Lrrc45",NA
"Cdkn2a","Mef2b",NA
"Cln5","Tomm34",NA
"Ptgfr","Crk",NA
"Nedd4l","Ube2j2",NA
"Crip1","Ankrd13b",NA
"Pitrm1","Dvl3",NA
"Mien1","Gm10297",NA
"Tsc22d4","Vps52",NA
"Obi1","2810402E24Rik",NA
"Ift57","Tent2",NA
"Amotl2","Tacc3",NA
"Gm20300","Atp6v1d",NA
"Ube2b","Zwint",NA
"Stk38","Cenpm",NA
"Rbm28","Spag1",NA
"Psmc3ip","Cenpl",NA
"Fam120aos","Rala",NA
"Ncoa3","4833418N02Rik",NA
"Edf1","Shoc2",NA
"Tln1","Capns1",NA
"Plekha1","Sumf2",NA
"Cdon","Tatdn3",NA
"Sprr1a","Ube2e1",NA
"Poglut1","Bloc1s5",NA
"Tmem14c","Aurka",NA
"D630045J12Rik","Rbak",NA
"Sh2b3","Kat2a",NA
"Ppip5k1","Zbed5",NA
"Lhfpl2","Gm9776",NA
"Scara5","Tsen54",NA
"Lrp6","Ska1",NA
"Ankhd1","Zfas1",NA
"Sowahc","H4c1",NA
"Gcat","Psmd13",NA
"Atg3","Magee1",NA
"Rnf20","Ercc4",NA
"Clpp","Zbtb47",NA
"Mfsd5","Mettl26",NA
"Abhd11","0610009L18Rik",NA
"Orc5","Spr",NA
"Nit2","Gm9790",NA
"Ube2d2a","Topors",NA
"Tmf1","Cir1",NA
"Snx18","E130311K13Rik",NA
"Coasy","Tmem201",NA
"Kyat3","Krcc1",NA
"Repin1","Bud13",NA
"Ptges2","Cdk12",NA
"Ppp2r2a","ENSMUSG00000121377_Gm5113",NA
"Rarg","Gm12389",NA
"Arhgap27os2","Drap1",NA
"Ifrd2","Ndor1",NA
"Paip2","Ccdc171",NA
"BC005537","Baz2b",NA
"Mtmr14","Prrc1",NA
"Clec16a","Rps25",NA
"Sars1","Adat2",NA
"Calhm5","Gm11966",NA
"Jagn1","E2f7",NA
"Lyrm1","Oscp1",NA
"Tpp1","Klhl36",NA
"1500011B03Rik","Maml1",NA
"Usp38","Hps6",NA
"Sec23ip","Gm56797",NA
"Twsg1","Cnih1",NA
"ENSMUSG00000121583_Zftraf1","Dimt1",NA
"Srek1ip1","Ddx56",NA
"Gga2","Arcn1",NA
"Tatdn2","Ggnbp1",NA
"Pcgf6","Zfp870",NA
"Pex2","Zfp398",NA
"Cnot6l","Pecr",NA
"2810414N06Rik","Taf1c",NA
"Ap2b1","Rps18",NA
"Errfi1","Fam149b",NA
"Pkn2","Gm56546",NA
"Oaz2","Snap47",NA
"Atp11a","Chn2",NA
"Dnaaf5","Mpi",NA
"Sord","Cnpy2",NA
"Mir100hg","Tedc1",NA
"Rfesd","Zcchc17",NA
"2610029K11Rik","Smim15",NA
"Btnl12","Pik3r3",NA
"Mrpl57","Gatb",NA
"Foxred1","Fam133b",NA
"A430035B10Rik","Zdhhc3",NA
"Elovl5","Tab2",NA
"Pea15a","Brca2",NA
"Bmp1","Zdhhc7",NA
"ENSMUSG00000121445","Ttc19",NA
"Cdadc1","Agtpbp1",NA
"Golgb1","Tbc1d32",NA
"Rnf167","Bmal2",NA
"Stard3","Xpnpep1",NA
"Setd7","Naa12",NA
"Atp5mk","Sbds",NA
"Tnfsf12","Clec2i",NA
"Pex16","Chtf8",NA
"Spry1","Paxip1",NA
"Smarca5","Tyw5",NA
"Nin","Nup35",NA
"Stau1","Wdr41",NA
"Pdk4","Actg1",NA
"Spns1","Sf3b5",NA
"Fbxo8","Mnd1",NA
"Zfand6","AKAP17A",NA
"Rpp38","Sugt1",NA
"B230208H11Rik","Chfr",NA
"Samd4b","Rbm27",NA
"Pip4p1","Paox",NA
"Tysnd1","Kbtbd4",NA
"Cog6","Nsmaf",NA
"Hexa","Dlx2",NA
"Cdc27","Irf2bp2",NA
"Ndufaf3","Eif4a3",NA
"Scyl2","Ppp6r2",NA
"Mex3c","Pdrg1",NA
"Mvd","Zfand2a",NA
"Timp3","Kctd7",NA
"Nectin2","Slc35e2",NA
"Tead4","Anapc7",NA
"Rnf125","Gpc4",NA
"Pcsk4","Rbm38",NA
"Fkbpl","Fkrp",NA
"Rara","Hmgxb3",NA
"Ranbp10","Rtraf",NA
"2900076A07Rik","Mlec",NA
"Pdxk","Mbip",NA
"Gpatch11","Eif4g2",NA
"Cavin1","Gnaq",NA
"Bbs4","Mrpl48",NA
"Spice1","Khsrp",NA
"Cuedc2","Serf1",NA
"Pla2g15","Rpl13a",NA
"Gm4013","Dus4l",NA
"Yipf3","Tfdp2",NA
"Ankrd46","Kif20a",NA
"Ppp6r3","Particl",NA
"Ccn4","S100pbp",NA
"Zfhx3","Map4k5",NA
"Gstt1","Satb2",NA
"Pik3ip1","Pard3",NA
"A530013C23Rik","Gemin6",NA
"Commd1b","Nudt16l1",NA
"Naa38","Nsl1",NA
"Guf1","Ilk",NA
"Ccdc59","1810034E14Rik",NA
"Nup54","Slc30a6",NA
"Atp6v1e1","2210408I21Rik",NA
"Myo7a","Hdac8",NA
"Sox5","Glrb",NA
"Postn","Zfp697",NA
"Armcx2","Ahcy",NA
"Ptger4","Surf6",NA
"Sf3b2","Ncbp1",NA
"Gnb1","Cnot11",NA
"Sacs","Vps4b",NA
"Gm13470","4930578M01Rik",NA
"Fastk","5730455P16Rik",NA
"Fam43a","Tmco3",NA
"Hspa13","Pcdhb7",NA
"Pds5b","Smim14",NA
"Snhg9","Zfp511",NA
"Golm1","Slc29a2",NA
"Cep164","Gpn2",NA
"Rassf5","Me2",NA
"Zfp386","Ikzf2",NA
"Osbpl9","B230307C23Rik",NA
"Pigq","Rhbdd3",NA
"Rab5if","Upf3b",NA
"Gm13341","Galnt4",NA
"Xpo6","Phf8",NA
"Cpq","Rsrp1",NA
"Sqstm1","Rnf8",NA
"Cyb5rl","Cdk5rap3",NA
"B430105G09Rik","Zbtb16",NA
"Mex3d","Glce",NA
"Utp14b","Ift88",NA
"Alcam","Gm3625",NA
"Nuak2","Rab11fip3",NA
"Bzw2","Kif23",NA
"Yjefn3","Sh3bp5l",NA
"Gm57071","Angptl6",NA
"Manea","Ubtd1",NA
"Acbd5","Hps4",NA
"Gucd1","Mbd5",NA
"Strap","Taf6l",NA
"Mpp1","Rras",NA
"Pkdcc","Mtln",NA
"Foxn3","Paqr3",NA
"Gorab","R74862",NA
"Afg1l","Zdhhc9",NA
"Gosr1","Mid2",NA
"Fbxl19","Mydgf",NA
"Gpr15lg","Sf3a3",NA
"Stim1","Lmln",NA
"Nr2f2","Gm16580",NA
"Setx","Uaca",NA
"Rest","Parg",NA
"Zscan26","Adck1",NA
"Gli2","Fam98c",NA
"Atg7","Dcaf15",NA
"Eif4e","Galt",NA
"Apool","Ppat",NA
"Cep41","Tpd52",NA
"Higd1a","Hsf2",NA
"Plekhg6","Tarbp1",NA
"Rras2","Ggh",NA
"Nrdc","Sec62",NA
"Gm6166","Kptn",NA
"Kif2a","Cxxc1",NA
"Crlf2","Vps50",NA
"Pigc","Polr1b",NA
"Mrnip","Polr1f",NA
"Leprot","Arid1b",NA
"B4galt2","Arrdc1",NA
"Homer3","Map3k12",NA
"Tmtc4","Baz1b",NA
"Fancl","Tent4b",NA
"Sacm1l","Srsf3",NA
"Camk2n2","Slc10a7",NA
"Mmp11","Sgsh",NA
"Rufy3","Abcb7",NA
"Rock2","Dohh",NA
"Stk19","Smurf1",NA
"Yif1a","Cops7a",NA
"Gxylt1","Rbm26",NA
"Ccdc125","Rpsa",NA
"Aqp11","Gm8927",NA
"Ilvbl","Josd2",NA
"Nde1","Taf13",NA
"2210016L21Rik","Pdcd10",NA
"Notch1","Garnl3",NA
"Dcaf4","Rprd1a",NA
"Zranb1","Rabif",NA
"Mrpl55","Kdm4a",NA
"Exoc6b","Gm56765",NA
"Zc3h12c","Alyref2",NA
"Itgb1","Card14",NA
"Fgfr1","Rspry1",NA
"Rsu1","Tbccd1",NA
"Ppt2","Rab5a",NA
"Uros","2310001H17Rik",NA
"Chst11","Raph1",NA
"Cep290","Alg3",NA
"Cdk5rap2","Orc3",NA
"Mmadhc","Gng5",NA
"Dlx4","Lars2",NA
"Uqcc4","Myadm",NA
"4933440N22Rik","Gm5112",NA
"Tbc1d13","Ankrd26",NA
"Nt5m","Rpl12",NA
"Farp1","Pus3",NA
"Gm49785","Uba52",NA
"Dnajb14","Gtf3c2",NA
"Elf4","Tgfbrap1",NA
"Tmem127","Ccs",NA
"Gm6475","Ttk",NA
"Cpeb3","Tvp23b",NA
"Ctdsp2","Commd1",NA
"Zc3h13","Tmem184c",NA
"Fzd8","Klhdc2",NA
"Mga","Zfp622",NA
"Dda1","Inka1",NA
"Armc1","Gm15464",NA
"Pigm","Ankrd24",NA
"Gm57475","Rgl2",NA
"Siglec1","Ppp1cc",NA
"Gtf3c5","Cmss1",NA
"Ltv1","Copb1",NA
"Arhgef10","Got1",NA
"Ccdc115","Comtd1",NA
"Socs6","Scrib",NA
"Timm8b","Klhl9",NA
"Fhl1","Dcaf6",NA
"Pbx2","Adgre5",NA
"Sar1a","Cdc14b",NA
"Abhd18","Bbip1",NA
"Gid8","Nacc1",NA
"Parvaos","Nudt5",NA
"Ube3a","Kics2",NA
"Vopp1","Crcp",NA
"Phtf2","Dusp16",NA
"Ibtk","Odf2l",NA
"1810019D21Rik","Slc52a2",NA
"Lst1","Numa1",NA
"Metap1","Irx2",NA
"Pi4k2a","Nfx1",NA
"Large1","H2aj",NA
"Arl8a","Hmox1",NA
"Ehd3","Ctnnbl1",NA
"Tjap1","Usp14",NA
"Tmem258","Ccdc91",NA
"Itih4","Exoc1",NA
"Rhobtb3","Gtse1",NA
"Mrpl37","Ift20",NA
"Ppp1r12b","Primpol",NA
"Mbd2","1700008J07Rik",NA
"Glo1","Fars2",NA
"Dennd2a","Copg2",NA
"Tcp1","Stam2",NA
"Rtn4rl1","Tor1a",NA
"Kctd13","Ss18l1",NA
"Mtfp1","Ncaph",NA
"Stim2","Rbm6",NA
"Apc","BC023719",NA
"Aifm1","Mthfs",NA
"Prl2c3","Nat10",NA
"Nhs","Dmwd",NA
"Lmbr1l","Dop1b",NA
"Uqcc6","Brf1",NA
"Eif4ebp2","Rabl2",NA
"Bckdk","Ubxn2a",NA
"Arl13b","Hps3",NA
"Ranbp6","Cep57",NA
"Rbms3","Brix1",NA
"Atp7a","Usp21",NA
"Spopl","Prdx2-ps1",NA
"Gm12059","Rps27l",NA
"Clybl","Zfp780b",NA
"Myl4","Afap1",NA
"Zbtb4","Rapgef2",NA
"Rpp25l","Tnrc6b",NA
"Gm5436","Rps6kb2",NA
"Taf5l","Zfp110",NA
"Gm57388","Taf7",NA
"mt-Nd1","Slc30a5",NA
"Stxbp2","Fam168b",NA
"Fryl","Wtap",NA
"Hsdl1","Mark4",NA
"Ccdc8","Fuz",NA
"Slc25a46","Pdcl3",NA
"Ifi27","Lyset",NA
"Gtf2f1","Trip11",NA
"Dut","Hnrnpul2",NA
"Psma2","Gtf2ird2",NA
"Ccng2","Coq10b",NA
"Ube2w","Rny3",NA
"Polrmt","3110009E18Rik",NA
"Ksr1","Anxa8",NA
"Ccdc25","Ankrd13a",NA
"Pxdn","Prkcd",NA
"Smad1","Tmem241",NA
"Mtres1","Gm57032",NA
"Usp24","Dync2i1",NA
"Gns","Epb41l2",NA
"Wdfy3","Antkmt",NA
"Atp10d","Arf2",NA
"Rps6ka3","Myg1",NA
"mt-Cytb","Map3k10",NA
"Man1c1","Suz12",NA
"D6Wsu163e","Oxr1",NA
"Zcrb1","Pdcd2",NA
"Vmn1r4","Gpr157",NA
"Abhd2","Tgds",NA
"Ndufb1","Rpl37",NA
"Nbl1","Terf2ip",NA
"Nacc2","Amd1",NA
"Mrps5","Lama4",NA
"Map1s","Tmem208",NA
"Mrps24","Cwf19l1",NA
"Ddb1","Rngtt",NA
"Atg4d","Alg2",NA
"Ephx1","Eloa",NA
"Fam110c","Asap2",NA
"Zfp598","Mtmr12",NA
"Ttc7b","Senp8",NA
"Tmem167","Toe1",NA
"Cisd3","Pdcl",NA
"Praf2","Ift140",NA
"Nfatc4","Uckl1",NA
"Emd","Gnptg",NA
"Gm57341","Trmt11",NA
"Rcor2","Pigg",NA
"Lima1","Snrnp25",NA
"Nav3","Thap12",NA
"Sgcb","Rnf135",NA
"P3h1","Kdm2a",NA
"Gm43966","Gab2",NA
"Plgrkt","Thoc1",NA
"Nkiras2","Hint1",NA
"Pkp2","Ppp1r8",NA
"Nbeal1","Rpusd1",NA
"Grsf1","Ipo11",NA
"Spink5","Dhrs1",NA
"Coa8","Dgcr8",NA
"Atrx","Anapc16",NA
"Gm57386","Ncapd3",NA
"Snx33","Rab4b",NA
"Homer1","Sirt1",NA
"Sde2","Exosc5",NA
"Tada2b","Zbtb25",NA
"Skap2","Fdxr",NA
"Riox2","Rnf10",NA
"Mrpl4","Supt6",NA
"Gm45494","Sf3a2",NA
"Ank2","Pygo2",NA
"Prss27","Lrrc41",NA
"Tut7","Rrm2b",NA
"Sik1","Pggt1b",NA
"Rab26os","Efna5",NA
"N4bp2l2","Trp53rka",NA
"Tmem60","Kdm1a",NA
"Dhx57","Laptm4a",NA
"Uchl3","Naif1",NA
"Lurap1l","Tbc1d23",NA
"Slc37a3","Nono",NA
"Letm1","Ankrd16",NA
"Lrp1","Ranbp2",NA
"Dusp4","Trub2",NA
"Dpf2","Prelid1",NA
"Tnrc18","Sp2",NA
"Hprt1","Cks1b",NA
"Cdkn2aipnl","Stard5",NA
"Sphk2","Surf2",NA
"Apba1","Ccndbp1",NA
"Gm15491","Ankmy2",NA
"B9d1","Rad1",NA
"Arhgap10","Snrpe",NA
"Pusl1","Ino80c",NA
"Atp5mg","Rad52",NA
"Rab1a","Neurl4",NA
"Trpm4","Hirip3",NA
"Bace1","Tjp1",NA
"Coa3","Taf8",NA
"Mis18a","Casp9",NA
"Scamp1","Gm13375",NA
"Armc10","Trpc4ap",NA
"Uba1","Arl5b",NA
"Inppl1","Brd3",NA
"Knop1","Pex6",NA
"Snx6","Erg28",NA
"Map1lc3a","Rwdd1",NA
"Naa10","Ypel2",NA
"Ecsit","Ranbp3",NA
"Rnaseh2b","Pfdn4",NA
"Adgra2","Rer1",NA
"Slc23a2","Srsf2",NA
"Smarcb1","Calu",NA
"Prelid3b","Ccdc43",NA
"Babam2","Cdc20",NA
"9530068E07Rik","Srek1",NA
"Reep3","Chchd1",NA
"Cox17","Ccdc122",NA
"Plscr3","Cobll1",NA
"Ndc80","Twnk",NA
"Gm57170","Nsf",NA
"Cdc123","Wdr59",NA
"Lrrc27","Galnt18",NA
"2310022B05Rik","Srp9",NA
"Hoxd8","Slc36a4",NA
"Unc5b","Niban1",NA
"Gsk3a","Plekha6",NA
"Smcr8","Nbn",NA
"A730063M14Rik","Spats2",NA
"Sbsn","Mthfd2",NA
"Spon2","Vcpkmt",NA
"Ttc39a","Ttpal",NA
"1700085D22Rik","Ywhaq",NA
"Ssc4d","Tfpt",NA
"Diaph3","Eef1e1",NA
"Eva1b","Trim23",NA
"Prkag2","Srrd",NA
"Smc6","Taf1",NA
"Cog4","Dexi",NA
"Gm47595","Ube3c",NA
"Spag9","Gspt1",NA
"Spaar","Ldlrad3",NA
"Actr6","Itfg1",NA
"Txndc11","Ciao1",NA
"1110046J04Rik","Zbed4",NA
"Orc2","Csnk2a1-ps3",NA
"Eif1ad","Focad",NA
"Hacd2","Akt1s1",NA
"Slc30a1","Bap1",NA
"2810004N23Rik","Bri3bp",NA
"Gan","Mipep",NA
"Gm10603","Ubl5",NA
"Tle1","Nfic",NA
"Prkag1","Selenoo",NA
"Tbl2","Zfx",NA
"Pcif1","Vrk2",NA
"Rab23","Msh6",NA
"Cacul1","Thyn1",NA
"Ap4b1","Ints1",NA
"Cyp2c70","Cbx1",NA
"4933406C10Rik","3110040N11Rik",NA
"Nifk","Rubcn",NA
"Hacd1","Slc25a15",NA
"Cnn3","Rap2c",NA
"Rab8a","Entpd7",NA
"Sumo1","Bc1",NA
"Ntan1","Dennd4a",NA
"Tmcc1","Capn7",NA
"Hmg20b","Ints5",NA
"Crybg3","Btrc",NA
"Pbx4","Tacc1",NA
"AW046200","Snx14",NA
"Maip1","Sfpq",NA
"Eapp","Cacfd1",NA
"Vps33a","1110038B12Rik",NA
"Commd5","Dcaf7",NA
"Bin3","Gfod2",NA
"Clasp2","Gtf2b",NA
"Mras","Tbc1d10b",NA
"Klc1","Eml3",NA
"Hoxb3os","Hmgb1",NA
"Cdk14","Ube2i",NA
"Lmf1","Slc25a36",NA
"Tle3","Nmt1",NA
"Eogt","Blzf1",NA
"Gins3","Rpl22l1",NA
"Mbd4","Arl14ep",NA
"Aldh16a1","Get3",NA
"Eral1","Nup188",NA
"Ak4","Kat5",NA
"Tapt1","Gigyf2",NA
"Pou6f1","Snx16",NA
"Rassf3","Gapvd1",NA
"Stoml1","Ddx18",NA
"Mrc2","Gosr2",NA
"Ust","Hmg20a",NA
"Dmxl2","Ddx1",NA
"Elac1","Car13",NA
"Morf4l1","Adh5",NA
"Rgcc","Skic2",NA
"Ift74","Top1",NA
"Opn3","Dhrs7",NA
"Igfals","Ppp1ca",NA
"Npnt","Pcf11",NA
"Ppdpf","Tpgs1",NA
"Serinc3","Tenm4",NA
"Rbm47","Ptcd1",NA
"Qtrt2","Naa35",NA
"Taf1d","Stx17",NA
"Clec11a","Ythdf2",NA
"Nol6","Tmem199",NA
"Fmnl3","Nmd3",NA
"H2az1","Cdc42",NA
"Ptk7","Sec24c",NA
"Spart","Alg10b",NA
"Cisd2","Tex2",NA
"Cox11","Rcor1",NA
"Nfu1","Ammecr1l",NA
"Ube3b","Dnal4",NA
"Foxk1","Wiz",NA
"Erich1","Rps13",NA
"Khdrbs1","Znhit2",NA
"Crtap","Hs2st1",NA
"Fbxo30","Glod4",NA
"Angpt4","Cnep1r1",NA
"Adora1","Ppp2r5c",NA
"Micu3","Rps26",NA
"Clint1","Vps41",NA
"Vav3","Pkn1",NA
"Adal","Aldh1l2",NA
"Mrps28","Ift52",NA
"Mgat2","Senp6",NA
"Prelid2","Ndfip1",NA
"Prkce","Ahsa1",NA
"Usp9x","Zcwpw1",NA
"Gm57383","Spcs1",NA
"Clcn2","Mesd",NA
"Tnfrsf21","Ppp1cb",NA
"Mlst8","Hcfc1",NA
"Txnip","Trap1",NA
"Katnal2","Nipbl",NA
"Trappc5","Brk1",NA
"Zdhhc8","Top2b",NA
"Ubald2","Rps8",NA
"Prrg1","Trnt1",NA
"Ldha","Arhgef40",NA
"Gm57085","H2ax",NA
"Ppcs","Fbxw7",NA
"Larp7","Amz2",NA
"Ddx41","Aldh7a1",NA
"Heca","Taf15",NA
"Phf3","Prpf40a",NA
"Shmt1","Gaa",NA
"Chmp1b","Dtymk",NA
"Usp6nl","Gda",NA
"Acbd3","Zfp800",NA
"Cdk11b","Pik3ca",NA
"Ubr4","Ppp1r2",NA
"Lix1","Igbp1",NA
"Tmem179b","Clk4",NA
"Phactr4","Trim8",NA
"Hnrnpa0","Hipk1",NA
"Fam219a","Dpm2",NA
"Nsrp1","Elp2",NA
"Slc9a8","Pafah1b1",NA
"BC004004","Ptgr3",NA
"Frg2f1","Csnk1d",NA
"Ptpmt1","Api5",NA
"Gm57003","Cdc16",NA
"Gm56517","Tmem263",NA
"Rnase4","Ndrg1",NA
"Kpna6","Txndc9",NA
"Tmem245","Smarca4",NA
"Pcdh18","Pals1",NA
"Ppif","Atf4",NA
"Mta1","Med1",NA
"Grcc10","Pqbp1",NA
"Braf","Stard4",NA
"Tiam1","Cpd",NA
"Fut10","Ssr3",NA
"Ptms","Mob1a",NA
"Klf13","Arsa",NA
"Ing1","Scand1",NA
"Farsb","Nr2c2",NA
"Acot2","Sf3b6",NA
"Gm16740","Maea",NA
"Pcm1","Arf3",NA
"Thy1","Dnajc21",NA
"Lims1","Luc7l3",NA
"Col1a2","Strn3",NA
"Spidr","Ubxn1",NA
"Rspo2","Dctn2",NA
"Wdr83","Fkbp8",NA
"Gpcpd1","Gnas",NA
"Dpm1","Eef2",NA
"Dstn",NA,NA
"Tulp4",NA,NA
"Cds2",NA,NA
"Arap1",NA,NA
"Vps18",NA,NA
"Ctsa",NA,NA
"Cox18",NA,NA
"Rabgap1",NA,NA
"Ropn1l",NA,NA
"Mul1",NA,NA
"Bhlhb9",NA,NA
"Gm10250",NA,NA
"Slc44a2",NA,NA
"Pum2",NA,NA
"Tyro3",NA,NA
"Cdc42bpa",NA,NA
"Prkd3",NA,NA
"Pvt1",NA,NA
"Gatad2b",NA,NA
"4930503L19Rik",NA,NA
"Hspa1b",NA,NA
"Snora73b",NA,NA
"Asb13",NA,NA
"Akap1",NA,NA
"Mtpap",NA,NA
"Phospho2",NA,NA
"Nvl",NA,NA
"Ap3m2",NA,NA
"Pmf1",NA,NA
"Fez2",NA,NA
"Lypla1",NA,NA
"Rnf24",NA,NA
"Smarcd2",NA,NA
"Gm8566",NA,NA
"Capn2",NA,NA
"Gipc1",NA,NA
"Mical3",NA,NA
"Smad7",NA,NA
"Ccdc124",NA,NA
"Gm11930",NA,NA
"9330160F10Rik",NA,NA
"Cdkn2d",NA,NA
"Gpd2",NA,NA
"Rnf44",NA,NA
"Lrp12",NA,NA
"Epas1",NA,NA
"Mrps23",NA,NA
"Eif2b1",NA,NA
"Aldh3b3",NA,NA
"Trim67",NA,NA
"Svep1",NA,NA
"B4galt3",NA,NA
"Cars2",NA,NA
"Pcbp3",NA,NA
"Tnks2",NA,NA
"Abraxas1",NA,NA
"Snrnp200",NA,NA
"Scpep1",NA,NA
"Mkrn1",NA,NA
"Pus10",NA,NA
"Prodh",NA,NA
"Msln",NA,NA
"Pcolce2",NA,NA
"Rida",NA,NA
"Hectd1",NA,NA
"Appl1",NA,NA
"Lgalsl",NA,NA
"Retreg2",NA,NA
"Dnajc19",NA,NA
"Tcaim",NA,NA
"Arfgap3",NA,NA
"Sgk3",NA,NA
"Srpk2",NA,NA
"Wrn",NA,NA
"C330018D20Rik",NA,NA
"Mroh1",NA,NA
"Hoxa5",NA,NA
"AA465934",NA,NA
"Man1b1",NA,NA
"Lrrc8d",NA,NA
"Smc1a",NA,NA
"Ophn1",NA,NA
"Tmsb10",NA,NA
"Gm43737",NA,NA
"Abtb2",NA,NA
"Park7",NA,NA
"Col4a1",NA,NA
"Zfp518b",NA,NA
"Gmip",NA,NA
"Mrpl11",NA,NA
"Gm46404",NA,NA
"Dusp19",NA,NA
"F3",NA,NA
"Arhgap19",NA,NA
"Ppp1r12a",NA,NA
"Ahnak",NA,NA
"Asb8",NA,NA
"Gm50340",NA,NA
"Hip1r",NA,NA
"Cuedc1",NA,NA
"Denr",NA,NA
"Timm13",NA,NA
"Rbks",NA,NA
"2310039H08Rik",NA,NA
"Rchy1",NA,NA
"Dxo",NA,NA
"Mnt",NA,NA
"Nxpe3",NA,NA
"Tmem184b",NA,NA
"Tbx15",NA,NA
"Zfp992",NA,NA
"Gabre",NA,NA
"Gm49741",NA,NA
"Tbcel",NA,NA
"Erbb2",NA,NA
"Wdr81",NA,NA
"Tmem147",NA,NA
"Mbnl2",NA,NA
"Pop5",NA,NA
"Rtf1",NA,NA
"Ubiad1",NA,NA
"Fbxo22",NA,NA
"Nucb1",NA,NA
"Lztr1",NA,NA
"Stimate",NA,NA
"Acox2",NA,NA
"Fbxo33",NA,NA
"Serpinh1",NA,NA
"Myo5a",NA,NA
"Cip2a",NA,NA
"Cklf",NA,NA
"Chchd6",NA,NA
"Radil",NA,NA
"Mff",NA,NA
"Cr1l",NA,NA
"Gm56878",NA,NA
"Wipi2",NA,NA
"Csgalnact2",NA,NA
"Tmem170b",NA,NA
"Ccnl2",NA,NA
"Mmaa",NA,NA
"4933431K14Rik",NA,NA
"Otub2",NA,NA
"Hnrnpll",NA,NA
"Nherf1",NA,NA
"Odf2",NA,NA
"Ssbp4",NA,NA
"Slc38a10",NA,NA
"Gmds",NA,NA
"Plekhn1",NA,NA
"Swsap1",NA,NA
"Hopx",NA,NA
"Mrpl44",NA,NA
"Tars3",NA,NA
"Vps28",NA,NA
"Zkscan14",NA,NA
"Gabbr1",NA,NA
"Casp3",NA,NA
"Hilpda",NA,NA
"Nudt4",NA,NA
"Sanbr",NA,NA
"Pak2",NA,NA
"Hpcal1",NA,NA
"Gng10",NA,NA
"Mat2b",NA,NA
"Mrpl36",NA,NA
"Snx9",NA,NA
"Map4k3",NA,NA
"Cdc42ep3",NA,NA
"Lca5",NA,NA
"Tusc2",NA,NA
"Ids",NA,NA
"Hoxb4",NA,NA
"Nadsyn1",NA,NA
"Xkr8",NA,NA
"0610040B10Rik",NA,NA
"Ormdl1",NA,NA
"Psme3",NA,NA
"Mkln1os",NA,NA
"4921524J17Rik",NA,NA
"Slf2",NA,NA
"Ube2m",NA,NA
"Vash2",NA,NA
"Nicol1",NA,NA
"Wfdc12",NA,NA
"B930094E09Rik",NA,NA
"Usp19",NA,NA
"Ep300",NA,NA
"Cyp2j6",NA,NA
"4833417C18Rik",NA,NA
"Tut4",NA,NA
"Cd81",NA,NA
"Brms1l",NA,NA
"Ppm1g",NA,NA
"Neo1",NA,NA
"Fzd3",NA,NA
"Sptbn1",NA,NA
"Gm56994",NA,NA
"Gm41541",NA,NA
"Cdc73",NA,NA
"Rgs12",NA,NA
"Gng11",NA,NA
"Phyhd1",NA,NA
"Sass6",NA,NA
"Osbpl2",NA,NA
"Vstm2a",NA,NA
"Tmem131l",NA,NA
"Exd1",NA,NA
"Polm",NA,NA
"Adh7",NA,NA
"Kmt5c",NA,NA
"Lrrn4cl",NA,NA
"Nsmf",NA,NA
"Acaa1b",NA,NA
"Tmx3",NA,NA
"Nexn",NA,NA
"Ccdc47",NA,NA
"Dbn1",NA,NA
"Siae",NA,NA
"Slc37a2",NA,NA
"Nlgn2",NA,NA
"Acp6",NA,NA
"Gpi1",NA,NA
"Elac2",NA,NA
"Epn2",NA,NA
"H13",NA,NA
"Stxbp3",NA,NA
"Slc19a1",NA,NA
"Gpalpp1",NA,NA
"Eeig1",NA,NA
"Zfp180",NA,NA
"Mustn1",NA,NA
"Jmjd1c",NA,NA
"1810041H14Rik",NA,NA
"Magi1",NA,NA
"Foxc2",NA,NA
"Gnl3l",NA,NA
"Aqp5",NA,NA
"Gm57385",NA,NA
"Parm1",NA,NA
"Bex3",NA,NA
"Papss1",NA,NA
"Prss23",NA,NA
"Usp40",NA,NA
"Mob3a",NA,NA
"Frat1",NA,NA
"Sema6d",NA,NA
"Manbal",NA,NA
"Pstk",NA,NA
"Asah1",NA,NA
"Pigo",NA,NA
"9430081H08Rik",NA,NA
"Col4a5",NA,NA
"Sdhaf2",NA,NA
"Mfsd14a",NA,NA
"Atp6v0a1",NA,NA
"Zbtb5",NA,NA
"Cenpt",NA,NA
"Dixdc1",NA,NA
"Thumpd2",NA,NA
"Vps13b",NA,NA
"Gm56596",NA,NA
"Rpp14",NA,NA
"Hdac4",NA,NA
"Slc1a4",NA,NA
"Psma5",NA,NA
"Anapc5",NA,NA
"Lrch3",NA,NA
"Mocs2",NA,NA
"Crebbp",NA,NA
"Usp22",NA,NA
"Mrm2",NA,NA
"Sypl1",NA,NA
"9330175E14Rik",NA,NA
"Ncald",NA,NA
"Rab11fip5",NA,NA
"Snrk",NA,NA
"Sh2b1",NA,NA
"Ppp2r3a",NA,NA
"Fgf10",NA,NA
"Glmn",NA,NA
"Ubp1",NA,NA
"Lmo7",NA,NA
"Lekr1",NA,NA
"Ssh1",NA,NA
"Atp1b1",NA,NA
"Gm57241",NA,NA
"Pbrm1",NA,NA
"Polr2m",NA,NA
"Triap1",NA,NA
"Spire1",NA,NA
"Hdac11",NA,NA
"Hipk2",NA,NA
"Grb14",NA,NA
"Zfp983",NA,NA
"Gm14966",NA,NA
"Gm43136",NA,NA
"Mocos",NA,NA
"Samd8",NA,NA
"Arhgef10l",NA,NA
"Gfer",NA,NA
"Pef1",NA,NA
"D130020L05Rik",NA,NA
"Fam13c",NA,NA
"Rraga",NA,NA
"Hsd17b12",NA,NA
"Nsun5",NA,NA
"Srrm1",NA,NA
"Snord89",NA,NA
"Nqo2",NA,NA
"Gm36220",NA,NA
"Mpnd",NA,NA
"Arid2",NA,NA
"Mief1",NA,NA
"Spata6",NA,NA
"Gm37691",NA,NA
"Ift122",NA,NA
"Vps35",NA,NA
"Gm43667",NA,NA
"Ahdc1",NA,NA
"Gm10642",NA,NA
"Ptpra",NA,NA
"Ehmt2",NA,NA
"Dpy19l3",NA,NA
"Fnip2",NA,NA
"Ptbp3",NA,NA
"Fancc",NA,NA
"Fmo1",NA,NA
"Tank",NA,NA
"Ube2f",NA,NA
"Ccdc82",NA,NA
"Etaa1",NA,NA
"Huwe1",NA,NA
"Jade1",NA,NA
"Klf4",NA,NA
"Pdia5",NA,NA
"Zfp3",NA,NA
"Prkca",NA,NA
"Tbrg4",NA,NA
"Rangrf",NA,NA
"Gbf1",NA,NA
"Btg2",NA,NA
"Mrs2",NA,NA
"Zzz3",NA,NA
"Pgbd1",NA,NA
"Runx2",NA,NA
"Slc25a26",NA,NA
"Pgd",NA,NA
"Kpna3",NA,NA
"Thoc2",NA,NA
"Cbx7",NA,NA
"Rnf215",NA,NA
"Brd9",NA,NA
"Rnasel",NA,NA
"Mettl16",NA,NA
"Mpv17l2",NA,NA
"9430038I01Rik",NA,NA
"Tlk1",NA,NA
"Zcchc9",NA,NA
"Med6",NA,NA
"Chrac1",NA,NA
"Atf6b",NA,NA
"Zkscan5",NA,NA
"Pkig",NA,NA
"Col8a1",NA,NA
"Zc3h14",NA,NA
"Lrrc51",NA,NA
"Gm22748",NA,NA
"Stk38l",NA,NA
"Arl2",NA,NA
"Lats2",NA,NA
"Abhd17b",NA,NA
"Akap9",NA,NA
"Gpsm1",NA,NA
"Cbfb",NA,NA
"Ttll1",NA,NA
"Csnk1a1",NA,NA
"Slc3a2",NA,NA
"Rpia",NA,NA
"Dnaja3",NA,NA
"Pik3cb",NA,NA
"Cwc25",NA,NA
"Slc35b2",NA,NA
"Spin1",NA,NA
"Plekhg2",NA,NA
"Mettl23",NA,NA
"Med8",NA,NA
"Tmem134",NA,NA
"Gm43860",NA,NA
"Nr1h3",NA,NA
"Mier1",NA,NA
"Tshz1",NA,NA
"Limk1",NA,NA
"Nid1",NA,NA
"Dram2",NA,NA
"Lyrm4",NA,NA
"Tmem121",NA,NA
"Alg14",NA,NA
"Mxra8",NA,NA
"Ankrd12",NA,NA
"Atox1",NA,NA
"Zfp608",NA,NA
"Thoc5",NA,NA
"Ahctf1",NA,NA
"Mrpl10",NA,NA
"Cbx5",NA,NA
"Zfp595",NA,NA
"Plekhg5",NA,NA
"Gm10138",NA,NA
"Rxrg",NA,NA
"Snora30",NA,NA
"Pde6d",NA,NA
"Coro2b",NA,NA
"Mrgprf",NA,NA
"Tubd1",NA,NA
"Pcnt",NA,NA
"Tubg1",NA,NA
"Gm45769",NA,NA
"Prss36",NA,NA
"Plpp5",NA,NA
"Tfap4",NA,NA
"Stk11ip",NA,NA
"Elovl3",NA,NA
"Cd1d1",NA,NA
"Tsfm",NA,NA
"Uxs1",NA,NA
"Fastkd1",NA,NA
"Bicc1",NA,NA
"Ptcd2",NA,NA
"Igf2r",NA,NA
"Myo6",NA,NA
"Mrpl3",NA,NA
"Wdfy2",NA,NA
"Pex12",NA,NA
"Usp12",NA,NA
"Rpl36",NA,NA
"Gm57397",NA,NA
"Fmo5",NA,NA
"Slc9a6",NA,NA
"Alkbh6",NA,NA
"Gfm2",NA,NA
"Atn1",NA,NA
"Klf10",NA,NA
"Mysm1",NA,NA
"Rnf126",NA,NA
"A430033K04Rik",NA,NA
"Gm11696",NA,NA
"Six1",NA,NA
"Zfp65",NA,NA
"Rab18",NA,NA
"Ap5z1",NA,NA
"Prickle3",NA,NA
"Dzip1l",NA,NA
"A630089N07Rik",NA,NA
"Mfsd9",NA,NA
"Slc50a1",NA,NA
"Smad4",NA,NA
"Mgat3",NA,NA
"Midn",NA,NA
"Rtkn",NA,NA
"L3hypdh",NA,NA
"Smchd1",NA,NA
"Mapk3",NA,NA
"Ccdc117",NA,NA
"Luzp1",NA,NA
"Mrpl41",NA,NA
"Ddt",NA,NA
"Exoc3",NA,NA
"Cenpc1",NA,NA
"Nmnat2",NA,NA
"Jak1",NA,NA
"Trio",NA,NA
"Gm16675",NA,NA
"Naip2",NA,NA
"Cmtm7",NA,NA
"ENSMUSG00000121794",NA,NA
"Med14",NA,NA
"Carmil1",NA,NA
"Tvp23bos",NA,NA
"Rplp2",NA,NA
"Gm16754",NA,NA
"Tshz3",NA,NA
"Fam53b",NA,NA
"Stc1",NA,NA
"Alms1",NA,NA
"Selenow",NA,NA
"D16Ertd472e",NA,NA
"Flt3l",NA,NA
"Ctsb",NA,NA
"Psph",NA,NA
"Gtf2h5",NA,NA
"Snap29",NA,NA
"Jak3",NA,NA
"Cyp4f16",NA,NA
"Nelfe",NA,NA
"Golga4",NA,NA
"Mcm10",NA,NA
"Zc2hc1a",NA,NA
"Tmem268",NA,NA
"Ttbk2",NA,NA
"Pold4",NA,NA
"Gm17501",NA,NA
"Gm15867",NA,NA
"Trp63",NA,NA
"Nmnat1",NA,NA
"Adam15",NA,NA
"Amot",NA,NA
"Kti12",NA,NA
"Wdfy1",NA,NA
"Cln8",NA,NA
"Fem1a",NA,NA
"Clec10a",NA,NA
"Serpinb1a",NA,NA
"Pknox2",NA,NA
"Psmg3",NA,NA
"Abi3bp",NA,NA
"Cdc25a",NA,NA
"Synj2bp",NA,NA
"Cd9",NA,NA
"Lgals4",NA,NA
"Uggt2",NA,NA
"Ptbp2",NA,NA
"Tmem218",NA,NA
"Dffa",NA,NA
"Rbl2",NA,NA
"Tpst1",NA,NA
"Trerf1",NA,NA
"Bsdc1",NA,NA
"Chrna2",NA,NA
"Prorsd1",NA,NA
"Def8",NA,NA
"Ahi1",NA,NA
"Dhdds",NA,NA
"Cdh2",NA,NA
"Gm10851",NA,NA
"Adarb1",NA,NA
"Vps37d",NA,NA
"Slc31a2",NA,NA
"Eppk1",NA,NA
"Med13l",NA,NA
"Rab7",NA,NA
"Cep85l",NA,NA
"Srpk1",NA,NA
"Zfp365",NA,NA
"Acot8",NA,NA
"Hotairm1",NA,NA
"Elp3",NA,NA
"Pgam5",NA,NA
"Arhgap6",NA,NA
"Gm56824",NA,NA
"Gstt3",NA,NA
"Acot13",NA,NA
"Rgs17",NA,NA
"Abi2",NA,NA
"Tfb1m",NA,NA
"Map7d1",NA,NA
"Ppp6c",NA,NA
"Foxf2",NA,NA
"Mxra7",NA,NA
"Mcfd2",NA,NA
"Tspan18",NA,NA
"Trmu",NA,NA
"Gm37397",NA,NA
"Tmem202",NA,NA
"Nthl1",NA,NA
"Gm10509",NA,NA
"Mast3",NA,NA
"Setd2",NA,NA
"Adcy3",NA,NA
"Rnf157",NA,NA
"Ppara",NA,NA
"Acsbg1",NA,NA
"Klf3",NA,NA
"Aaas",NA,NA
"Gm12781",NA,NA
"Gpr162",NA,NA
"Prdm4",NA,NA
"Tradd",NA,NA
"Pcna-ps2",NA,NA
"Fbln5",NA,NA
"Stx4a",NA,NA
"Gm4117",NA,NA
"Arl6",NA,NA
"Wasf2",NA,NA
"Gm10134",NA,NA
"Spryd4",NA,NA
"Nudt9",NA,NA
"Tgfb3",NA,NA
"Phf20",NA,NA
"Cma1",NA,NA
"Apaf1",NA,NA
"Ghrh",NA,NA
"Slc35f5",NA,NA
"Spsb2",NA,NA
"Ift70b",NA,NA
"Kif4",NA,NA
"Cyrib",NA,NA
"Pcyt1b",NA,NA
"C1s2",NA,NA
"Pdk3",NA,NA
"Map3k20",NA,NA
"Cinp",NA,NA
"Matn2",NA,NA
"Arhgap17",NA,NA
"Smyd3",NA,NA
"Nmrk1",NA,NA
"Ltc4s",NA,NA
"Mrps2",NA,NA
"Tm9sf3",NA,NA
"Pex10",NA,NA
"Dusp28",NA,NA
"Macf1",NA,NA
"Fbn1",NA,NA
"Atg13",NA,NA
"1700018L02Rik",NA,NA
"mt-Co1",NA,NA
"Mrpl9",NA,NA
"Coq2",NA,NA
"Cplane1",NA,NA
"Mrps11",NA,NA
"Evc",NA,NA
"Mrps17",NA,NA
"Dennd5b",NA,NA
"Endou",NA,NA
"Ddx49",NA,NA
"Ash1l",NA,NA
"Gfm1",NA,NA
"Fam171a1",NA,NA
"Irf2bpl",NA,NA
"Clstn1",NA,NA
"Kif21a",NA,NA
"Sox4",NA,NA
"Tctn2",NA,NA
"ENSMUSG00000121430",NA,NA
"Pop7",NA,NA
"Vgll3",NA,NA
"Acot6",NA,NA
"Zfp574",NA,NA
"Laptm4b",NA,NA
"Usf2",NA,NA
"Plpp1",NA,NA
"Glg1",NA,NA
"Atad3a",NA,NA
"Srrm2",NA,NA
"Tomm7",NA,NA
"Bud31",NA,NA
"Ctsz",NA,NA
"Slc9a5",NA,NA
"Acsf2",NA,NA
"Tmem62",NA,NA
"Necap1",NA,NA
"Htt",NA,NA
"Lonp1",NA,NA
"Arhgap21",NA,NA
"Snap23",NA,NA
"Apba3",NA,NA
"Saal1",NA,NA
"Pmpcb",NA,NA
"C1qbp",NA,NA
"Ubxn2b",NA,NA
"Tle6",NA,NA
"Abhd13",NA,NA
"Zscan12",NA,NA
"Slc25a39",NA,NA
"Calhm2",NA,NA
"Hars2",NA,NA
"Yaf2",NA,NA
"Pdlim5",NA,NA
"Timm23",NA,NA
"Plcb3",NA,NA
"Krt79",NA,NA
"Pear1",NA,NA
"4930556M19Rik",NA,NA
"ENSMUSG00000121871_Slc2a4rg-ps",NA,NA
"Pip4k2a",NA,NA
"Mmachc",NA,NA
"Mrpl47",NA,NA
"Pip4p2",NA,NA
"Tbc1d14",NA,NA
"Cystm1",NA,NA
"Col6a3",NA,NA
"Rcor3",NA,NA
"Slc22a5",NA,NA
"Mon1b",NA,NA
"Mrpl50",NA,NA
"Nudt19",NA,NA
"Gm8186",NA,NA
"Fbxo7",NA,NA
"Fbxw9",NA,NA
"Pex1",NA,NA
"Psmd4",NA,NA
"Prkci",NA,NA
"Maoa",NA,NA
"Gin1",NA,NA
"Ddx27",NA,NA
"Hmgxb4",NA,NA
"Qser1",NA,NA
"Xrn1",NA,NA
"Hapln4",NA,NA
"Cks2",NA,NA
"Zmat3",NA,NA
"Snf8",NA,NA
"Gm14403",NA,NA
"Man1a2",NA,NA
"Ethe1",NA,NA
"Fbxl18",NA,NA
"Picalm",NA,NA
"Slc17a5",NA,NA
"Zup1",NA,NA
"Xpnpep3",NA,NA
"Siva1",NA,NA
"Maml2",NA,NA
"Hace1",NA,NA
"Tiparp",NA,NA
"Prkcsh",NA,NA
"Aspa",NA,NA
"Rsf1",NA,NA
"Mpg",NA,NA
"Oat",NA,NA
"Mtx1",NA,NA
"Sufu",NA,NA
"Iba57",NA,NA
"Yars1",NA,NA
"Parp4",NA,NA
"Rnaset2a",NA,NA
"Elovl6",NA,NA
"Slc12a9",NA,NA
"Fam118a",NA,NA
"Hmgn2",NA,NA
"Rbpms",NA,NA
"mt-Rnr2",NA,NA
"Igfbp7",NA,NA
"Tm7sf3",NA,NA
"Gjc1",NA,NA
"Rars2",NA,NA
"Evi5",NA,NA
"Tmem86a",NA,NA
"Acap2",NA,NA
"Slc16a10",NA,NA
"Whamm",NA,NA
"Mmp23",NA,NA
"Sall2",NA,NA
"Timmdc1",NA,NA
"Slc19a2",NA,NA
"Phtf1",NA,NA
"Pfkl",NA,NA
"Cryab",NA,NA
"Add1",NA,NA
"Cdh11",NA,NA
"Cflar",NA,NA
"Trib3",NA,NA
"Mrps9",NA,NA
"Lemd3",NA,NA
"Exoc4",NA,NA
"Pld2",NA,NA
"Sec61a2",NA,NA
"Pex5",NA,NA
"Siah2",NA,NA
"Slc25a32",NA,NA
"Ccdc85c",NA,NA
"Phc1",NA,NA
"Pfkfb4",NA,NA
"Plekhm1",NA,NA
"Syne2",NA,NA
"Slc35d1",NA,NA
"Fam210a",NA,NA
"Xrcc5",NA,NA
"Pdcd6ip",NA,NA
"Dync2li1",NA,NA
"Wls",NA,NA
"Rps6ka5",NA,NA
"Atpsckmt",NA,NA
"Ing3",NA,NA
"Arhgef25",NA,NA
"Pi4ka",NA,NA
"Rpa1",NA,NA
"Pomgnt1",NA,NA
"Ccdc112",NA,NA
"Mettl5",NA,NA
"Rab10",NA,NA
"Gpx7",NA,NA
"9330133O14Rik",NA,NA
"Chka",NA,NA
"Zfp90",NA,NA
"Lin7c",NA,NA
"Smpd2",NA,NA
"Kidins220",NA,NA
"Vim",NA,NA
"Gapdh",NA,NA
"Rab9",NA,NA
"Tmem230",NA,NA
"Aasdhppt",NA,NA
"Dip2c",NA,NA
"Rnf122",NA,NA
"Arfgef1",NA,NA
"Dhodh",NA,NA
"Mrpl17",NA,NA
"Polr1has",NA,NA
"Slc36a1",NA,NA
"Sap30l",NA,NA
"Mafg",NA,NA
"Rnf166",NA,NA
"Maged2",NA,NA
"Ccdc127",NA,NA
"Slc4a4",NA,NA
"Dnajc24",NA,NA
"Specc1l",NA,NA
"Chst15",NA,NA
"Bcl7a",NA,NA
"Fbxl17",NA,NA
"Tbcd",NA,NA
"Slc33a1",NA,NA
"Nenf",NA,NA
"Ccdc22",NA,NA
"Plekhf2",NA,NA
"Ubap2",NA,NA
"Usp10",NA,NA
"Mrpl32",NA,NA
"Tmem129",NA,NA
"Sh3bp4",NA,NA
"Cmpk1",NA,NA
"Mcoln1",NA,NA
"Ptgis",NA,NA
"Hnrnpu",NA,NA
"Nf2",NA,NA
"Brpf3",NA,NA
"Kank2",NA,NA
"Bahd1",NA,NA
"Erlin1",NA,NA
"Ngrn",NA,NA
"Sdhaf3",NA,NA
"Hspe1",NA,NA
"Dnaaf9",NA,NA
"Tgm2",NA,NA
"Atp6v1a",NA,NA
"Fam110a",NA,NA
"Phyh",NA,NA
"Bltp3a",NA,NA
"Tomm6",NA,NA
"Gcc2",NA,NA
"Fam114a1",NA,NA
"Gtf2h3",NA,NA
"Ap3m1",NA,NA
"Net1",NA,NA
"Timm9",NA,NA
"Rpl7l1",NA,NA
"Fam216a",NA,NA
"Ppp1r21",NA,NA
"Ctcf",NA,NA
"Creg1",NA,NA
"Poglut3",NA,NA
"Socs4",NA,NA
"Lpgat1",NA,NA
"Pigt",NA,NA
"Osr1",NA,NA
"Kif1c",NA,NA
"Fzr1",NA,NA
"Ccdc71l",NA,NA
"Ddr1",NA,NA
"Atosb",NA,NA
"Cers6",NA,NA
"Fn1",NA,NA
"Prkrip1",NA,NA
"1700123O20Rik",NA,NA
"Sec22b",NA,NA
"Mrps18c",NA,NA
"Rere",NA,NA
"Taf3",NA,NA
"Arfrp1",NA,NA
"Srsf9",NA,NA
"Rin2",NA,NA
"Vamp8",NA,NA
"Snrnp27",NA,NA
"Timp2",NA,NA
"Pus1",NA,NA
"Cope",NA,NA
"Bcorl1",NA,NA
"Suds3",NA,NA
"Macrod1",NA,NA
"Atg12",NA,NA
"Elof1",NA,NA
"Acbd6",NA,NA
"Marchf5",NA,NA
"Timm10b",NA,NA
"Psmd11",NA,NA
"Uso1",NA,NA
"Impact",NA,NA
"Slc25a51",NA,NA
"Prkacb",NA,NA
"Tceal9",NA,NA
"Vps36",NA,NA
"Micu2",NA,NA
"Serpine2",NA,NA
"Bckdhb",NA,NA
"Efemp2",NA,NA
"Ccdc88a",NA,NA
"Lpp",NA,NA
"Ggnbp2",NA,NA
