"Shared","B.SCO","B.CAP7"
"Arxes2","Bzw2","Ccl9"
"Angptl4","Ltc4s","Gm35853"
"Cd36","Aatf","Kitl"
"Hsd17b12","Nabp1","Hspa5"
"Emp1","Rassf6","Pkm"
"Dlc1","Scd1","Psma1"
"Arl4a","Cdkl5","Dhrs3"
"Plin2","Ginm1","Cyp26b1"
"Hp","Cyb5a","Dennd2a"
"Cidec","Rnd2","Mfsd1"
"Retsat","Osgin1","Mkln1"
"4931406C07Rik","Phlda3","Ksr1"
"Mcrip2","Adamts15","Egln1"
"Hprt1","Riok2","Limk1"
"Idh3a","Zbtb11os1","Ssbp4"
"St3gal6","Map2k3","Adh7"
"Tmem176a","Acer2","Vnn3"
"Ephx2","Emp2","Ctso"
"Fabp4","Snrpb","Nampt"
"Igfals","P4hb","Mcm3"
"Nat8l","Dock11","Gns"
"Gas6","Rab6b","Acp5"
"Acox1","Fbxo2","Blmh"
"Ppp2r5a","Cyp4f17","Fzd1"
"Pck1","Fbxo25","Tmt1a"
"Asns","Matn2","Rrm2"
"Lrrc39","Zhx1","Sqor"
"Sorbs1","Tmtc4","Ufsp2"
"Olfml2b","Pdxk","Uso1"
"Cbr3","Tbc1d20","Maoa"
"Pgd","Slc20a2","Dusp1"
"Tmed5","Rpl32","Sccpdh"
"Tmem176b","Exoc2","Rcor2"
"Ralgds","Gm34084","Golga2"
"Acsl1","Gm20544","Anks6"
"Col5a2","Qtrt2","Dglucy"
"Mxra8","D16Ertd472e","Dynlt2b"
"Ciapin1","Aspa","Dazap1"
"Cryab","Dynlt3","Impact"
"Sparcl1","Pdzd2","Tenm4"
"Pnpla2","Slc35b4","Ppp1r3b"
"Rab5if","Prdx1","Rnf126"
"Ppp1r15b","Cldn12","Apoc4"
"Pex19","Trim24","Ddit3"
"Dlat","Mindy1","Cox4i1"
"Fabp5","Naa60","Rnf150"
"Tmem182","Flacc1","Ndrg1"
"Pdcd4","Hapln4","Alpl"
"Nipsnap1","Dcun1d3","Lipa"
"Chp1","Pwwp3a","Srgap3"
"Ffar2","Csf2rb","Rap2c"
"Pex16","Macrod1","Rpl7l1"
"Syn2","Fah","Cd9"
"Pim3","Ltbp3","Rgs16"
"Pdk2","Nans","Adam23"
"Thbd","Lgi4","Colec12"
"Adcyap1r1","Cox8b","Ubxn2b"
"Hadhb","Ftl1","Ndufs4"
"Alas1","Mtfp1","Cdk4"
"Tuba1a","Psip1","Ddit4"
"Adamts1","1810021B22Rik","Meis3"
"Arhgef17","Ogfod1","Cd302"
"1600014C10Rik","Trf","Bc1"
"Hipk3","Pacsin3","Mt2"
"Ubqln1","Ppfibp1","Sucla2"
"Picalm","Txnl4b","Cav1"
"Hcar2","Rps24","Kdm4b"
"Hsd11b1","Maco1","Setd7"
"Rgs2","Gclc","Edem1"
"Mrpl15","Eif3h","Steap3"
"Col1a2","Rps6kb1","Sfpq"
"Cyp2f2","Elavl1","Gper1"
"Cox5a","Itga1","Cyb5r1"
"Sfxn1","2210408F21Rik","mt-Co1"
"Hspd1","Dxo","Yjefn3"
"Pnpla8","Ubd","Copz1"
"Prkar2b","Tef","Cope"
"Cmbl","Sco2","Vhl"
"Dnajb9","Rap2a","Gulp1"
"Orm1","Crlf1","Stx7"
"S100a6","Ikbkg","Ehbp1l1"
"Tspan4","Foxd1","Pnp"
"Qdpr","Bhlhe40","Plin3"
"Pdxp","Ap5s1","Cox6c"
"Ehd1","Tnip1","Erap1"
"Agpat3","Mgat4b","Adrb3"
"Tmem120a","Cenpv","Slc5a6"
"Ces1f","Bdh2","Rpe"
"Hycc2","Zfp827","Cd44"
"Nrep","Pabpc4","Rbck1"
"Rxra","Gba1","Dab2"
"Fbln5","Maf1","Rcn2"
"Tgfbi","Cd1d1","Higd1a"
"Gpat3","Chpt1","Fam117b"
"Bgn","Sptlc2","Lmo4"
"Aspn","Gm57475","Trim2"
"Anxa8","Fgfr1","Ctr9"
"Lpcat3","Ankrd24","Mrpl35"
"Hadha","Lamb3","Smim29"
"Septin6","Rars1","Gpatch4"
"Cat","Arl2bp","Cebpg"
"Sod2","Lgals12","Arih2"
"Serpinb6a","Rpn2","Tlr4"
"Serpina3c","Gtpbp4","Pex11a"
"Col3a1","Nop10","1700017B05Rik"
"Grhpr","Tmem263","Lrrc17"
"Adipor2","Il34","H2ac25"
"Dhrs7b","Nbdy","Lig1"
"Olfml3","Tmem170","Slc25a10"
"Aldh1a7","Rnf122","Rdh10"
"Cald1","Sc5d","Angptl6"
"Trabd2b","Mospd1","Usf3"
"Echdc1","Stk35","Sema3g"
"Dhrs9","Gde1","Rraga"
"Ctsl","Atad1","Rnf128"
"Tmem109","Col4a1","Mthfd1l"
"Efr3a","F2r","P2rx4"
"Mmgt1","Adh1","Isca1"
"Pea15a","Abtb2","Tlk2"
"Sparc","A330074K22Rik","Npepps"
"Ndufaf4","Zeb1","Isoc2a"
"Pdhb","Cnp","Amy1"
"Slc9a6","Megf9","Tnfsf12"
"Sult1a1","Pla2g4a","Ostf1"
"Trarg1","Cdk5rap3","Atp6v1a"
"Mustn1","Fads1","Plxnb2"
"Sfrp2","Ccdc6","Abcc1"
"Bcap31","Cebpz","Ebpl"
"Fitm2","Tusc3","Cav2"
"Ccl6","Kdelr3","Uqcrc2"
"Lfng","Grina","Tmem161a"
"Lhfpl2","Pmp22","Whamm"
"Gstt3","Mtus1","Pitpnb"
"Msra","Pld2","Ppp2r2a"
"Rasl11a","Gm10138","Lrg1"
"Vim","Igfbp4","Pip5k1c"
"Mmp14","Mapk7","Coq3"
"Aco2","BC034090","Gpd2"
"Gpd1","Irf2bpl","Slc25a46"
"C9orf72","Hotairm1","2700097O09Rik"
"Marchf5","Ogn","Gng2"
"Ly6c1","Copg1","Ahcyl2"
"Prxl2a","Col4a2","Aars1"
"Prdx3","Cers2","Siae"
"Emc6","Zfp618","Plekha2"
"Ift122","Coro1c","Atp5mf"
"Mcur1","Msx1","Myl6b"
"Acta2","Cdk2ap2","Ptcd2"
"Sh3bp5","Rheb","Plec"
"Decr1","Kif21a","Stbd1"
"Cavin1","6330409D20Rik","Ghrh"
"Ermp1","Sdf4","Pcgf5"
"Abhd5","2310015A10Rik","Ulk1"
"Cited2","Dbp","Slc25a23"
"Adig","Mat2a","Tmem82"
"Clstn3","Alg9","Rab13"
"Nectin2","Pcbp2","Anxa2"
"Nudt4","Commd5","Vapb"
"Derl1","Smcr8","Itpka"
"Aldh9a1","Sra1","Seh1l"
"9130401M01Rik","Rpl31","Spsb2"
"Samm50","Adcy5","Homer3"
"Hmgb3","Wbp1","Mrpl43"
"Hes1","Nr1h2","Asah1"
"Sox4","Naa25","Clk3"
"Egln3","Eif2ak4","Mical1"
"S100a4","Sdhaf1","Fubp1"
"Csf1","Prl2c3","Hmgb1"
"Ier5","Gm37933","Tmem123"
"Ctcflos","Stx11","Selenot"
"Esrra","Lnpep","Klhl2"
"Cluh","Pdk3","D730045B01Rik"
"Prkg2","Cyp4f16","Med27"
"Actn1","Tstd3","Uba3"
"Sox9","Pex5","Dhx36"
"Hsdl2","Dlx4","Fut8"
"Mmd","Slc22a17","Nagpa"
"Atg101","Klf10","Setd5"
"Ubl3","Ar","Tmem150a"
"Nedd4l","Rps21","Il1r1"
"Adissp","Klf15","Ptprn"
"Arxes1","Def8","Osbpl3"
"Tmem147","Ank","Jup"
"Mdh2","Ifngr1","Prorsd1"
"Gsn","Enah","Arpc5l"
"Lonrf1","Ap1g2","Itgb3bp"
"Fosl1","Timm8a1","Pi4k2a"
"Bcl2l13","Fam110b","Plod1"
"Phkg1","Plscr4","Nqo1"
"Acbd4","Lpar4","Ctsz"
"2300009A05Rik","Fastkd1","Arhgef10l"
"Glrx5","Sfr1","Tcof1"
"Fn1","Hacl1","H13"
"Atp5mc1","Myo7a","Rab3a"
"Socs2","Sipa1l3","Slc1a3"
"Col1a1","Map2k5","Cox11"
"Cyc1","1700123O20Rik","Itpr2"
"Fam114a1","Rbm15","Psmb6"
"Bag4","Sephs1","Ccdc85b"
"Fuca1","Uba5","Atp1a2"
"Angpt1","Tarbp1","Mfng"
"Zfp706","Tubb2a","Mlx"
"Pdk4","Ccdc59","Bid"
"Hmox1","Ppil4","Anp32a"
"Cd63","Rufy4","Sgta"
"Immt","Frat2","Dnase1l1"
"Fhl2","Slc46a1","Acbd3"
"Cst3","Snhg8","Fstl1"
"Afg3l2","Hdgfl2","Psmd3"
"Mgst1","Samd4","Sap30"
"Entpd5","Ap3s1","Eif3c"
"Fgfrl1","Fam171b","Cisd3"
"3930402G23Rik","9530082P21Rik","Mt1"
"Peg10","Prtn3","Dnajc5"
"Pde4dip","Dennd5b","D830050J10Rik"
"Nfix","Bbs5","Strip1"
"Adamtsl4","mt-Ta","Caprin1"
"Adam12","Rpl27a","Pigp"
"Fgl1","Tmem131","Ndufb7"
"Zfp655","Dusp10","Smim27"
"Aqp1","Zcchc10","Hmmr"
"Dnajc15","0610005C13Rik","Ergic1"
"Angptl2","Ip6k1","Ndufa2"
"Cldn15","Commd1","Ski"
"Ppargc1b","Lama5","Acaa1a"
"C4b","Mettl15","Med20"
"Prss23","Osbpl8","Renbp"
"Rarres2","Klhl7","Tra2b"
"Snhg18","Copa","Irs1"
"Mpdu1","2310001K24Rik","Cep20"
"Itih4","Sugt1","Atxn2"
"Aatk","Slmap","Dut"
"Ddah2","Ak3","Sec16b"
"Col5a3","Puf60","Polb"
"Nr4a1","Spag5","Tlcd3b"
"Acat2","Ppp2r1b","Acox3"
"Fkbp5","Capns1","BC005624"
"Phb2","Gsr","Sema5a"
"Ncam1","Pfdn5","Ndc80"
"Plpp5","S100a10","Farsa"
"Timp3","Greb1","Nfrkb"
"Snx10","4930503L19Rik","Mfge8"
"Tsku","Pom121","Serpinb8"
"Wnk4","Il15","Sec22b"
"Tpm1","Arhgap23","Hdlbp"
"Sertad4","Ap1s2","Nr2f2"
"Adamts5","Syne2","Rhbdf1"
"Srxn1","Gm39213","D17H6S56E-5"
"Ndufv1","Flt3l","Cd109"
"Lasp1","Rny3","Xpo7"
"Lrrcc1","Spred1","Ly96"
"Aplp2","Vps35l","Uqcr11"
"Cyb561","Map2k7","Rad23b"
"Ptgis","Cdk8","Eif2s2"
"Orm3","Mcrs1","Sumf1"
"Apbb2","Slc29a2","Ccm2"
"Lhfpl6","Ddx17","Atp11b"
"Rbpms","Akap13","Capn2"
"Eif1ad","Rpl39-ps","Dnajc21"
"Aifm2","Rbmx2","Cyb561d2"
"Pcolce","Sec61a1","Nol7"
"Cnn2","Lin7c","Zfand5"
"Larp1b","Mto1","Slc9a8"
"Itm2b","Impa2","Ncoa7"
"Atp6v1e1","Stim2","Stub1"
"Sh3kbp1","Fas","Parl"
"Krt79","Vrk1","Layn"
"Trim29","Ralgapa1","Rhoj"
"Tns2","Anapc5","Cstf2"
"Lrrc58","Tfrc","Clybl"
"Atp6ap2","Ibtk","Cdc42"
"Chchd6","Rps20","Arhgdib"
"Ifrd1","Nt5c2","Net1"
"Zfp503","Camk2d","Mtres1"
"Pls3","Arvcf","Zfp131"
"Blvrb","Ostc","Cdkn1a"
"Plin4","Ncbp2as2","Eola1"
"Mgst3","P3h1","Camk2a"
"Wwtr1","Gm7691","Rgs4"
"Mgst2","Zfp37","Obsl1"
"Slc4a4","Kpnb1","Xpnpep1"
"Etfb","Rps29","Kif20b"
"Ccnd1","Sar1a","Wdr1"
"Prkce","Fkbp4","Eprs1"
"Slc25a20","Snap23","Lamp1"
"Ecm1","Akt1s1","Trim16"
"Mtss2","Sorbs3","Ap2b1"
"Sh3glb1","Eif5a","Nrg1"
"Fgf7","Vps33b","Aebp1"
"Cdr2","Phlpp2","Tgfbr2"
"4122401K19Rik","Nap1l1","9330020H09Rik"
"Cth","Skil","Rreb1"
"Ndufa8","Nsun5","Numbl"
"Apoc1","Zfp948","Dnm1"
"Ptgfr","Napepld","4930579G24Rik"
"Cycs","Imp3","Grem1"
"Uck1","Snrnp48","Tmem50b"
"Dnaja3","Prl2c2","Abhd6"
"Oxnad1","Fam217b","Mrpl57"
"Lix1l","Slc35g1","Zdhhc21"
"Ltbp2","Gdi1","Dcst2"
"Plekhm1","Emg1","Pld3"
"Tmem97","Zfp61","Il6ra"
"Cp","Rps12","Gprin3"
"Mgp","Tnfrsf1b","Camk2n2"
"Atp5mc3","Ppm1d","Snupn"
"Pparg","Tmed9","Rbpms2"
"Gm15411","Pfdn2","Osgep"
"Vdac1","Rfc2","Flt1"
"Gm6166","2610029K11Rik","Antxr1"
"Pcolce2","Plaat3","Il4ra"
"Mrpl34","Nudt22","Atf1"
"Vcam1","Ubl7","Usf2"
"Taldo1","Gm9899","Klhdc10"
"Cyp1b1","Bmal1","Ttc19"
"Slc16a1","Il17rc","Gm56864"
"Nrxn2","Lancl1","Mphosph6"
"Plekhg5","Chd3","Sgk1"
"Slc25a1","Cacng7","Ccdc9b"
"Acadm","Lrif1","Nudt9"
"Dclk1","Tbx15","Evc"
"Psmd4","Sort1","Tbl2"
"Tns1","Sirt7","Gm50455"
"Prelid3b","Rpl14","Srr"
"Rasl11b","Spry1","Arhgef25"
"Gstk1","Champ1","Med14"
"Aqp7","Ppid","Slc25a30"
"Nt5dc2","Inca1","Tubb4b"
"Twf2","Arl3","Lsm5"
"Ube2h","Smpd2","Taok3"
"Ung","Slc25a35","Tes"
"Cxcl12","Zdhhc7","Xrcc3"
"Abhd1","Snhg5","Nsun3"
"Ndufab1","Mgrn1","Cyp4v3"
"Nap1l4","Erbin","Gm9951"
"Ccdc80","Stx2","Nasp"
"Smurf1","A430046D13Rik","Swi5"
"Rhot2","Cstf2t","Tmbim1"
"Hmgcs1","Coro7","Ube2d1"
"Mvd","Abcb8","Ngf"
"Akap1","Mast4","Pdp1"
"Slc25a26","Map2k2","Tcn2"
"Dnajb6","Ppig","Slc2a4"
"Flna","Blvra","Plp2"
"Atp1b1","Lgals1","Smim11"
"Grpel1","Cpd","Usp16"
"Mrc2","Atp6v0e","Smarca2"
"Nus1","Brd7","Boc"
"Podn","Hipk1","Gm57137"
"Il17re","Lbr","Fosl2"
"Efemp2","Dus2","Sirt2"
"Dcn","Mms19","Mtfr1"
"Timp1","Abt1","Mrs2"
"Mocs2","Mylk","Sptssa"
"Axl","Emc3","Riox2"
"Fgf10","Naa40","H4c9"
"Scarb1","Fam13a","Zbed4"
"Crat","Las1l","Paxbp1"
"Isoc1","ENSMUSG00000121504_Ppp4r1l-ps","Diaph1"
"Slc50a1","Tmed2","Ing2"
"Acadvl","Pycr1","Paf1"
"Six1","Fam117a","Gm17501"
"Rwdd4a","Abhd4","Raph1"
"Ivns1abp","Ergic3","Emc8"
"Tpm2","Aggf1","Tpra1"
"Slc25a24","Plpp6","Gtpbp2"
"Scd3","Sox5","Rspo2"
"Pigl","Phax","Tmem106c"
"Coa5","Set","Trp53inp1"
"Ndufa12","Macroh2a1","Vegfa"
"Gdf5","Mical3","C2cd2"
"Appl2","Ppp1r7","Dcaf12"
"Mpp7","Ubac2","Prc1"
"Ndufa11","Immp1l","Ppp1r21"
"Gpi1","S100pbp","Ewsr1"
"Col5a1","H6pd","Cox8a"
"Gm10039","Gsta4","Peg13"
"Creb3l1","Calcoco1","Sel1l"
"Slc27a4","Malat1","Gstm1"
"Tmem134","Tuba4a","Hdgfl3"
"Slc25a39","Jkamp","Ebna1bp2"
"Chchd4","Rpl13","Pgbd1"
"Azin1","Rpl37","Nat8f3"
"Dgat1","Mcfd2","Zfas1"
"Mlycd","Sumo1","Tmem19"
"Thrsp","Dhcr24","Stk38"
"Inhbb","Zbtb4","Cimap1c"
"Gsta3","Dtx2","Fkbp14"
"Psat1","Tm9sf3","Dmtn"
"Ptpn14","Cpsf2","Pacs2"
"Mrgprf","Arcn1","Scrn1"
"Mrps2","Hcfc1r1","Hsf2"
"Dysf","Etfa","Trip6"
"Gpr146","Ube2w","Slc31a1"
"Mccc1","Fip1l1","Mtss1"
"Ccl2","Glud1","Romo1"
"Ormdl3","Rab34","Prpf19"
"Osbpl11","Mrpl36","Cd276"
"Oxct1","Pnrc2","Nat8f1"
"Fam110a","Nfkbia","Sgpl1"
"Trp63","Nolc1","Tmem59"
"Os9","Rpl36a","Insig2"
"Plppr3","Paqr4","Thumpd1"
"Pde1b","Rps25","Nedd4"
"Acadl","Mrpl18","Arsk"
"Pmvk","Rps10","Ubc"
"Cpt2","Hspe1","Mafg"
"Lrrc8d","Ndufa4","Cebpa"
"Armcx2",NA,"Rhbdf2"
"Gsto1",NA,"Fndc10"
"Casp8",NA,"Zmynd8"
"Foxo6",NA,"Znrf1"
"Rtn3",NA,"Rad51ap1"
"Sh3pxd2a",NA,"Ptk2b"
"Pgp",NA,"Nlgn2"
"Mthfd2",NA,"B3gnt9"
"Vdac3",NA,"Apln"
"Lum",NA,"Trib3"
"Gnai2",NA,"Pttg1"
"Smim1",NA,"Sdc4"
"Nudt18",NA,"Sez6"
"Rbms3",NA,"Nt5c"
"Stambpl1",NA,"Pip4p2"
"Fbn1",NA,"Vapa"
"Nsmce2",NA,"Rcl1"
"Cavin2",NA,"Rnf217"
"Tent5a",NA,"Chst14"
"Cd81",NA,"Gm56936"
"Csnk1a1",NA,"Pla2g7"
"Timm10",NA,"Thnsl1"
"Sri",NA,"Abhd18"
"Bmp4",NA,"Kras"
"Sod1",NA,"Cbx7"
"Gstt1",NA,"Gm33055"
"Prrx1",NA,"Prnp"
"Dld",NA,"Unc5c"
"Pgm1",NA,"Lgr4"
"Cebpb",NA,"Ccdc85c"
"Gm45769",NA,"Hoxc13"
"Tgoln1",NA,"Ldb1"
"Chchd2",NA,"Pak1ip1"
"Ybx3",NA,"Ammecr1l"
"Cyp51",NA,"Cryl1"
"Atl3",NA,"C1rl"
"Mafb",NA,"Dnajc11"
"C3",NA,"Lmf2"
"Mrap",NA,"Krt36"
"Agpat1",NA,"Yju2b"
"Maff",NA,"1700084E18Rik"
"Zyx",NA,"mt-Tp"
"Gda",NA,"Leng1"
"Rnf166",NA,"Ifi204"
"Chchd3",NA,"Nhs"
"Dpt",NA,"Fmo1"
"Cmpk1",NA,"Uqcrb"
"Slc19a1",NA,"Cdc42ep5"
"Pdgfrb",NA,"Gapvd1"
"Psmg1",NA,"Tshz1"
"Lima1",NA,"Snrpd3"
"Ghitm",NA,"Igf2bp3"
"Clec14a",NA,"Ptma"
"Armc1",NA,"Fyttd1"
"Stradb",NA,"Psmb8"
"Vkorc1",NA,"Dnajc16"
"Tcf4",NA,"Gas2l3"
"Skp1",NA,"Pals2"
"Tnk2",NA,"Ankef1"
"Ndufc2",NA,"Pop7"
"Vegfd",NA,"Grpel2"
"Sdc2",NA,"Map2"
"Ppm1a",NA,"Ppt1"
"Mrpl3",NA,"Psd3"
"Xpnpep3",NA,"Inpp5k"
"Pdlim2",NA,"Ppp1r1a"
"Slit2",NA,"Vwa5a"
"Dlk1",NA,"Sptan1"
"Cxcl5",NA,"Ppp1r12b"
"Cs",NA,"Alkbh3"
"Ak2",NA,"3300005D01Rik"
"Car5b",NA,"Aurkb"
"Rora",NA,"Pspc1"
"Cox7a2",NA,"Ddr2"
"Snrk",NA,"Exoc3"
"Hdac7",NA,"Chuk"
"Sik2",NA,"Sod3"
"Cyb5b",NA,"Leprot"
"St3gal2",NA,"Pcyt2"
"Cnpy4",NA,"Psma2"
"Map1a",NA,"Bysl"
"Pole4",NA,"Ndufs6"
"Ak4",NA,"Cul7"
"Lpin1",NA,"Rab5c"
"Hacd4",NA,"Stk40"
"Marcks",NA,"Kctd9"
"Parva",NA,"Leprotl1"
"Ppif",NA,"ENSMUSG00000121347_Gm2011"
"Bhlhb9",NA,"Niban2"
"Fam241a",NA,"Nmnat2"
"Tmem33",NA,"Zranb2"
"Glt8d1",NA,"Gpd1l"
"Cacna1a",NA,"Ogfod3"
"Mrpl45",NA,"Fam53b"
"Trafd1",NA,"Brip1"
"Tpm4",NA,"Gabpa"
"Slc25a34",NA,"Apobec3"
"Aco1",NA,"Agpat5"
"Nf2",NA,"Topbp1"
"ENSMUSG00000121488_Gm5886",NA,"Rad54l"
"Gcnt2",NA,"Carhsp1"
"Ube3a",NA,"Farp1"
"Fbxo8",NA,"Rbm39"
"Cdk1",NA,"Ccdc50"
"Nexn",NA,"Mogs"
"Niban1",NA,"Ikbke"
"Ywhag",NA,"Cdt1"
"Mef2d",NA,"B4galt5"
"Ell2",NA,"Sumf2"
"Gars1",NA,"Cnst"
"Thra",NA,"Nedd8"
"Atp13a3",NA,"Nop58"
"Selenon",NA,"Elob"
"Irs2",NA,"Tmem63a"
"Gm10851",NA,"Epb41l3"
"Fzd2",NA,"Nme1"
"Pmf1",NA,"Asap1"
"Lactb2",NA,"Ppp1r3c"
"Rab7b",NA,"Eno2"
"Cisd1",NA,"Sbsn"
"Eci2",NA,"Rhbdd1"
"Ifnar2",NA,"Adgrf5"
"Supt3",NA,"Camta1"
"Gcsh",NA,"Cstpp1"
"Dpysl3",NA,"Suz12"
"Pex14",NA,"Marf1"
"Lipe",NA,"Zcrb1"
"C1ra",NA,"Ptgr3"
"B430010I23Rik",NA,"Amz1"
"Crls1",NA,"Ak6"
"Nacc2",NA,"Rab22a"
"Yaf2",NA,"Tle3"
"Me1",NA,"Csde1"
"Sgms2",NA,"Rad51"
"Hspa9",NA,"Ap3m1"
"Sdc1",NA,"Bag1"
"Nfib",NA,"Ocel1"
"Uqcrq",NA,"Kcnn4"
"Ppa1",NA,"Traf4"
"Ndufv2",NA,"Mex3a"
"Alcam",NA,"Pias4"
"Cuedc1",NA,"Sesn2"
"Zfp703",NA,"Zbtb7b"
"Tmem88b",NA,"Gm43703"
"Ckap4",NA,"Kdm4a"
"Hmga2",NA,"Agrn"
"Hccs",NA,"Nploc4"
"Smim5",NA,"Plbd2"
"Slc11a2",NA,"Pgrmc2"
"Itgbl1",NA,"Hspd1-ps3"
"Rad17",NA,"Pcna"
"Ppip5k1",NA,"ENSMUSG00000121445"
"Aldoa",NA,"Efnb2"
"Zfp91",NA,"Lctl"
"Prkar2a",NA,"Nsun2"
"Clu",NA,"Mtf1"
"Psmb3",NA,"Foxd2os"
"Slc25a44",NA,"Nfkbiz"
"Prdx4",NA,"Atp5mj"
"Nras",NA,"Trim65"
"Etfdh",NA,"Bri3"
"Scara5",NA,"Gadd45a"
"Eva1b",NA,"Bltp3b"
"Ece1",NA,"Mbnl2"
"S100a8",NA,"Saraf"
"Enc1",NA,"Med22"
"Prune1",NA,"Gnptg"
"Klf4",NA,"Fam13c"
"Vasn",NA,"Dtnbp1"
"Fst",NA,"Myh11"
"Galk2",NA,"Dtd1"
"Ttyh3",NA,"Psmb10"
"Mrpl20",NA,"Polr2c"
"Plvap",NA,"Washc5"
"Atad3a",NA,"Galk1"
"Xrcc5",NA,"Tbc1d14"
"Wdr6",NA,"Gm4419"
"Mpc1",NA,"Cbl"
"Agpat2",NA,"Espl1"
"Acsl5",NA,"Psme2"
"Pam16",NA,"Ankrd28"
"Pxdn",NA,"Ndufb11"
"Anxa3",NA,"Lmna"
"Septin9",NA,"Ap4s1"
"Tex2",NA,"Ganab"
"Micall1",NA,"Tmem242"
"Tbc1d2b",NA,"Zbtb8a"
"Tmem245",NA,"Exosc4"
"Rtf2",NA,"Mrpl30"
"Elovl3",NA,"Wdr33"
"Socs3",NA,"Mob3b"
"Ccn4",NA,"Gm26670"
"Sh2b2",NA,"Eef2"
"Pcx",NA,"Comt"
"Larp4",NA,"Rad21"
"Dgkd",NA,"Car6"
"Itgb5",NA,"Mycbp"
"Six4",NA,"Fam20a"
"Farsb",NA,"Psmd2"
"Oip5os1",NA,"Dixdc1"
"Adtrp",NA,"M1ap"
"Atf4",NA,"Sash1"
"Igfbp7",NA,"Derl2"
"Slc29a1",NA,"Eif4e3"
"Lrpap1",NA,"Abi2"
"Lcor",NA,"Cln8"
"Pik3ip1",NA,"Fhl3"
"Got1",NA,"Gm56906"
"Ogdh",NA,"Txndc9"
"Tomm70a",NA,"Eif2b5"
"Bnip3",NA,"Zfp638"
"B3galnt1",NA,"Ube2f"
"Snai2",NA,"Sgpp1"
"Vamp5",NA,"Slc46a3"
"Btnl12",NA,"Hdac9"
"Vps13a",NA,"Zfp639"
"Slc25a22",NA,"Lnx2"
"Loxl3",NA,"Cygb"
"C1qbp",NA,"Gfpt1"
"Nadk",NA,"Capn6"
"Atp5if1",NA,"Rprd1a"
"Mif",NA,"Plk1"
"Rnf11",NA,"Lmln"
"Mtx2",NA,"Ap4b1"
"Ier3",NA,"Gm57341"
"Pygb",NA,"Egr2"
"Sh3bgrl",NA,"Eya1"
"Ppic",NA,"Map1lc3b"
"Tfpi",NA,"Hmox2"
"Pcdh18",NA,"BC051226"
"Nid2",NA,"Rps3"
"Kyat1",NA,"Rnf157"
"Crtap",NA,"Xrcc1"
"Pyurf",NA,"Mapre3"
"Col18a1",NA,"Pde4d"
"Ephb3",NA,"Ten1"
"Ehd2",NA,"Cdh26"
"Fdx1",NA,"Spty2d1"
"Bola3",NA,"Cdc37l1"
"Mmadhc",NA,"Avpi1"
"Myof",NA,"Zfand6"
"Tmsb4x",NA,"Ccdc124"
"Klb",NA,"Chmp1a"
"Txnrd1",NA,"Ndst1"
"Fggy",NA,"Zfp672"
"Ech1",NA,"Pcgf3"
"Abcd2",NA,"Fam83d"
"Peli2",NA,"Psmc1"
"Rap1gap2",NA,"Rif1"
"Man1a",NA,"Tmem14a"
"Serpina3n",NA,"Metap1"
"Psma5",NA,"Ska3"
"Ndufb6",NA,"Oma1"
"Miga2",NA,"Spc24"
"Xdh",NA,"Lamc2"
"Iba57",NA,"Zbtb47"
"Pdpk1",NA,"Dusp4"
"Thy1",NA,"Ift81"
"Zbtb5",NA,"Ttc21b"
"Myl9",NA,"Zbtb7a"
"Gys1",NA,"Ptpn2"
"C2cd2l",NA,"Swap70"
"Cavin3",NA,"Hinfp"
"Sh3glb2",NA,"Cox6b1"
"Cndp2",NA,"Ppm1b"
"Marchf6",NA,"Dnajc7"
"Cdc27",NA,"Arl4c"
"Capg",NA,"Api5"
"Slc25a51",NA,"Cox7a1"
"Naglu",NA,"Nuak1"
"Eif1b",NA,"Ldlr"
"Nfia",NA,"Larp7"
"Serp1",NA,"Klf9"
"Gramd1b",NA,"Bex3"
"Mrps9",NA,"Stxbp5"
"Eif5",NA,"Ark2n"
"Sbk1",NA,"Dgke"
"Mrps23",NA,"BC031181"
"Enpp2",NA,"Gm45495"
"Ppargc1a",NA,"Kif15"
"Fdps",NA,"Pank1"
"Cd248",NA,"Aldh4a1"
"Rusc2",NA,"Pi15"
"Ahnak2",NA,"Zdhhc13"
"Ccdc34",NA,"Bri3bp"
"Mbd4",NA,"Cystm1"
"Tmem167",NA,"Map1b"
"Pak3",NA,"Samd12"
"Gm56768",NA,"Ubald1"
"Lgals9",NA,"Pum1"
"Nrg4",NA,"Adamtsl5"
"Slc43a2",NA,"Lrrc8c"
"Klf6",NA,"Mrpl48-ps"
"Atp6v1d",NA,"Ro60"
"Hsd17b4",NA,"Smim30"
"Dipk1a",NA,"Adarb1"
"Hs6st1",NA,"Taf6l"
"Clip3",NA,"Rrn3"
"H2-T23",NA,"Adgrl1"
"Lgals3",NA,"Nme6"
"Arpc1b",NA,"Bbs2"
"Ptn",NA,"Tcea1"
"Clstn1",NA,"Arhgap28"
"Atp5pb",NA,"Diablo"
"Acacb",NA,"Fabp12"
"Cpe",NA,"Rassf2"
"Psme3",NA,"Nfu1"
"Rxrb",NA,"Asb1"
"Ffar4",NA,"Txnip"
"Mcm6",NA,"Crlf2"
"Plaa",NA,"Ndufs8"
"Il17ra",NA,"Fxyd1"
"Nsdhl",NA,"Bnip2"
"Serpinb1a",NA,"Prdm15"
"Negr1",NA,"Pole2"
"Tceal9",NA,"Sema4g"
"Tnks2",NA,"Gxylt2"
"Deaf1",NA,"Map2k6"
"Dock9",NA,"Osbpl2"
"Tgfb1i1",NA,"Pole3"
"Filip1l",NA,"Pigq"
"Nid1",NA,"Tpbg"
"Aspm",NA,"Dars1"
"Gpbp1l1",NA,"Myo5a"
"Ehd3",NA,"Fam162a"
"Gclm",NA,"Anxa11"
"Tmem256",NA,"Ubxn1"
"Pgam1",NA,"Ddx39a"
"Naalad2",NA,"Psrc1"
"Lzic",NA,"Ilk"
"2500002B13Rik",NA,"Tapbpl"
"Ccdc102a",NA,"Efna2"
"Npc2",NA,"Cep85l"
"Acbd5",NA,"AU040320"
"Comtd1",NA,"Brk1"
"Ndufb8",NA,"Junb"
"Dlst",NA,"Spidr"
"Fra10ac1",NA,"Rsl1d1"
"Atp1a1",NA,"Wdr26"
"Gng10",NA,"Polm"
"Hk2",NA,"Myadm"
"Hibadh",NA,"Kdm5b"
"Papss2",NA,"Mettl3"
"Clock",NA,"Alms1"
"Lamb2",NA,"Mrpl16"
"C1rb",NA,"Mau2"
"Acss2",NA,"Dtymk"
"Vasp",NA,"Cnpy3"
"Praf2",NA,"Fam114a2"
"Reep6",NA,"Luc7l2"
"Tm4sf1",NA,"Hdgf"
"Trim47",NA,"Mnat1"
"Jade1",NA,"Blzf1"
"Ywhab",NA,"Gm13010"
"Mr1",NA,"Trmt2b"
"Cdk6",NA,"1600012H06Rik"
"Ssh2",NA,"Rbm14"
"Tmem11",NA,"Fam135a"
"Ypel5",NA,"4833419F23Rik"
"Psen2",NA,"Nlrc5"
"Id3",NA,"Setd1b"
"Cox10",NA,"Tst"
"Tmcc3",NA,"Srsf2"
"Siah2",NA,"Ints6"
"Znrf2",NA,"Lzts1"
"Rbms1",NA,"Trmu"
"Gabarapl1",NA,"Kcnk2"
"St3gal5",NA,"Ist1"
"Psma6",NA,"Pbk"
"Abca8a",NA,"Cotl1"
"Maged2",NA,"Tspan5"
"Plekhh2",NA,"Exoc8"
"Gpx7",NA,"Arhgap27"
"Gfm1",NA,"Kctd10"
"Ccn5",NA,"Slfn9"
"ENSMUSG00000121879_Zfp862-ps",NA,"Syvn1"
"Tomm40",NA,"Zfp979"
"St3gal1",NA,"Acvrl1"
"Bnip3l",NA,"Nmt1"
"Dok1",NA,"Prkca"
"Fkbp7",NA,"Armc9"
"Arl6ip6",NA,"Aldh1l2"
"Errfi1",NA,"Armc10"
"Ndufc1",NA,"Phyh"
"Mest",NA,"Morrbid"
"Ube2c",NA,"Tulp3"
"Ncor1",NA,"Aimp2"
"Lpar1",NA,"Erlec1"
"Izumo4",NA,"Arhgap33"
"Cd93",NA,"Slc35b1"
"Hmbox1",NA,"Fbxo21"
"Ptges3l",NA,"Jarid2"
"Glipr2",NA,"Pou2af3"
"G0s2",NA,"Wfs1"
"Uqcrh",NA,"Rps6ka1"
"Letm1",NA,"Zfp654"
"Coq9",NA,"Snx9"
"Ccdc47",NA,"Tubg1"
"Slc4a7",NA,"Vamp4"
"Endou",NA,"Ncaph"
"Usp8",NA,"Pard6a"
"Emc2",NA,"Trim44"
"Lias",NA,"Ddt"
"Anks1",NA,"Lcorl"
"Pex13",NA,"Mn1"
"St13",NA,"Ulk3"
"Epdr1",NA,"Orc2"
"Cox6a2",NA,"Slc36a1"
"Smim10l1",NA,"Dlx2"
"Kdm5c",NA,"Edem2"
"Fbln2",NA,"Pkdcc"
"Tmsb10",NA,"Ndufa7"
"Ucp2",NA,"Oga"
"Hcar1",NA,"Gm15491"
"Cntln",NA,"Diaph3"
"Masp1",NA,"Ncapg"
"Slc16a6",NA,"Dlgap4"
"Atp10d",NA,"Cklf"
"Prkcd",NA,"Gramd2b"
"Txlng",NA,"Gm14586"
"Rita1",NA,"Atp5me"
"Nkiras2",NA,"Ifngr2"
"Ube4b",NA,"Cma1"
"Pla2g12a",NA,"P4ha2"
"Ptges2",NA,"Pkp2"
"Ipo9",NA,"Polr2g"
"Serpine2",NA,"Mbnl3"
"Patl1",NA,"Lmnb1"
"Chst11",NA,"Tia1"
"Rnf4",NA,"Gm9892"
"Cnn3",NA,"Ptprs"
"Por",NA,"Trmt61b"
"Insig1",NA,"Gosr2"
"Isyna1",NA,"Ctsb"
"Ifitm3",NA,"Tcp11l1"
"Flrt2",NA,"Pbx3"
"Ssbp3",NA,"Gapdh"
"Ubp1",NA,"Dhx33"
"Eif4g2",NA,"Map3k1"
"Tns3",NA,"Card10"
"Lncbate6",NA,"Tmem202"
"Gstm7",NA,"Ezr"
"Exoc4",NA,"Npc1"
"Ebf1",NA,"Ncs1"
"Cradd",NA,"Cenpa"
"Hspb8",NA,"Ndufaf8"
"Dnaja2",NA,"Dhfr"
"Agpat4",NA,"Nfe2l2"
"Uqcrc1",NA,"Prkaca"
"Apol6",NA,"Rgs10"
"Rnase4",NA,"Cks2"
"Selenow",NA,"Krtcap2"
"Ier5l",NA,"Lrfn4"
"Pam",NA,"Ifi202b"
"Atf3",NA,"Mtmr2"
"Pcsk4",NA,"Loxl4"
"Rhou",NA,"Cox14"
"Wdfy2",NA,"Dnajc18"
"Crip1",NA,"Tha1"
"Ppp2ca",NA,"Gpsm1"
"Ndufs1",NA,"Idh3b"
"Cnppd1",NA,"Mark2"
"Tmem220",NA,"Pak1"
"Cbx6",NA,"Ankrd1"
"Sncg",NA,"Zxdc"
"Epb41l4a",NA,"Nit2"
"Tgfb2",NA,"Gtf2ird1"
"Hilpda",NA,"Ctnnd1"
"Pex3",NA,"Kifap3"
"Wdr55",NA,"Cdk2"
"Hycc1",NA,"Ndel1"
"Slc22a23",NA,"Cdkn3"
"D5Ertd579e",NA,"Sarnp"
"Zbtb18",NA,"Frey1"
"Shisa4",NA,"Inafm1"
"Pde4b",NA,"Slc22a4"
"Mcph1",NA,"Pknox1"
"Gm13205",NA,"Mki67"
"Rprd1b",NA,"Coq6"
"Homer1",NA,"Mpdz"
"Ldha",NA,"Il1rl1"
"Palld",NA,"Mfsd10"
"Arf1",NA,"Steap2"
"Ids",NA,"Mis18a"
"Mrps5",NA,"Rbfox2"
"Mllt11",NA,"Nr2f1"
"Dolk",NA,"Kif11"
"Noct",NA,"Mrpl46"
"Aip",NA,"Gtf3a"
"Map4",NA,"Nrbf2"
"Lgalsl",NA,"Slc66a2"
"Lurap1l",NA,"Apbb1ip"
"Wasf1",NA,"Selenoh"
"Gltp",NA,"Kctd15"
"Flad1",NA,"Desi2"
"Maf",NA,"Sft2d2"
"Pkmyt1",NA,"Pnpla7"
"Smc1a",NA,"Fzr1"
"Timm10b",NA,"Rap1gds1"
"Vcan",NA,"Mcm2"
"Gm57383",NA,"2210016L21Rik"
"Ppp3r1",NA,"Ldlrap1"
"Itga5",NA,"Prrx2"
"Pex1",NA,"Sema7a"
"Ninl",NA,"Trerf1"
"Rcn1",NA,"Nr2c2"
"Cenpt",NA,"Dnph1"
"C1s1",NA,"Thyn1"
"Tmem184b",NA,"Ebp"
"Slc18b1",NA,"Gtf3c1"
"Basp1",NA,"Ahi1"
"Fhip1b",NA,"Kdm2a"
"BC037039",NA,"2810002D19Rik"
"Ikbip",NA,"Hlcs"
"Cc2d2a",NA,"Stxbp3"
"Acaa1b",NA,"Zfp768"
"Atg5",NA,"Siva1"
"Rbl2",NA,"Sos1"
"Irx3",NA,"Fbxo17"
"Arfgef2",NA,"Hirip3"
"Ppp2r2d",NA,"Zfp521"
"Xpot",NA,"Wipf1"
"Pdlim1",NA,"Yif1a"
"Emp3",NA,"Rnd1"
"Pfkl",NA,"Sf3b1"
"Acad11",NA,"Rasa3"
"Sh3pxd2b",NA,"Nup98"
"Prkag2",NA,"Tpst1"
"Scara3",NA,"Smyd3"
"Gm7049",NA,"Dgkh"
"Dusp6",NA,"Gm6682"
"Ak1",NA,"Ranbp1"
"Jagn1",NA,"Chn1"
"Syap1",NA,"Lyst"
"Rps27",NA,"Slc2a1"
"Septin7",NA,"Zwilch"
"Suclg1",NA,"Nomo1"
"Pdhx",NA,"Aff3"
"Txn2",NA,"Orc4"
"Tmem60",NA,"Fbl"
"Cdc42ep1",NA,"Pyroxd2"
"Ddi2",NA,"Ccnt1"
"Pid1",NA,"Sdha"
"Fam210b",NA,"Tmem259"
"Hadh",NA,"Irak1"
"Armcx4",NA,"Arpc1a"
"Rnf185",NA,"Ndufv3"
"Stard5",NA,"Hint1"
"Slc35e4",NA,"Adcy3"
"Pla2g6",NA,"2810021J22Rik"
"Il1rap",NA,"Tmem161b"
"Fhod1",NA,"Lipt1"
"Nenf",NA,"Ncald"
"Chchd10",NA,"Gart"
"Acads",NA,"Dgkq"
"Dnaaf5",NA,"Nusap1"
"Parp3",NA,"Lrp11"
"Cfl2",NA,"Ptpn22"
"Tagln2",NA,"Rala"
"Gm22748",NA,"Nop56"
"Tspan17",NA,"Ciart"
"Tapt1",NA,"Rfc1"
"Ass1",NA,"Uhrf1"
"Sil1",NA,"Acly"
"Ssbp2",NA,"Hectd3"
"Znhit1",NA,"ENSMUSG00000121788_4930431P19Rik"
"Mpc2",NA,"Srd5a1"
"Acot7",NA,"Snx24"
"Atg4d",NA,"Kif3b"
"Ltbp1",NA,"Itgav"
"Zfpm2",NA,"mt-Nd1"
"Mix23",NA,"Mecr"
"Ptx3",NA,"Tkt"
"Ddhd2",NA,"Abcg2"
"Pdpr",NA,"Eif4g1"
"Tmem198b",NA,"Il6st"
"Rps6ka3",NA,"H4c14"
"Rdh5",NA,"1500011B03Rik"
"Adamts10",NA,"Colgalt1"
"Gm56878",NA,"Nxpe3"
"Them4",NA,"S100a16"
"Piezo1",NA,"Acsf3"
"Cdc34",NA,"Tvp23a"
"Rnf19b",NA,"Nuak2"
"Antxr2",NA,"Ccne2"
"Slc48a1",NA,"Gm7859"
"Zfp770",NA,"Ap2s1"
"Kank2",NA,"mt-Tv"
"Tigd2",NA,"Cdsn"
"Cx3cl1",NA,"Meis1"
"Adam33",NA,"Mmgt2"
"C030014I23Rik",NA,"Cfap20"
"Inppl1",NA,"Slc39a11"
"Atp5f1d",NA,"Phtf1"
"Tmem120b",NA,"Ubr4"
"Prr5",NA,"Slc10a3"
"Fgf2",NA,"Dda1"
"Ankrd40",NA,"Csrnp1"
"Itga7",NA,"Gm30108"
"Bmp1",NA,"Gm45218"
"Ctnnal1",NA,"Paqr3"
"Stard7",NA,"Keap1"
"Ccna2",NA,"Spink10"
"Cela1",NA,"Eef1e1"
"Ptcd3",NA,"Col15a1"
"Dbi",NA,"Epas1"
"Rbbp9",NA,"C130036L24Rik"
"Nfe2l1",NA,"Snx33"
"Pfkp",NA,"Jmjd1c"
"Gnas",NA,"Arhgap31"
"S100b",NA,"Ptger4"
"Txnl1",NA,"Ptrh1"
"Ndufa12-ps",NA,"Cirbp"
"Gamt",NA,"Snapc5"
"Ubac1",NA,"Ift74"
"Serf1",NA,"Ncbp3"
"Fam111a",NA,"Adgra2"
"Aldh3b2",NA,"Klhl26"
"Lrrn4cl",NA,"Entrep3"
"Tpi1",NA,"Gja1"
"Anapc11",NA,"Pex6"
"Garnl3",NA,"Cyth1"
"Gli3",NA,"Pdgfa"
"Ddr1",NA,"S100a11"
"Utp4",NA,"Mon1b"
"Tmem29",NA,"Sfxn4"
"Tstd2",NA,"Aga"
"Zfp740",NA,"Map4k3"
"Higd2a",NA,"Lars1"
"Msmo1",NA,"Atp6v0a2"
"Cyp20a1",NA,"Klf2"
"Gtf2a1",NA,"ENSMUSG00000121679"
"Uqcc2",NA,"Pnpo"
"Ctsk",NA,"Gm57238"
"Cars1",NA,"Plaur"
"Atpaf2",NA,"Sacs"
"Tspan12",NA,"Sptlc1"
"Sh3bgrl3",NA,"Irak1bp1"
"Rnf215",NA,"Dnmt1"
"2410022M11Rik",NA,"Cyb561a3"
"Tln2",NA,"Glis3"
"Tmem165",NA,"Poglut2"
"Trib2",NA,"Tufm"
"Smim20",NA,"Gm8618"
"Rsu1",NA,"Strap"
"Lox",NA,"4833407H14Rik"
"Thbs2",NA,"Cacnb3"
"Cmip",NA,"Tmem209"
"6030458C11Rik",NA,"Nek8"
"Mrpl12",NA,"Tmem53"
"Grsf1",NA,"Raly"
"Ampd2",NA,"Prr14"
"Taf4b",NA,"Dpy19l3"
"Wfdc21",NA,"Cnrip1"
"Eeig2",NA,"Mief2"
"Oat",NA,"Ankrd37"
"Pdia5",NA,"Atp1b3"
"Cib2",NA,"Dnm1l"
"Mfap5",NA,"Exosc8"
"Slc44a2",NA,"Ivd"
"Tmbim6",NA,"Dnajc2"
"Ctsf",NA,"Gm31070"
"Slc1a4",NA,"Smo"
"Tent5b",NA,"Cpsf6"
"Aldh3b1",NA,"Rad9b"
"Myh9",NA,"Vps16"
"Sulf2",NA,"Qars1"
"2310039H08Rik",NA,"Zfp9"
"Mturn",NA,"Serpina3m"
"Gypc",NA,"Rasgef1b"
"Gm2a",NA,"Kntc1"
"Sipa1l1",NA,"Atp8b2"
"Hdhd2",NA,"Tfe3"
"C1qtnf12",NA,"Pafah1b3"
"Fos",NA,"Daam1"
"Sfxn2",NA,"Peds1"
"Rps7",NA,"Foxm1"
"Nmi",NA,"Gm49017"
"Fem1a",NA,"Arl2"
"Jam2",NA,"Glul"
"Cyrib",NA,"E2f8"
"Ubqln2",NA,"Usp11"
"Glt8d2",NA,"Luc7l"
"Nlrp2",NA,"Gm12762"
"Cnpy2",NA,"Tle5"
"Fut11",NA,"Hyi"
"Itga6",NA,"Supt6"
"Rrs1",NA,"Sars1"
"Arap1",NA,"Rasa4"
"Fzd3",NA,"Slc16a3"
"Ednra",NA,"Zfp346"
"Rxrg",NA,"AV099323"
"Cox5b-ps",NA,"P2rx3"
"Slc38a4",NA,"Eno1"
"Atp2b1",NA,"Ryk"
"Ppp2r5b",NA,"Rhbdd2"
"Furin",NA,"Mxi1"
"Itm2c",NA,"Supv3l1"
"Hsd17b7",NA,"Mmp3"
"Hexa",NA,"Snrnp25"
"Spryd7",NA,"Atrn"
"Dnm3os",NA,"Scn1b"
"Anapc1",NA,"Ccdc186"
"Igfbp3",NA,"Twist1"
"Rab6a",NA,"Zc3hav1l"
"Cdc42ep4",NA,"Rbm15b"
"Uqcr10",NA,"Pdk1"
"Col8a1",NA,"Tmem107"
"Plat",NA,"Ankrd11"
"Calhm2",NA,"Pink1"
"Abcd3",NA,"Ppdpf"
"Tagln",NA,"Cyp2ab1"
"Pcdh19",NA,"Ciao2b"
"Grb14",NA,"Gm56862"
"Gstm2",NA,"Gbf1"
"Atp6v0b",NA,"Wfdc17"
"Msrb3",NA,"1190005I06Rik"
"Rpl7",NA,"Lyrm4"
"Bbln",NA,"Mknk2"
"Slc35d1",NA,"Sesn3"
"Borcs6",NA,"Dennd2d"
"Orm2",NA,"Peg3"
"Scp2",NA,"Prdm10"
"Plcb1",NA,"Asb13"
"Postn",NA,"Khk"
"Csrp1",NA,"Slc25a19"
"Ndn",NA,"Fdxr"
"Fam210a",NA,"Gls"
"Nfic",NA,"Ptar1"
"Tpp1",NA,"Rab3ip"
"Abhd11",NA,"Gm57386"
"Mxd4",NA,"Sgo2a"
"Ralgapa2",NA,"Gm11940"
"Gfm2",NA,"Gm20632"
"Lrig3",NA,"Cdc42bpg"
"Psme3ip1",NA,"Scn2a"
"Smim26",NA,"Hspa8"
"Smim36",NA,"Vma21"
"Adcy6",NA,"Hr"
"Cpne2",NA,"Cep290"
"Mcm4",NA,"Stard4"
"Phlda1",NA,"Ntmt1"
"Ppara",NA,"Pias1"
"Klhl33",NA,"Jak1"
"Tiparp",NA,"Gnai3"
"Slc25a33",NA,"Them6"
"Isca2",NA,"Clcn6"
"Man2b2",NA,"Sec11c"
"Glrx",NA,"mt-Tq"
"Poglut1",NA,"Btbd10"
"Ppcs",NA,"Klf11"
"Zdhhc5",NA,"Cltb"
"Trappc5",NA,"Fam171a2"
"Plekha3",NA,"Rngtt"
"Bicc1",NA,"Lta4h"
"Idh2",NA,"Eif4e2"
"Kif1c",NA,"Rnf145"
"Tgfb3",NA,"Map2k1"
"Vopp1",NA,"Atoh8"
"Exd1",NA,"Peli3"
"Nucb2",NA,"Brpf1"
"Hsp90ab1",NA,"Nrp1"
"Mmp23",NA,"Fbxl12"
"Cox19",NA,"1700025G04Rik"
"Tmem14c",NA,"Zfp688"
"Ncan",NA,"Chic1"
"Nrbp2",NA,"Cmc2"
"Rpa1",NA,"Ddx19a"
"Adam9",NA,"Fam72a"
"St3gal3",NA,"Cript"
"Dennd2b",NA,"Jmjd8"
"Pdha1",NA,"Islr"
"Foxn3",NA,"G3bp2"
"Atp6v0e2",NA,"Xaf1"
"Ndufb4",NA,"Smpd4"
"Tbpl1",NA,"Sdf2"
"Prkrip1",NA,"Tigar"
"Alkbh5",NA,"Spag1"
"Fxr2",NA,"Capn10"
"Phf10",NA,"Garin1a"
"Il11ra1",NA,"Gm50069"
"Stam2",NA,"Mpi"
"Tyms",NA,"Srsf9"
"Itgb2",NA,"Cenph"
"Ckap2l",NA,"Csrnp2"
"4930523C07Rik",NA,"2500004C02Rik"
"Mlst8",NA,"Csnk2a1-ps3"
"Bltp2",NA,"Szt2"
"Iah1",NA,"Spink5"
"Mlf2",NA,"Wrnip1"
"Ifitm2",NA,"Elk3"
"Nav3",NA,"Brpf3"
"mt-Tl2",NA,"Pola2"
"6820445E23Rik",NA,"Rad1"
"Papola",NA,"Bahd1"
"Olr1",NA,"Uqcc4"
"Abi3bp",NA,"Bsg"
"Samhd1",NA,"Eda2r"
"Dhcr7",NA,"Slc1a5"
"Clp1",NA,"Limch1"
"Dohh",NA,"Edf1"
"Amot",NA,"Rnpep"
"C1qtnf6",NA,"Hdac10"
"Atf5",NA,"Sdcbp"
"Gadd45g",NA,"4930458D05Rik"
"Poglut3",NA,"Fastk"
"Sbf1",NA,"H2-T10"
"Tgm2",NA,"Wtip"
"Tmem199",NA,"Tfap4"
"Rmdn3",NA,"Cyp2j6"
"Slc7a1",NA,"Slc29a3"
"Atp5po",NA,"Kat7"
"Kpna1",NA,"Irf5"
"Ifitm6",NA,"Hoxb2"
"Lsm1",NA,"Prmt2"
"Smim41",NA,"Map3k6"
"Mrpl55",NA,"Oas1b"
"Taok1",NA,"Gm43254"
"Slc7a11",NA,"Slc16a10"
"P3h3",NA,"Zc3h7b"
"H3f3b",NA,"Cyren"
"Gfer",NA,"Zfp747"
"Acvr1",NA,"Pomgnt2"
"Serpinh1",NA,"Gm44771"
"Lonp2",NA,"Taf3"
"Wars1",NA,"Psme4"
"Aqp5",NA,"Tsacc"
"Pros1",NA,"Lrrc20"
"Klhl5",NA,"ENSMUSG00000121484_Serpina3h"
"Gale",NA,"Mir100hg"
"Lypla1",NA,"Cops3"
"Dcbld1",NA,"Daam2"
"Ube2r2",NA,"Eif4b"
"Nos3",NA,"Aurka"
"Eml1",NA,"Prkab2"
"Plxnd1",NA,"Ajuba"
"Gm54867",NA,"Bok"
"Ythdf3",NA,"Isoc2b"
"Spg21",NA,"Wdr5b"
"Arhgap5",NA,"Kcnk3"
"Sqstm1",NA,"Slc38a6"
"Pmm1",NA,"Hsd17b10"
"Cidea",NA,"Stat5b"
"Atp2a3",NA,"Mipol1"
"Dync2li1",NA,"Fbxl15"
"Mlxipl",NA,"Usp47"
"Oxsr1",NA,"Ackr3"
"Ncbp1",NA,"Gm6316"
"Erp29",NA,"Frmd4a"
"Ccdc71l",NA,"Mosmo"
"Dgat2",NA,"Tatdn1"
"Lman2",NA,"Plekhn1"
"Rab3il1",NA,"Shld2"
"Lss",NA,"R3hdm2"
"Cenpf",NA,"Kansl1l"
"Trp53inp2",NA,"Clip2"
"2510039O18Rik",NA,"Ndufaf7"
"Micos10",NA,"Capzb"
"Samd5",NA,"Crybg1"
"Hacd1",NA,"Fam204a"
"Gpsm2",NA,"Socs1"
"Bhlhe41",NA,"Esyt1"
"Endog",NA,"Npm1"
"Rps5",NA,"Mvb12a"
"Gucd1",NA,"Gramd1a"
"Rpl21",NA,"Tmem164"
"2310061I04Rik",NA,"Zfp68"
"Myo1e",NA,"Mrpl24"
"Sfxn3",NA,"Armc5"
"Mpv17",NA,"Gas2"
"Zfp609",NA,"Stc1"
"Wdhd1",NA,"Inka1"
"Ercc5",NA,"Mrps16"
"Ppme1",NA,"Slc25a40"
"Golm1",NA,"Adgrg6"
"Sowahc",NA,"Cbx1"
"Mfsd4b1",NA,"Pcbp4"
"Rps26",NA,"Lce1g"
"Htra3",NA,"Idh1"
"Mrps34",NA,"Fntb"
"Tril",NA,"Mtf2"
"Tbcel",NA,"Tmem201"
"Yrdc",NA,"Rabac1"
"Mrpl1",NA,"Zfp984"
"Thoc6",NA,"Caprin2"
"Brd9",NA,"Slc26a2"
"Cd14",NA,"Ywhaz"
"Clec3b",NA,"Tsc22d1"
"Vwa8",NA,"Naga"
"Man2b1",NA,"Gm36371"
"Mxra7",NA,"Arhgap35"
"Myo1c",NA,"Cdyl"
"Sardh",NA,"Nup85"
"Adcy9",NA,"Foxk2"
"Ndufb2",NA,"Ost4"
"Strip2",NA,"Fbxo42"
"Ndufb10",NA,"Tubb6"
"Cenatac",NA,"Gm20522"
"Sypl1",NA,"Chtf18"
"Tmcc1",NA,"Ndufa10"
"Kif21b",NA,"Hhat"
"Hs6st2",NA,"Iqcc"
"LTO1",NA,"Mettl9"
"Tmem231",NA,"B4galt4"
"Klhl24",NA,"Rcc2"
"Polr3h",NA,"Rbbp5"
"Smoc1",NA,"Sft2d1"
"P2ry10b",NA,"Ubap1"
"Abcc4",NA,"Dlg4"
"Qrsl1",NA,"Gbp7"
"Cfd",NA,"Wbp1l"
"Fcgrt",NA,"Hnrnpr"
"Rbbp7",NA,"Ap2a1"
"Gmcl1",NA,"Parp14"
"Prodh",NA,"Mus81"
"Kcmf1",NA,"Tecpr2"
"Pcdh9",NA,"Nagk"
"Pick1",NA,"D330050I16Rik"
"Rnh1",NA,"Gla"
"Gm4117",NA,"Copg2"
"Tank",NA,"Nbl1"
"Cdh11",NA,"Guf1"
"Spon2",NA,"Rabggtb"
"Tomm22",NA,"Styk1"
"Loxl1",NA,"Ogg1"
"Abhd15",NA,"Gstt2"
"Eed",NA,"Cap1"
"Letmd1",NA,"Kif26b"
"Myo19",NA,"Gcc1"
"Gm47595",NA,"Brd4"
"Pxmp2",NA,"Dgka"
"Smc2",NA,"Aven"
"Afg3l1",NA,"Slc25a3"
"Ldb3",NA,"Ctla2a"
"Aifm1",NA,"Gm47061"
"Junos",NA,"Krt80"
"S100a1",NA,"Tslp"
"Nmral1",NA,"Ccz1"
"Atp6v1h",NA,"Rmi2"
"Lrrc59",NA,"Alyref"
"Fads3",NA,"Adam8"
"Plekhf1",NA,"Dpm2"
"Shld3",NA,"Dus4l"
"Pear1",NA,"Ap1g1"
"Tk1",NA,"Pknox2"
"Septin8",NA,"Dscc1"
"Elmod2",NA,"Plac8"
"Ppp6c",NA,"Tram1"
"Prelid2",NA,"Dnajc9"
"Gdf15",NA,"Gm57241"
"Lxn",NA,"Kctd17"
"Ptgr1",NA,"Cab39l"
"Dpy19l1",NA,"Gm39228"
"Tmem254",NA,"Nfil3"
"Ptpn4",NA,"Rnf6"
"Klhdc8a",NA,"Hivep2"
"Id2",NA,"Necap1"
"Vmp1",NA,"Mlf1"
"Cbx4",NA,"Six5"
"Ccl7",NA,"Ralbp1"
"Timm17a",NA,"Gm43645"
"Map3k5",NA,"Gm56915"
"Ypel3",NA,"Gpr107"
"Lmbrd2",NA,"Irx3os"
"Ndufa9",NA,"Mark4"
"Josd1",NA,"Aff4"
"Ddost",NA,"Gm57103"
"Gmds",NA,"4632404H12Rik"
"Vdr",NA,"Pdgfra"
"Tspan14",NA,"Snrpn"
"Cox17",NA,"Bcl11b"
"Yars1",NA,"Ankrd44"
"Impdh2",NA,"Prdm2"
"Fscn1",NA,"Sirt3"
"Dnttip1",NA,"Klhl23"
"Zfp106",NA,"Podnl1"
"Arfrp1",NA,"Gpr149"
"Camsap3",NA,"Rida"
"Ndufa3",NA,"Gm527"
"Cdh13",NA,"Gm32856"
"Tmed3",NA,"Relb"
"Cybc1",NA,"Erbb2"
"Itpk1",NA,"Echdc2"
"Smc4",NA,"Twist2"
"Ubiad1",NA,"Snhg9"
"Adamts9",NA,"Trpc1"
"Abraxas1",NA,"Ube2g2"
"Sgce",NA,"Thap3"
"Tm7sf3",NA,"Ndufb5"
"Usb1",NA,"Hacd2"
"Rpl22",NA,"Heatr5a"
"Cox5b",NA,"Trem2"
"Pds5b",NA,"Extl2"
"Jmjd6",NA,"Ulk2"
"Clcn3",NA,"Txnrd3"
"Ube3c",NA,"Card14"
"Pals1",NA,"Gm28875"
"Racgap1",NA,"Mmp9"
"Cox6a1",NA,"2410002F23Rik"
"Pclaf",NA,"Gripap1"
"Phactr1",NA,"Rexo2"
"Mrpl4",NA,"Prdm5"
"Mertk",NA,"Ttc14"
"Cand2",NA,"Tbc1d22b"
"Lgmn",NA,"Psmc6"
"Top2a",NA,"Ppp1r9b"
"Cdon",NA,"Efhd2"
"Slc7a6",NA,"Iars2"
"Cdo1",NA,"Ccdc66"
"Pik3cb",NA,"Tbx18"
"Wdr27",NA,"Gfod2"
"Ube2k",NA,"Fsd2"
"Mirt2",NA,"Bahcc1"
"Sting1",NA,"Gm33841"
"Acsl3",NA,"Acap3"
"Pbxip1",NA,"Cabin1"
"Pim1",NA,"Nt5c3b"
"Gm56945",NA,"Ppp4r3b"
"Ptges",NA,"Gm56688"
"Esd",NA,"mt-Nd5"
"Nadk2",NA,"Trak1"
"Ttk",NA,"Psmb5"
"Rnf24",NA,"Mettl26"
"Cry1",NA,"Gm8186"
"Akna",NA,"Gm20559"
"2810004N23Rik",NA,"Tnpo3"
"Gng11",NA,"Samd14"
"Mgll",NA,"Xpa"
"2200002D01Rik",NA,"Mindy2"
"P4ha3",NA,"Aqp2"
"Cyp2u1",NA,"Atg7"
"Slc30a9",NA,"Nherf1"
"Banf1",NA,"Rnasel"
"Rpl10a",NA,"Dap3"
"Stip1",NA,"Xpo1"
"Mtch1",NA,"Pgls"
"Abcc5",NA,"Ier2"
"Etfrf1",NA,"Slc25a29"
"Fbxo4",NA,"Prpf6"
"Zfp36l1",NA,"Neu1"
"Rgs17",NA,"Septin11"
"Dot1l",NA,"Cped1"
"Arid4a",NA,"Fam124a"
"Parp16",NA,"Zc4h2"
"Gm9794",NA,"Herc2"
"Phb1",NA,"Pgap6"
"Slc25a11",NA,"Papss1"
"Habp4",NA,"Pnkp"
"A530016L24Rik",NA,"Spats2l"
"Dtna",NA,"Spc25"
"Zfp664",NA,"Akap8l"
"Gm36180",NA,"Cpsf7"
"Timm9",NA,"Hspa12b"
"Mcl1",NA,"Smarce1"
"Mpg",NA,"Gab2"
"Evi5",NA,"Fut10"
"Prickle1",NA,"Ankrd42"
"Ccn1",NA,"Marchf7"
"Tab2",NA,"Desi1"
"Gsk3b",NA,"Spats2"
"G430095P16Rik",NA,"Vwa1"
"Slc25a14",NA,"Nuf2"
"Ccng2",NA,"Tmem126a"
"Hexb",NA,"2700033N17Rik"
"Rnd3",NA,"Txndc17"
"Ip6k3",NA,"Pcna-ps2"
"Gins2",NA,"Gm41541"
"Cebpd",NA,"Tmem17"
"Acsl4",NA,"Cdca8"
"Flnb",NA,"Maml2"
"Ppp1cb",NA,"Obi1"
"Qsox1",NA,"B230217C12Rik"
"Aoc3",NA,"Zfp281"
"Cul3",NA,"Cdc6"
"Rapgef3",NA,"Tecr"
"Bmper",NA,"Exoc3l"
"Dtx3",NA,"Sgcd"
"Cers4",NA,"Svbp"
"Atp5f1a",NA,"Smad7"
"Upf3b",NA,"Shcbp1"
"Lrrk1",NA,"Srsf1"
"Capn5",NA,"Il20rb"
"Zhx3",NA,"Churc1"
"Tnc",NA,"Nemp1"
"Htra2",NA,"Gm56797"
"Tada2b",NA,"Atg13"
"Dtx4",NA,"Abca1"
"Jund",NA,"Fuca2"
"Cdc25a",NA,"Celf2"
"Hdac11",NA,"Igbp1"
"Arhgap20",NA,"Tmco6"
"Cers5",NA,"Raf1"
"Camk2g",NA,"U90926"
"Nsa2",NA,"Lrp1"
"Bach2",NA,"Nipa2"
"Rcn3",NA,"Troap"
"Timm22",NA,"Wdr91"
"Col4a5",NA,"Pigs"
"Chst12",NA,"Gm56517"
"Eif2ak1",NA,"Ccnyl1"
"Ywhaq",NA,"Cep15"
"Lrch2",NA,"Cln6"
"Gtf2e2",NA,"Cdkl3"
"Gpx1",NA,"Pcyox1"
"Ehbp1",NA,"Prim1"
"Gk",NA,"Atad5"
"Tiam1",NA,"Rom1"
"S1pr2",NA,"Fhip2b"
"Coasy",NA,"Abhd14a"
"Svil",NA,"Thoc7"
"Camsap2",NA,"Alg3"
"Pdik1l",NA,"G6pc3"
"Adgrg2",NA,"Lsp1"
"Tent4b",NA,"Cenpl"
"Mpst",NA,"Rps6"
"Nol6",NA,"Plscr3"
"Mapkap1",NA,"Trim56"
"Fbxl14",NA,"Sipa1"
"Strbp",NA,"Sfmbt1"
"Bag2",NA,"Homez"
"Ctsa",NA,"Ifih1"
"Tbrg4",NA,"Hmces"
"Apmap",NA,"Cog7"
"Kmt5c",NA,"Ifi203"
"Amdhd2",NA,"Rsrc2"
"Larp4b",NA,"Inpp4b"
"Gusb",NA,"Gdpd1"
"Cplx2",NA,"Rpl38"
"Ckap2",NA,"Hvcn1"
"Gm49336",NA,"Lamb1"
"AA465934",NA,"Trpv1"
"Dleu2",NA,"Lnpk"
"Plekhm2",NA,"Ctsc"
"Slc25a13",NA,"Src"
"Slc27a1",NA,"Iffo2"
"Tmigd1",NA,"Slc19a2"
"Ptgr2",NA,"Ercc1"
"Arl5a",NA,"Mkln1os"
"Mea1",NA,"Rad23a"
"Speg",NA,"Gm15706"
"Micos13",NA,"Wwp1"
"Sgo1",NA,"Iffo1"
"Tatdn2",NA,"Tle6"
"Dbt",NA,"A330035P11Rik"
"Spcs3",NA,"Arhgap11a"
"Dap",NA,"Arpin"
"Elmod3",NA,"Trim8"
"Hsd17b11",NA,"Dedd"
"9330102E08Rik",NA,"Sdc3"
"Ero1a",NA,"Sord"
"Dock5",NA,"Fam131b"
"Ndc1",NA,"Ptprk"
"ENSMUSG00000121883",NA,"Jcad"
"Ccnb2",NA,"Msrb2"
"Epb41l1",NA,"Srbd1"
"Gcat",NA,"Pusl1"
"Ogfod2",NA,"Psmb9"
"Timmdc1",NA,"Usp4"
"Ctdsp2",NA,"Pptc7"
"Cpq",NA,"Gm26782"
"Eif3f",NA,"Zfp180"
"Abcb6",NA,"Mrps27"
"4931408D14Rik",NA,"Myl12b"
"Atg16l2",NA,"Phf14"
"Cdca2",NA,"Dmpk"
"Coq10b",NA,"Smad6"
"Rgl1",NA,"Tram1l1"
"Gm43672",NA,"Cdca7"
"Tpm3",NA,"Fam229b"
"Gpt",NA,"Cnbd2"
"Prpf18",NA,"Atg2a"
"Twsg1",NA,"Clcn4"
"Rpl12",NA,"Psmb4"
"Bscl2",NA,"H3f3a"
"Ap5b1",NA,"Hif1a"
"Limd2",NA,"Rnf123"
"Fbxo34",NA,"Eef2k"
"Naa50",NA,"Mapk11"
"Tmem140",NA,"Rrad"
"Sap30l",NA,"Crtc1"
"Elp5",NA,"Zfp1"
"Zfp395",NA,"Faim"
"9930012K11Rik",NA,"Gm57003"
"Sox11",NA,"Map4k2"
"Ugcg",NA,"Cuedc2"
"Ube2j2",NA,"Gpr162"
"Sdad1",NA,"Slc43a3"
"Arhgef10",NA,"Usp54"
"Lrig1",NA,"Ern1"
"Sdhaf3",NA,"Chn2"
"Dnmt3a",NA,"Cpt1c"
"Grhl1",NA,"Synj2bp"
"Pappa",NA,"Acbd6"
"Csad",NA,"Hnrnpf"
"Ghdc",NA,"Arsa"
"Glmp",NA,"Cnot6l"
"Angpt2",NA,"Sdhaf4"
"Abhd14b",NA,"Dis3"
"Smg5",NA,"Actn4"
"Tradd",NA,"Pold2"
"Slc35f5",NA,"Rsbn1"
"Opa1",NA,"Stau2"
"Asap3",NA,"Itgb1bp1"
"Hars1",NA,"Pfkfb1"
"Gm48832",NA,"Fat1"
"Pygl",NA,"Wdsub1"
"9330154J02Rik",NA,"Lrrc1"
"Camp",NA,"Mob4"
"Synpo",NA,"Sys1"
"Cul2",NA,"Smad1"
"Mrpl47",NA,"Cep162"
"Gli2",NA,"Tango2"
"Pef1",NA,"Qki"
"Ndufs7",NA,"Il18bp"
"Pdpn",NA,"A630089N07Rik"
"Anapc13",NA,"Arfip1"
"Coq5",NA,"Ska1"
"Gbe1",NA,"Soat2"
"Hbegf",NA,"Bnc2"
"Ccn2",NA,"R3hcc1"
"Sco1",NA,"Xiap"
"Inhba",NA,"Nsmaf"
"F11r",NA,"Gm9828"
"Tmx2",NA,"Zc3h8"
"Rhot1",NA,"Cars2"
"Yars2",NA,"Dand5"
"Bet1",NA,"C920021L13Rik"
"Gid8",NA,"Gm56596"
"Hells",NA,"Pcmtd1"
"Kdm6b",NA,"Rpap1"
"Tapbp",NA,"Setx"
"Pkd2",NA,"Rp9"
"Usp38",NA,"Zfp788"
"Ppip5k2",NA,"Arhgef7"
"S1pr1",NA,"Sh2d3c"
"Lyrm7",NA,"Cd164"
"Gm20300",NA,"Zfp251"
"Hopx",NA,"Gm56765"
"Birc5",NA,"E2f7"
"Timm44",NA,"Rabep1"
"Uhmk1",NA,"Nek1"
"Tshr",NA,"Trit1"
"Rpl23",NA,"Slc43a1"
"Plin1",NA,"Txndc16"
"Fam110c",NA,"Tbc1d10b"
"B2m",NA,"E430018J23Rik"
"Thap11",NA,"Noxo1"
"Foxf2",NA,"Klra6"
"B9d1",NA,"Ndrg2"
"Bclaf1",NA,"Kif2c"
"Rab31",NA,"Gm53058"
"Gk5",NA,"Pacc1"
"Szrd1",NA,"0610040B10Rik"
"Rbl1",NA,"Trappc6a"
"Ifi30",NA,"Mpeg1"
"Ttc17",NA,"Epb41l5"
"Kif23",NA,"Rfc5"
"Slc25a25",NA,"Rps23"
"Nrn1",NA,"Slc44a1"
"Cdk2ap1",NA,"Rnf10"
"Myo10",NA,"Ralgps2"
"Kdsr",NA,"Ift56"
"Mdm2",NA,"Mark3"
"Trip13",NA,"Surf2"
"Pwwp3b",NA,"Syde1"
"Pvr",NA,"Cab39"
"Mthfsl",NA,"Hspb1"
"Chrna2",NA,"Idh3g"
"Prickle3",NA,"Wbp4"
"Cers6",NA,"St6galnac6"
"Lyrm2",NA,"Enpp5"
"Ano6",NA,"Clpb"
"Otud6b",NA,"Ccng1"
"Btbd3",NA,"Rictor"
"Cdc42ep3",NA,"4931414P19Rik"
"ENSMUSG00000121407_Gm6345",NA,"Bpnt2"
"Rpl39",NA,"Gm9712"
"Ube2b",NA,"Exosc1"
"Ube3b",NA,"Tlr2"
"Gm5131",NA,"Agtrap"
"Ddx3x",NA,"Ndufb3"
"Fdft1",NA,"Abcb7"
"Ydjc",NA,"Lrrc47"
"Gm42067",NA,"Akap7"
"Preb",NA,"Gtf3c6"
"Tcf19",NA,"Supt4a"
"Gm45338",NA,"Pla2g2e"
"Mul1",NA,"Zswim4"
"Aebp2",NA,"Cdca5"
"Coa3",NA,"Zswim6"
"Pbx2",NA,"Armcx1"
"Naa10",NA,"Rps4x-ps"
"Dlg5",NA,"Slc35a4"
"Col16a1",NA,"Fchsd1"
"Gm14303",NA,"Spata6l"
"Dusp14",NA,"Pomk"
"Vat1",NA,"Gm57027"
"Gas8",NA,"Dubr"
"Rab21",NA,"Zbtb43"
"Yeats2",NA,"2010003K11Rik"
"Mtpap",NA,"Amotl2"
"Slc38a10",NA,"Ppp3cc"
"Slco3a1",NA,"Bet1l"
"H2-M3",NA,"Pkia"
"Meis2",NA,"Taf1"
"Stxbp4",NA,"Guk1"
"Tysnd1",NA,"Ccnb1"
"Ap1b1",NA,"Anxa5"
"Ggta1",NA,"Pet100"
"Gpcpd1",NA,"Tmem9"
"Degs1",NA,"5031439G07Rik"
"Arhgap6",NA,"Mkx"
"Mef2b",NA,"Zfp90"
"Bcl2",NA,"Rbm47"
"Enpp1",NA,"Grk2"
"Akirin2",NA,"Ccdc71"
"Cux1",NA,"Rdm1"
"Rps8",NA,"Brat1"
"Ly6a",NA,"Zfp790"
"Pold1",NA,"Rnf34"
"Cdc25b",NA,"C030015A19Rik"
"Saa2",NA,"Rbm18"
"Fbxo5",NA,"Acad12"
"Hpcal1",NA,"Ctps1"
"Eif1",NA,"Pou2f1"
"Cdc42bpa",NA,"Nqo2"
"Cip2a",NA,"Hs1bp3"
"Gtse1",NA,"Zmat1"
"Nudt17",NA,"Rnaset2a"
"Mrpl38",NA,"Acy1"
"Phldb2",NA,"Vcp"
"Uqcrfs1",NA,"Arhgap27os2"
"Shox2",NA,"Atp6v0d1"
"Psmd13",NA,"Sema3b"
"Timm50",NA,"Slc35c1"
"Mc2r",NA,"Ube2l6"
"Ube2m",NA,"Apbb1"
"Gm8292",NA,"Gatad2b"
"Lsm3",NA,"Mtcl2"
"Snord13",NA,"Retreg3"
"Nudt12",NA,"Zdhhc12"
"Sema4b",NA,"Ncoa4"
"Spry4",NA,"Armc6"
"Ipo4",NA,"Rorc"
"Lonp1",NA,"Gabpb1"
"Calm3",NA,"Apobec1"
"Gm10134",NA,"Ccdc8"
"Rpl5",NA,"Cmtm4"
"Mapre2",NA,"Tbc1d15"
"Aida",NA,"Fktn"
"Rabgap1l",NA,"Frrs1"
"Fcf1",NA,"Ubox5"
"Atp2b4",NA,"Ttf1"
"Crlf3",NA,"Cib1"
"Echdc3",NA,"Rhebl1"
"Hcfc2",NA,"Mcu"
"Kank1",NA,"Cdkn2aip"
"Arl8b",NA,"Golga3"
"Casp12",NA,"Fam178b"
"Krt10",NA,"Pip4k2a"
"Cfap210",NA,"Zfp597"
"Agt",NA,"Inpp1"
"Sesn1",NA,"Rcbtb1"
"Cpeb4",NA,"Capn1"
"Tmem41b",NA,"Tgfbrap1"
"Gm56833",NA,"Etf1"
"Coa7",NA,"B3gat3"
"Ddx51",NA,"Ddx18"
"Pimreg",NA,"Gtf2f1"
"Etv1",NA,"Lysmd3"
"Gm35290",NA,"Mrpl19"
"Hmgn3",NA,"Ndufb1"
"Il1rl2",NA,"Rpl10"
"Zfp111",NA,"Ankrd9"
"Dhrs4",NA,"Cyp2c23"
"Natd1",NA,"Rnaseh2a"
"Chac1",NA,"Pgap1"
"Phospho2",NA,"Cdk12"
"Scarf2",NA,"Pltp"
"Sned1",NA,"Hoxd8"
"Igf2bp2",NA,"Hat1"
"Rras2",NA,"Gak"
"Snn",NA,"Plxna3"
"Rps3a1",NA,"Fbxl20"
"G6pdx",NA,"Plekhm3"
"Scd2",NA,"Galnt2"
"Nicn1",NA,"Ptpa"
"Srebf1",NA,"Creg1"
"Gm31305",NA,"Dbr1"
"Ss18l2",NA,"Cachd1"
"Pmm2",NA,"Ppp1r37"
"Cnot7",NA,"Gphn"
"Ggh",NA,"Ndufa13"
"Sema3f",NA,"Abhd16a"
"Acadsb",NA,"M6pr"
"Slc7a5",NA,"Exog"
"Vgll3",NA,"Cdip1"
"C1s2",NA,"Rnf168"
"Nab2",NA,"Ensa"
"Ranbp9",NA,"A930033H14Rik"
"Stn1",NA,"Hsbp1"
"Adamts2",NA,"Evl"
"Purb",NA,"Ndufa5"
"Fam107b",NA,"mt-Ti"
"Dnajc3",NA,"Chrdl1"
"Nde1",NA,"Gtf2e1"
"Ctxnd1",NA,"Dop1b"
"Uqcc1",NA,"Spata6"
"Pigyl",NA,"Nrf1"
"Il33",NA,"Tmem179b"
"Mrps17",NA,"Ift140"
"Eif6",NA,"Cpeb2"
"Zmiz2",NA,"Cdk14"
"Rtn4ip1",NA,"Taf15"
"Ciao3",NA,"Ppan"
"Mapk3",NA,"Golga5"
"Egr1",NA,"Rps6ka5"
"Fkbp11",NA,"Sec61a2"
"Tmem216",NA,"Uxs1"
"Spp1",NA,"Actr10"
"Golph3",NA,"Prmt1"
"Cmtm3",NA,"5730409E04Rik"
"Ankrd12",NA,"Zfp280b"
"Ift57",NA,"Kif3a"
"Timp2",NA,"Magi3"
"Crip2",NA,"Trim11"
"Nek7",NA,"Pcdhb17"
"Ptprm",NA,"Gask1b"
"Smurf2",NA,"Pgm3"
"Kif4",NA,"Dedd2"
"Mfn2",NA,"Pts"
"Sepsecs",NA,"Dusp22"
"Frk",NA,"Utrn"
"Rpl30",NA,"Kat2a"
"Katna1",NA,"Trrap"
"Osmr",NA,"Naa30"
"Marcksl1",NA,"Taco1"
"Nol4",NA,"F3"
"Phldb1",NA,"Aamdc"
"Gm2830",NA,"Hira"
"Rpl26",NA,"Borcs7"
"1600020E01Rik",NA,"Msantd3"
"Mtln",NA,"Prrg1"
"Uap1l1",NA,"Slc25a45"
"Tacc3",NA,"Csnk1e"
"Lrrfip1",NA,"Mat2b"
"Rrm2b",NA,"Taf2"
"Nudt14",NA,"Cul5"
"Afg1l",NA,"Zyg11b"
"Ets2",NA,"Tubgcp6"
"Plekhf2",NA,"Strn3"
"Wdfy1",NA,"B230354K17Rik"
"Gm19531",NA,"Radil"
"Mc5r",NA,"H2az2"
"Ssrp1",NA,"Mettl22"
"Zfp428",NA,"Rps19bp1"
"Prps2",NA,"Ptgfrn"
"Btaf1",NA,"Stard3nl"
"Mtch2",NA,"Fpgs"
"Ldhb",NA,"2010315B03Rik"
"Slc3a2",NA,"Letm2"
"Ahdc1",NA,"Slc25a12"
"Plxna1",NA,"Surf4"
"Mrpl53",NA,"Abhd17b"
"Arhgap10",NA,"Jam3"
"Tmem135",NA,"Akt1"
"Pfkfb3",NA,"Zzz3"
"Ccdc28b",NA,"Med8"
"Pex11g",NA,"Ppp1r12c"
"Nme4",NA,"Lamp2"
"Ppp2r1a",NA,"Smarca1"
"Pik3r2",NA,"Rpl19"
"Iars1",NA,"Fgfr2"
"Etv3",NA,"Rchy1"
"Orc5",NA,"Prpsap1"
"Lmo7",NA,"Slc25a16"
"Ago2",NA,"Tmem186"
"Rai14",NA,"Napg"
"Cbr2",NA,"Cggbp1"
"Arih1",NA,"Atg10"
"Hipk2",NA,"Lbhd1"
"Ankzf1",NA,"Smim14"
"Ammecr1",NA,"Asnsd1"
"Rars2",NA,"Trmt2a"
"Tmem41a",NA,"Mdfic"
"Hspa1b",NA,"Zbtb11"
"Vps37a",NA,"Slc25a36"
"Slc36a2",NA,"Creld2"
"Cbr1",NA,"Rnf144a"
"Vps26a",NA,"Ctbs"
"Pxmp4",NA,"Sertad2"
"Myl12a",NA,"Fkrp"
"Chmp1b2",NA,"Mad2l1"
"Sephs2",NA,"Ggct"
"Ephb2",NA,"Clasp1"
"Eif3e",NA,"Prdx2"
"Wdr45",NA,"Aprt"
"Pdp2",NA,"Txndc5"
"Mcm5",NA,"Rrm1"
"Gga2",NA,"Ranbp2"
"Rpl3",NA,"Zbtb1"
"Scpep1",NA,"Ofd1"
"Fam3c",NA,"Capza1"
"Slain2",NA,"Sphk2"
"Atg16l1",NA,"Clic1"
"Laptm4a",NA,"Atg3"
"Frmd6",NA,"Rnf13"
"Lrr1",NA,"Stam"
"Nherf2",NA,"Lysmd4"
"Fkbp10",NA,"Manba"
"Atf6",NA,"Rhoq"
"Mbnl1",NA,"Ddx39b"
"B4galt3",NA,"Rftn2"
"Clptm1",NA,"Tbccd1"
"Tsg101",NA,"Asrgl1"
"Rpl35",NA,"Bloc1s4"
"Rab1b",NA,"Rabl6"
"Cenpb",NA,"Mzt1"
"Ndufs2",NA,"Utp14b"
"Bpnt1",NA,"Cct7"
"Fbxl3",NA,"Hes6"
"Cbfb",NA,"Dhx32"
"Snap29",NA,"Cmtm6"
"Cdc5l",NA,"Rab24"
"Mrpl58",NA,"Mfn1"
"Man1c1",NA,"Fkbp3"
"Coq7",NA,"Psmd14"
"Tspan6",NA,"Itgb1"
"Tmem106a",NA,"Ext2"
"Pdlim7",NA,"Atp13a2"
"Smarcc1",NA,"Chd2"
"Bcorl1",NA,"Scoc"
"Eif4e",NA,"Grb2"
"Rb1",NA,"9330133O14Rik"
"Marchf2",NA,"Herc3"
"Gnpnat1",NA,"Dr1"
"Tbl1x",NA,"Dsel"
"Rapgef1",NA,"Ly6e"
"Celf1",NA,"Naa38"
"Arl15",NA,"Ugp2"
"Foxred1",NA,"Tmem237"
"Gtf2i",NA,"Pop5"
"Osbpl5",NA,"Edem3"
"Add1",NA,"Cast"
"Rgl2",NA,"Dnaja1"
"Parp1",NA,"Tnrc6a"
"Tmed1",NA,"Zfp617"
"Ppp1r15a",NA,"Phip"
"Slc38a2",NA,"Gchfr"
"Tmem43",NA,"Eri3"
"Met",NA,"Ccdc12"
"Spring1",NA,"2310009B15Rik"
"Vldlr",NA,"Exosc7"
"Thbs1",NA,"Sh3gl1"
"Nucb1",NA,"Qsox2"
"Sspn",NA,"Ctnna1"
"Mfhas1",NA,"Gar1"
"Ubr5",NA,"Atraid"
"Eef1b2",NA,"Fen1"
"Mrpl37",NA,"Uqcc3"
"Ces1d",NA,"Phka1"
"Ndufaf3",NA,"Rlf"
"Cdc42bpb",NA,"Bmi1"
"Lamtor1",NA,"Tbc1d31"
"Rara",NA,"Srprb"
"Mtap",NA,"AU022252"
"Cdpf1",NA,"Samd9l"
"Ldaf1",NA,"Mapk8"
"Cnot3",NA,"Pfdn4"
"Creb3l2",NA,"Rab11fip3"
"Zkscan1",NA,"Nr1h3"
"Bcl2l1",NA,"Acvr2a"
"Rplp0",NA,"Dctn3"
"Pik3r1",NA,"Cop1"
"Cops6",NA,"Aldh5a1"
"Sdhb",NA,"C1galt1"
"Pbx1",NA,"Map3k10"
"Rit1",NA,"Herc1"
"Extl3",NA,"Mvp"
"Sgms1",NA,"Wdr45b"
"Sdhc",NA,"Cblb"
"Dpp7",NA,"Rabl3"
"Fuom",NA,"Cdkn2d"
"Slc35a3",NA,"Nmnat1"
"Tprkb",NA,"Shoc2"
"Mief1",NA,"Wiz"
"Rpl6",NA,"Mrps10"
"Rae1",NA,"Ints11"
"Ctdsp1",NA,"Ext1"
"Pitpnm1",NA,"Mapk6"
"Mesd",NA,"Abhd8"
"Wapl",NA,"Nol3"
"Dhx15",NA,"Npr3"
"Atp2a2",NA,"Mgat1"
"Ano10",NA,"Nfkbil1"
"Serhl",NA,"Tnks"
"Cfl1",NA,"Myorg"
"Nkapd1",NA,"Adck2"
"Apoe",NA,"Prdx2-ps1"
"Laptm4b",NA,"Clec2d"
"Ikbkb",NA,"Ubap2"
"Rpl18a",NA,"Hmgb2"
"Glb1",NA,"Spout1"
"Bbip1",NA,"Pias3"
"Ttyh2",NA,"Ndufaf6"
"Afap1",NA,"Slc20a1"
"Mtfr1l",NA,"Palm"
"Dipk1b",NA,"Tle1"
"Gas1",NA,"D330023K18Rik"
"Stmp1",NA,"Ran"
"Myh10",NA,"Slc40a1"
"Smarcd2",NA,"Klc2"
"Dpysl2",NA,"Cstf3"
"Npdc1",NA,"Rnf138"
"Hikeshi",NA,"Cep350"
"Nudt16l1",NA,"Ccser2"
"Wipi2",NA,"Stom"
"Mia2",NA,"Tanc1"
"Insr",NA,"Lpl"
"Runx1t1",NA,"Trak2"
"Brip1os",NA,"Rtl8a"
"Atp5f1b",NA,"Acaa2"
"Clpx",NA,"Fignl2"
"Rpl4",NA,"Sec16a"
"Tmem50a",NA,"Dcaf6"
"Sqle",NA,"Slc35a1"
"Pde3b",NA,"Scaf1"
"Eeig1",NA,"Rasd1"
"Ncor2",NA,"Zfp777"
"Camk1",NA,"Ggps1"
"Nars1",NA,"Gab1"
"Rpp14",NA,"Pitrm1"
"Bckdhb",NA,"Eya3"
"Map7d1",NA,"Apod"
"Snx17",NA,"Snx18"
"Man1a2",NA,"Gtf2h4"
"Fbxw2",NA,"Wrn"
"Cish",NA,"Brwd3"
"Tuba1c",NA,"Kdm5a"
"Gprc5b",NA,"Drg2"
"Cdk16",NA,"Mospd3"
"Gatad1",NA,"Rnf187"
"Ndufb9",NA,"Zfp330"
"Mff",NA,"Mfap1a"
"Echs1",NA,"Ttc38"
"Btg1",NA,"Micu3"
"Prelp",NA,"Tusc2"
"Tbc1d13",NA,"Pogk"
"Psmd11",NA,"Amn1"
"Polr2f",NA,"Nup88"
"Shisa5",NA,"Abcb10"
"Phf5a",NA,"Pdzd8"
"Klhdc2",NA,"Itfg1"
"Rab18",NA,"Rpl36al"
"Gstz1",NA,"Pycr2"
"Snrnp27",NA,"Urgcp"
"Eif4a1",NA,"Fth1"
"Ociad1",NA,"Serpine1"
"Actb",NA,"Nsmce1"
"Chmp4b",NA,"Ccdc127"
NA,NA,"Ddx23"
NA,NA,"Ahcyl1"
NA,NA,"Mrps28"
NA,NA,"Commd4"
NA,NA,"Tnrc18"
NA,NA,"Micu2"
NA,NA,"Sh2b3"
NA,NA,"Med21"
NA,NA,"Tnfaip1"
NA,NA,"Mtr"
NA,NA,"Aff1"
NA,NA,"Cramp1"
NA,NA,"Swt1"
NA,NA,"Snx5"
NA,NA,"Fbxw7"
NA,NA,"Med16"
NA,NA,"Triap1"
NA,NA,"Topors"
NA,NA,"Nfatc3"
NA,NA,"Stx17"
NA,NA,"Mydgf"
NA,NA,"Noa1"
NA,NA,"Impdh1"
NA,NA,"Rgmb"
NA,NA,"Dhx8"
NA,NA,"Zfp267"
NA,NA,"Eif2b2"
NA,NA,"Tpst2"
NA,NA,"Arrdc3"
NA,NA,"Wwc2"
NA,NA,"Rad50"
NA,NA,"Wdr70"
NA,NA,"Mfsd8"
NA,NA,"Crbn"
NA,NA,"Tet3"
NA,NA,"Rps17"
NA,NA,"Sec62"
NA,NA,"2310022B05Rik"
NA,NA,"Ogt"
NA,NA,"Prpf40b"
NA,NA,"Hnrnpa1"
NA,NA,"Porcn"
NA,NA,"Fh1"
NA,NA,"Iscu"
NA,NA,"Map3k4"
NA,NA,"Srp72"
NA,NA,"Gpat4"
NA,NA,"Glrx2"
NA,NA,"Rps9"
NA,NA,"Nup107"
NA,NA,"Ric8b"
NA,NA,"Plpp1"
NA,NA,"Cops8"
NA,NA,"Dcxr"
NA,NA,"Tgfbr1"
NA,NA,"Sdhaf2"
NA,NA,"Arf5"
NA,NA,"Rnf8"
NA,NA,"Riok3"
NA,NA,"Scamp3"
NA,NA,"Vcpip1"
NA,NA,"Tnfrsf1a"
NA,NA,"Rnf141"
NA,NA,"Pck2"
NA,NA,"Gpr108"
NA,NA,"Adss2"
NA,NA,"Vdac2"
NA,NA,"Rassf8"
NA,NA,"Pced1a"
NA,NA,"Actl6a"
NA,NA,"Cox7c"
NA,NA,"H1f0"
NA,NA,"Arhgap12"
NA,NA,"Tpd52l2"
NA,NA,"Spag9"
NA,NA,"Atad2b"
NA,NA,"Nudt3"
NA,NA,"Gstm5"
NA,NA,"Ube2d3"
NA,NA,"Dgcr6"
NA,NA,"Cttn"
NA,NA,"Tmeff1"
NA,NA,"Rnf19a"
NA,NA,"Rbm26"
NA,NA,"Psmd7"
NA,NA,"Vcl"
NA,NA,"Pcm1"
NA,NA,"Clk4"
NA,NA,"Uba1"
NA,NA,"Zfr"
NA,NA,"Emc1"
NA,NA,"Chtop"
NA,NA,"Rps11"
NA,NA,"Pdap1"
NA,NA,"Hpf1"
NA,NA,"Calu"
NA,NA,"Atf7ip"
NA,NA,"Uri1"
NA,NA,"Sltm"
NA,NA,"Fkbp9"
NA,NA,"Mrpl51"
NA,NA,"Fbxo9"
NA,NA,"Chic2"
NA,NA,"Col6a3"
NA,NA,"Hoxa7"
NA,NA,"Spcs1"
NA,NA,"Psmd6"
NA,NA,"Blcap"
NA,NA,"Ccnl2"
NA,NA,"Tpcn1"
NA,NA,"Nipsnap2"
NA,NA,"Pmpcb"
NA,NA,"Ppp6r3"
NA,NA,"Plpp3"
NA,NA,"Eif3j1"
NA,NA,"Rnf2"
NA,NA,"Eif3l"
NA,NA,"Ano8"
NA,NA,"Abhd12"
NA,NA,"Smdt1"
NA,NA,"Paics"
NA,NA,"Ubr2"
NA,NA,"Usp34"
NA,NA,"Rnf181"
NA,NA,"Sub1"
NA,NA,"Copb1"
NA,NA,"Zwint"
NA,NA,"Rps15"
NA,NA,"Smg7"
NA,NA,"Ahnak"
NA,NA,"Srrm2"
NA,NA,"Arhgap29"
NA,NA,"Tax1bp1"
NA,NA,"Ctnnb1"
NA,NA,"Ilrun"
NA,NA,"Smc6"
NA,NA,"Gnb2"
NA,NA,"Bcat2"
NA,NA,"Fasn"
