"Shared","T.DMSO","T.SCO"
"Hp","Tnip1","Mcur1"
"Cidec","Nfkbia","1600014C10Rik"
"Ccl2","Cfb","Tmed5"
"Ripk2","Ptges","Bgn"
"Tagln2","Ccl9","Unc119"
"Vcam1","Hmga2","Adamts1"
"Sod2","Acp5","Mtus1"
"Ccl7","Mmp3","Blvrb"
"Tnfaip2","Bcl3","Hcar2"
"Gpd1","AW112010","Ermp1"
"Irf1","Agt","Acaa1a"
"Nrp2","Dcbld2","Scara3"
"Mknk2","Cstb","Mrpl45"
"Pdpn","Dram1","Bmpr1a"
"Plin1","Ppp1r3c","Lgr4"
"A530016L24Rik","Slc11a2","Arhgap18"
"Pank3","Dusp6","Orm3"
"Bid","Hes1","Gsta3"
"Csf1","Eif6","Pigl"
"Lipe","Tapbp","Tmem97"
"Cxcl5","Lrig1","Ctsl"
"Smpd1","Psme1","Cbr1"
"Tmem176a","Mtss2","Prune1"
"Il6st","Ifngr1","Pdgfrb"
"Rgs2","Cav1","B430010I23Rik"
"Angptl4","H2-K1","Gprc5b"
"Adrb3","Vmp1","Trafd1"
"Cd44","Cyp26b1","S100a6"
"Junb","Pals2","Mpdu1"
"G0s2","Mrpl38","Etv3"
"Cdkn2c","Ikbke","Pgp"
"Ptx3","Ccdc80","Adcy5"
"Hpx","Trabd2b","Marcks"
"Cxcl1","S100a8","Fcf1"
"Cebpa","Psmd10","Prdx1"
"Tst","Cav2","Rrs1"
"Cp","Fas","Bag2"
"Cavin2","Grem2","B3glct"
"Aoc3","Akap12","Stradb"
"Pde3b","Fth1","Nhsl2"
"Timp1","Fosl1","Ndufaf4"
"Eif4ebp1","Pparg","Cndp2"
"Paqr4","Ier3","Fra10ac1"
"Gng12","Lpar4","Osbpl11"
"Bscl2","Adcyap1r1","Trp53inp2"
"Adig","Col6a2","Pcolce"
"Psmb10","Jarid2","Fads2"
"Gpat3","Resf1","Man2b2"
"Relb","Mccc1","Mr1"
"Gpt","Plekho2","Bnip3l"
"Scd1","Eif1a","Kiz"
"Nfkb2","Septin6","Tnfrsf22"
"Car5b","Chi3l1","Pabir2"
"Saa3","Pdgfa","Lamb2"
"Ubd","Ext1","Chchd10"
"Retsat","Igf1","Timm22"
"Mt2","Hspa5","Acacb"
"Pdhb","Il1rl1","Chst1"
"Gstz1","Slc25a18","Sun2"
"Gnpat","Klf5","Gsto1"
"Acsl5","Bltp3b","Cenpv"
"Agpat2","Tef","Sdc2"
"Trim47","Pygb","Lyst"
"Dgat1","Rnd2","Adamts2"
"Gbp2","Maf","St3gal2"
"Thrsp","Bbln","Smoc1"
"Arxes2","Ninj1","Nrxn2"
"Selenop","Ets2","Gclm"
"Adipoq","Fmr1","G3bp2"
"Ffar2","Ccn5","Ptk2b"
"Mt1","Itpripl2","Slc26a2"
"Sh3pxd2b","Sesn3","Ciapin1"
"Uck1","Nt5dc2","Thoc6"
"Tmem176b","Tmem140","Speg"
"Lpin1","Eeig2","Inpp1"
"Ly75","Foxp4","Arhgap5"
"Osmr","Gstk1","Fkbp5"
"Abcd2","Calcrl","Rasa3"
"B4galt5","Prelp","Dusp9"
"Ccl6","Rasl11b","Slc27a4"
"Acvr1b","Sbno2","Lipt1"
"Slc1a3","Stat3","Cela1"
"P2rx4","Mvp","Rtf2"
"Slc25a10","Thbs2","Wwtr1"
"Id1","Ddx21","Ddx17"
"Cat","Adamts12","Lamp1"
"Ifnar2","Mcm3","Tcf4"
"Aco2","Mybbp1a","Tagln"
"Slc39a14","Maff","Sipa1l1"
"Aspn","Ereg","Sema3f"
"Prlr","C3","Fzd1"
"Dgat2","Prr13","Frat2"
"Kcnk3","Cdk6","Mindy1"
"N4bp2l1","Morc4","Pck2"
"Actn1","Arhgdib","Socs2"
"Scd2","Sh3kbp1","Klhl5"
"9630013D21Rik","Abca8a","Lrrcc1"
"Psma1","Ar","Gpsm2"
"Gnb5","Smim1","Gk"
"Arl4a","Tm4sf1","Lgals1"
"Rab6b","Il17re","Acadl"
"Sort1","Prickle1","Zfp655"
"Acss2","Dmpk","Sfxn5"
"Pcx","Igfbp4","Prr11"
"Egr1","Hmga1","Afap1l2"
"Fasn","Tuba1c","Arfip2"
"Nfia","Tap2","Blvra"
"Fbxo45","Nfkbiz","Yme1l1"
"Atp1a2","Tma16","Cmip"
"Hibch","Bach1","Mtfr1l"
"Irs1","Nfkbib","Mms19"
"Pnpla2","Cybb","Bhlhe40"
"Aqp7","Gch1","Adrb2"
"Apmap","Myd88","Pdzrn3"
"Slc2a4","Ncoa1","Fgl1"
"Epb41l1","Sfrp2","Prkar2a"
"Idh3a","Tmt1a","Plxna2"
"Nabp1","Sash1","Ier5l"
"Cyp1b1","Manf","Psen2"
"Ppa1","Grem1","Mgrn1"
"Isyna1","Tmem135","L3mbtl2"
"Klf15","Rarres2","Acvr1"
"Niban2","Smim5","Ddah2"
"Trarg1","Ncl","Ubqln2"
"Tnfaip3","Mmp13","Dgka"
"Mtarc2","Pdcd4","Lcor"
"Lpl","Rdx","Epdr1"
"Pxmp2","Exoc3l4","Naa50"
"Ywhab","Cd248","Loxl3"
"Fcgrt","Rab20","Lonrf1"
"Adipor2","Shisa5","Gm20544"
"Gdpd1","Ptpn12","Cd302"
"Alad","Traf3","Slc38a4"
"Tnfrsf12a","Lfng","Dlg3"
"Mcam","Slc15a3","Brd7"
"Retn","Lctl","Adam9"
"Layn","Noc2l","Enpp1"
"Mdh1","Cped1","Get1"
"Idh1","Meis2","Sipa1l2"
"Sh3glb2","Adamts7","Orm2"
"Fam13a","Tcf7l1","Trub1"
"Fst","Gpr84","Nat8f3"
"Lgals12","Aldh4a1","Rnf4"
"Flt1","Amotl1","Eid2b"
"Jak2","Zfp395","Lhfpl6"
"Crat","Kars1","Preb"
"Adam17","Traf1","Arhgap27"
"Psmb8","Map4k4","Vdr"
"Bcat2","Gcnt2","Ctsk"
"Rab32","Mid1ip1","Myo1c"
"Cyb5a","Phlda1","Plcl1"
"Loxl2","Casp7","Zfp637"
"Akt2","Nop56","Itgb2"
"Steap1","Cfd","Slc41a3"
"Rhoc","Ddx39a","Ube2k"
"Mrps6","P2rx3","Nek7"
"Dipk1b","Thra","Piezo1"
"App","A430018G15Rik","Plod3"
"Gm56906","Ogn","Mertk"
"Tpm1","Leprotl1","Trit1"
"Rap1b","Gpatch4","Azin1"
"Ivd","Zfp467","Col4a2"
"Coq9","Nsun2","Cenpf"
"Trib1","Ranbp1","Ccdc34"
"Ctdspl","Pum3","Stat5a"
"Cluh","Anp32b","Tmem109"
"Hexim1","Slc40a1","Tent5b"
"Slc43a2","Rxra","Tmbim1"
"Rela","Pdgfrl","Tulp3"
"St3gal6","Fhl2","Borcs6"
"Aatk","Rangap1","Clock"
"Pxmp4","Hells","Map3k5"
"Prnp","Ssbp3","Lzic"
"Mmd","Plaat3","Shld1"
"Gadd45g","Polr2e","Ddi2"
"Rab3d","Myo18a","Itpk1"
"Enpp4","Pfkm","Hnrnpl"
"Tpm4","Tcf7l2","Irak2"
"Tmt1b","Tead1","Elmod2"
"Glipr2","Vegfb","Dact3"
"Pde4b","Cacybp","Bet1l"
"Steap2","H2-Oa","Cdc42se1"
"Ndufs7","Gtf2i","Mtg2"
"Dclk1","Plppr3","Znhit1"
"Ier5","Sdad1","Zfp740"
"Chp1","Ank3","Cdkl5"
"Tmcc3","Tpra1","Eif2ak1"
"Susd6","Sucnr1","Dennd2b"
"Dab2","Lrrc59","Cdk2ap2"
"Selenbp1","Abcb1b","Fdx1"
"Igfbp3","Hacd4","Gm5131"
"Hibadh","Slc39a11","Dock5"
"Lifr","Naa25","Clip3"
"Myo10","Mcph1","Tpm2"
"Gm15417","Nipsnap2","Afg3l1"
"Fzd4","Cd14","Gprin3"
"Fcor","Nus1","Sgms1"
"Fitm2","Bola2","Rxrb"
"Mfn2","Angptl8","Fut11"
"Ldhb","Atl2","Psmb5"
"Lcn2","Degs1","Cntln"
"Cib2","Fam20c","Poli"
"Stmp1","Adam23","Arel1"
"Ass1","Psma7","Serp1"
"Cd36","Psme2","Prps2"
"Ndufs1","Gstm2","Tmem231"
"Cald1","Fgf2","Psmd6"
"Acadm","Fgfr2","Gm54867"
"Glb1","Vsir","Septin8"
"Ninl","Spred1","Lgi4"
"H1f2","Acot7","Vasp"
"Etfb","Nip7","B3galnt1"
"Cyc1","Peak1","Znhit3"
"Pmp22","Gm34084","Nat8f1"
"Dipk2a","Shmt2","Map6"
"H2bc4","Tubb6","Ptcd3"
"Tmem120b","4930458D05Rik","Rcan1"
"Ndufb10","Lbp","Nsmce2"
"Gpam","Ybx3","Snx24"
"Sdhb","Fbxl5","Plxna3"
"Mcrip2","Acadsb","Ttc21b"
"Nrn1","Sp3os","Ssbp2"
"Msra","Wdr43","Kbtbd11"
"Aldh6a1","Pappa","Tspan6"
"Tlr2","Osbpl1a","Tomm70a"
"Tpm3","Echdc2","Morn4"
"Atp5pb","Actr3","Abcc4"
"Cox14","Ces1d","Fat1"
"Ptgr2","Pccb","Tfb2m"
"Cebpg","Snrpd1","Hspd1"
"Apoc4","Prkaa1","Rabl6"
"Birc3","Mfsd1","Met"
"Erap1","Hspa4l","Zfp821"
"Isoc2a","Rgl1","Parp1"
"Me1","Nampt","Abca2"
"B3galt2","Car3","Nadk2"
"Foxs1","Capn6","Gpx4"
"Grtp1","Cyp4v3","Tmsb4x"
"Ss18l2","Zfp593","Ifitm6"
"Mfhas1","Wnk4","Ppp2r5b"
"Eepd1","Hspa12a","Ces1a"
"Nrip1","Map1a","Sh3glb1"
"Vegfd","Gm26881","Cul3"
"Itgav","Etv6","Zfp770"
"Tmem123","Pinx1","Agpat5"
"Hsd11b1","Nudt18","ENSMUSG00000121488_Gm5886"
"Gstm1","Dnajc4","Ly6a"
"Igf2bp2","Eif5a","Gm7049"
"Gas6","Lbr","Arid4b"
"Dhrs3","Surf4","Nrbf2"
"Taldo1","Tgfb2","Atp6v1b2"
"Znrf1","Idnk","Ptprk"
"Zfyve21","Pyroxd2","Abhd4"
"Sgpl1","Pts","Hrct1"
"Msn","Clec3b","Traf4"
"Adh1","Plscr1","Ddx28"
"Gm44386","Parvb","Plac8"
"Gsap","Ndufs3","Tmed2"
"Dgkd","Mat2a","Riok2"
"Plec","Bak1","Plekhh2"
"Dlat","4930511E03Rik","Has2os"
"Akr7a5","Lipa","Ankrd9"
"Scp2","Il11ra1","Txnrd3"
"Eif4e3","Icosl","A130051J06Rik"
"Cyb561","Nasp","Mospd1"
"Casp4","Cd59a","Kif13a"
"Slco3a1","Hnrnpab","Tmem198b"
"Snx10","Lgals3","Psmb3"
"Atp2b4","Gm56936","Slc35e4"
"Ube2a","Lrrc8c","Tgfb1i1"
"Serpina3n","Nherf2","S100a10"
"Pim1","Bcl10","Ccdc102a"
"Birc2","Tle5","Dnpep"
"Anxa6","Soat1","Nudt13"
"Cpt2","4833438C02Rik","Pms1"
"Mfge8","Nab1","Pacs2"
"Slc25a19","Serpine1","Uri1"
"Smim29","Slc25a23","Dcaf8"
"AU020206","Bmp2k","Ptges3l"
"Axl","Noc4l","Ppil3"
"Rtl8a","Ccnd3","Calr3"
"Ffar4","Upp1","Prxl2c"
"Phlda3","Riok3","Amz1"
"Fxyd1","Gnl3","Ano10"
"Dbp","Adamts14","ENSMUSG00000121683"
"Capg","D17H6S56E-5","Arl6ip6"
"Ndufab1","Gm6682","Gm57330"
"Ypel3","Baz1a","Nelfa"
"Tmem120a","Chn1","Ubxn8"
"Grhpr","Lrp5","Tmem38b"
"Msmo1","U90926","Armc9"
"Plcb1","Pa2g4","Hpdl"
"Slc7a2","Dmtn","Nif3l1"
"Dse","Mtf2","Naa40"
"Htra2","Raf1","Gramd4"
"S1pr2","Xrn2","Atp23"
"Uqcrh","Atp13a3","Bltp2"
"Apcdd1","Grhl1","Gata6"
"Echs1","Fosl2","Vcp-rs"
"Slc48a1","ENSMUSG00000121503_H2-K2","Polr2j"
"C1qtnf12","Fzd2","Crip2"
"Socs3","Calr","Nudt3"
"Atp5mc3","Sgta","Wwp2"
"Ehd1","Gstm7","Prdx4"
"Tubb2a","Ttc39c","Ufsp1"
"Cygb","Nub1","Crybg1"
"Sdhc","Aprt","Klhl25"
"Tfrc","Apoc1","Timm10"
"Esrra","Dkc1","Fiz1"
"Olr1","Oaf","Atp5if1"
"Naaa","H1f0","Tusc3"
"Slc25a1","Per3","6430548M08Rik"
"Slc13a4","Mettl1","Gypc"
"Lpar1","Wdr5","Stard9"
"Ppp2r1b","Rhoq","Gm20186"
"Acbd4","Tsc22d3","Trf"
"Ezr","Mylip","Zfp408"
"Parp3","Sh2d3c","Eif2b4"
"Sptlc2","Phgdh","Mark2"
"Sorbs1","Slc12a4","Gm45380"
"Aldh1a7","Cyth3","Fbln2"
"Nrep","Wdr36","Pald1"
"Fgfrl1","Dusp5","Fam20b"
"Mpst","Rab3il1","Sil1"
"Pim3","Txn1","Os9"
"Pnpla8","Ran","Ctns"
"Atg101","Dtx3l","Ppp1r16a"
"Ndufb8","Itga1","Tob2"
"Decr1","Hif1a","Arhgap28"
"Ckap4","Dlk1","Rpl39"
"Nsdhl","Mtdh","Usp54"
"Tlcd1","Camk1","Slc7a6"
"Mmut","Utp20","Tnfrsf1a"
"Cox7a2","Ppp1r9b","Pgam1"
"Fabp5","Inf2","Med22"
"Cox8a","Palm","Ube2c"
"Cbx4","Tmem119","Tmem30a"
"Ndufb9","Cad","Pdpr"
"Ifitm2","Tspan3","Zfp867"
"Xbp1","Chmp4b","Tspan17"
"Gale","Lrtm1","Pttg1"
"1810021B22Rik","Lmbr1","S100a4"
"Ppp4r2","Nap1l1","Zbtb14"
"Acly","Naa15","Ncoa4"
"Ces1f","Nme1","St3gal5"
"Prrx1","Rfx5","Rpn2"
"Slc43a3","Edem1","Dusp10"
"Tbc1d4","Adora2b","Trabd"
"Ppargc1b","Septin11","Efna1"
"Xdh","Lrrc61","Lamtor3"
"Dolpp1","Stambpl1","Glt8d1"
"Acat1","Lig1","Snx17"
"Gm2a","Tars1","Diablo"
"Ifngr2","Gm16098","Mettl15"
"Bnip3","Parp9","Limk2"
"Ralgapa2","Hnrnpd","Mapkap1"
"Bola3","Cbr2","Mindy2"
"Ganc","Pbdc1","P4ha2"
"Dlc1","Ptpn1","Cnpy4"
"Scarb1","Rhoj","Cops6"
"Mfsd12","Dgcr6","Tmem69"
"Esyt1","Hbegf","Spryd7"
"Slc25a34","Plekha3","Akap7"
"Pmvk","Ldaf1","Nubpl"
"Casp12","Oma1","Myo1b"
"Anxa4","Lamb3","Yif1b"
"Cdo1","Nop58","2900060B14Rik"
"Cemip2","Aph1b","Dlg5"
"Deptor","Zfp503","Abhd16a"
"Stxbp1","Mfsd10","Sephs1"
"Insig1","Bin1","Zfp91"
"Sfxn1","Efhd2","Svil"
"Rasd1","Phc2","Alg1"
"Ormdl3","Bcr","Gm15787"
"Serpina3g","Hoxa2","Fam124a"
"Acsl1","Col11a1","Upf2"
"Col3a1","Snx8","Tmem33"
"Rnf128","Set","Dusp11"
"Hoxa7","Ctsd","Dnajc18"
"8430430B14Rik","Gm26569","Gpt2"
"Peli2","Stip1","Rita1"
"ENSMUSG00000121494_9030619P08Rik","Mmp9","Irf2bp1"
"Fam111a","Prmt1","C2cd2l"
"Mpc2","Med11","Nop10"
"Atp5po","Retreg1","Hoxc13"
"Hsdl2","Ptma","Alg9"
"Tkt","Nfix","E130307A14Rik"
"Syn2","Morc3","Adamtsl5"
"Atp5f1d","Psmg4","Gm11613"
"Lrrc39","Igsf6","6720427I07Rik"
"Dpy19l1","Acox3","Foxd2os"
"Ndufc2","Jup","Cc2d2a"
"Dhrs9","Dst","Nipa2"
"Fdps","Azi2","Nhlrc2"
"Ampd3","Hk2","Stk11"
"Spp1","Cct3","Lims2"
"Fmc1","Atp5mj","Mtif3"
"Pak1","Mcm5","Dnajc27"
"Tifa","Sned1","Cant1"
"Nfkb1","Fmo2","1600012H06Rik"
"Zfp703","Banf1","Gpr135"
"Slc44a1","Prtn3","Erp29"
"Cers4","Lbh","Srsf10"
"Rbpj","Zswim4","Nagk"
"Cisd1","Lman2l","Wapl"
"Npm1","Pcbd2","Ubr5"
"Dhrs4","Trmt6","Smad3"
"Clstn3","Wnt5a","Golph3"
"Gramd1b","Hnrnpdl","Tet3"
"Clic1","Akap13","Zfp111"
"Agpat3","Acyp1","Hspg2"
"Fubp1","Tmem216","Marcksl1"
"Klf6","Lrpap1","Hyal2"
"Tnfrsf1b","Hmox2","Sfi1"
"Miga2","Usp2","Pde7a"
"Ifi204","Fam210b","Chml"
"S1pr3","Myl6","Rxylt1"
"2300009A05Rik","Slc39a6","Ddrgk1"
"Car2","Il1r1","Ltbp1"
"Aamdc","Tinagl1","Cdc5l"
"Uqcr11","Mak16","Cnbd2"
"Ly6c1","Pabpc1","Aamp"
"Cox6a1","Appl2","Ttyh2"
"Rhob","Iqgap1","Vps72"
"Pex19","Sesn1","Pgm3"
"Mrap","Ell2","Mllt3"
"Pla2g6","Sema7a","Plekhg3"
"Dbi","Top2a","Gm57395"
"Camkk2","Bax","Ccnd2"
"Atp5f1a","Erbin","Cenpa"
"Commd3","Col6a1","Impa2"
"Tbx18","Lrig3","Ciao2a"
"Acad11","H2-D1","Insig2"
"Chsy1","Kank1","Gm19739"
"Fabp4","Bmp4","Rnf38"
"Flnb","Rmnd5a","Selenon"
"Poln","Eri1","Rhobtb1"
"Sdc1","Zpr1","Aqp1"
"Acox1","Arl2bp","Serpinb8"
"Lpcat3","Fndc3b","Mrps27"
"Aida","Cdk4","Cog8"
"Echdc1","Slc41a1","Cd109"
"Clu","Smc2","Ube4a"
"Il4ra","Cyp2c23","Prune2"
"Camp","Nolc1","Sema3b"
"Slc25a44","Id2","Suox"
"Xrcc3","Papss2","Rbm15"
"Ephx2","Nop16","Cfap210"
"Sh3pxd2a","Tfe3","Acp2"
"Litaf","Ttc28","Fbxl6"
"Tgoln1","Emc3","Hacd3"
"Rnf11","Slc66a3","Dag1"
"Stx11","Peg13","Numb"
"Tob1","Slco2a1","Tmem177"
"Acod1","Colgalt1","Erp44"
"Ltbp2","Rif1","Rps27"
"Atp5me","Hebp1","Atp6v0a2"
"Blcap","Foxo1","Lmf2"
"Rbms1","Snrpn","C2cd3"
"Cx3cl1","Cpsf2","Zxdb"
"Slamf8","Ccdc86","Rilpl1"
"Ptrh1","Cct7","Atf7"
"Cbr3","Atad2","Qsox1"
"Pcdh19","Wbp1","Hspa9"
"Hdhd3","Pip5k1a","Arl6ip4"
"Nrg4","Nedd4","Tdrd3"
"2010003K11Rik","Fn3krp","Gtf2h4"
"Ankrd28","Naf1","Nek9"
"Hadhb","Gper1","Mmp24os1"
"Wasf1","Sgk1","Prdm9"
"Copz1","H1f3","Trmt5"
"Ech1","Tnfrsf9","Cdkn1b"
"Atp2b1","Itgbl1","Ice2"
"Sdha","Zc3h12a","Vhl"
"Ccl8","Dipk1a","Msi2"
"Rab3a","Vars1","Ppp4c"
"Irf2","Pprc1","Cyth1"
"Tspan14","Trpt1","Supv3l1"
"Mrpl34","Islr","Ddx47"
"1110038F14Rik","Emc8","Dcaf5"
"Tgif1","Fech","Cep15"
"Klb","Abi3","mt-Ti"
"Dnajc2","Calm2","Kdelr3"
"Dbt","Plaur","Ergic3"
"Smim19","Pak1ip1","Saraf"
"Sdc4","Nipal1","Btg1"
"Sod1","Mdm2","Map3k7"
"Myh9","Lyplal1","Tlnrd1"
"Lias","Mphosph10","Pgls"
"Gopc","Syngr2","Nsa2"
"Tns1","Clcf1","Apobr"
"Filip1l","Man2a2","Fyttd1"
"Tapbpl","Loxl4","Numbl"
"Spib","Gdpd2","Umad1"
"Pgrmc2","Btc","Cops7b"
"Zfp36","Sulf2","Trim35"
"Slpi","Osbpl3","Zfp938"
"Etfdh","Nsd2","Dph6"
"Ndufa11","Phldb1","Chordc1"
"Tubb5","Vapa","Taf2"
"Samhd1","Cct5","Pafah2"
"Baiap2","Nnmt","Cnot3"
"Pik3r5","Macroh2a1","Mphosph8"
"Hint2","Pwwp3b","Setd1b"
"Fmnl2","Rexo5","Kitl"
"Il13ra1","Foxo6","Brap"
"Cd274","Zbed6","Fhip1b"
"Ginm1","Nrbp2","Pura"
"Mapk6","Uqcc5","Gclc"
"Diaph2","BC049987","Trappc11"
"Phactr1","Slc7a1","Wdr18"
"Ggta1","Trak2","Rhbdf1"
"Mfng","Iah1","Gskip"
"Sik2","Slc38a7","Armt1"
"Klf7","Map3k8","Rwdd4a"
"Cyld","Mbd6","Wdr45"
"Ifi202b","Chd3","Brox"
"Ndufv2","Vgll4","C4b"
"Atp5f1b","Eef1akmt4","Wnk1"
"Cox5a","Txndc15","Ppard"
"Sting1","Dpysl3","Vps13a"
"Prkaca","Got2","Cstf3"
"N4bp1","Prdx5","Gadd45a"
"Enah","Atf3","Dazap1"
"Ndufa8","Pcdh7","Amfr"
"Ugcg","Clec14a","Cltc"
"Uqcrc2","Prep","Vps37a"
"Csad","C8g","Mrpl14"
"Pck1","Srr","Ptp4a2"
"Mdh2","Rack1","Ripor1"
"Larp1b","Sec16b","G6pdx"
"Adm","Lsg1","Cbx6"
"Prkar2b","Tsku","Tmbim6"
"Samm50","Topaz1","Nemf"
"Slc25a3","Tmeff1","Las1l"
"Gna13","Cdv3","Chd4"
"Sult1a1","Socs1","Fam136a"
"Atp1a1","Nr4a1","Timm44"
"Pdk2","Pik3r2","Snhg3"
"Atp5f1c","Mcm4","Rcn3"
"Gm38882","Nfe2l2","Glmp"
"Mif4gd","Eif4a2","Lsm14a"
"Evi5l","Aimp2","Hdac2"
"Ccni","Hsph1","St3gal1"
"Atpaf2","Usp16","Rpl32"
"Sprr2d","Mcu","Cops8"
"Jpt2","Cox7a2l","Aip"
"Ak2","Marveld1","Itm2c"
"Dolk","Rbbp9","Angpt1"
"Id3","Trp53","Rpl21"
"Tuba1a","Jun","Rps7"
"Sh2b2","Nup93","Klf9"
"Nmi","Acad8","Sub1"
"Pam","Clca3a1","Bzw1"
"Parp16","Mapkapk2","Rps24"
"Cxcl16","Dpt","Malat1"
"Cox4i1","Enox1",NA
"Arhgap22","Etf1",NA
"Entpd5","Mrpl42",NA
"Ndufc1","Trappc6b",NA
"C1ra","Ncoa7",NA
"Pfkfb1","Mcm2",NA
"Rnf144a","Serbp1",NA
"Lrrk1","Stap2",NA
"Ak3","Plod1",NA
"Oxct1","Jag1",NA
"Sgms2","Gm28875",NA
"Aco1","Ftsj3",NA
"Ung","Tbx3",NA
"Enc1","Ccdc93",NA
"Ubqln1","Smim11",NA
"ENSMUSG00000121484_Serpina3h","Cdc42ep5",NA
"Hagh","Aff3",NA
"Vegfc","Traf5",NA
"Dysf","B2m",NA
"Arpc2","Rgmb",NA
"Phldb2","S100b",NA
"Dok1","Cdh26",NA
"Atraid","Dvl1",NA
"Ndufb6","Gbp11",NA
"Ndufa9","Dis3",NA
"Gm19531","Fam3c",NA
"Zfp281","Rpn1",NA
"Tgfbi","Pebp1",NA
"Irs2","Tgfb1",NA
"Uqcr10","Srsf7",NA
"Sh3tc1","Tbc1d10a",NA
"Slc2a6","Idh2",NA
"Rasl11a","Sema3g",NA
"Gm19705","Utp15",NA
"Cd47","Rexo2",NA
"Pygl","Gm26670",NA
"Acot9","Inafm2",NA
"Emc9","Khk",NA
"Nfkbie","Cdt1",NA
"Slfn2","Ifi35",NA
"Pid1","Abhd14b",NA
"Pex13","Tmem59",NA
"Ndufv3","Pnkd",NA
"Slc6a6","Tnfrsf10b",NA
"Bcar3","Ttc38",NA
"Stom","Heatr1",NA
"Nat8l","Mest",NA
"Micos13","Mpdz",NA
"Ppp1r3d","Sltm",NA
"Specc1","Chd1",NA
"Wfdc17","Pcbp4",NA
"Col15a1","Kctd2",NA
"Hycc2","Ppp1r3b",NA
"Igsf3","Sh3bp2",NA
"Lonp2","Osr2",NA
"Ctps1","Cimap1c",NA
"Tmem205","Usb1",NA
"Mbnl1","Hexim2",NA
"Cxcl12","Slc45a4",NA
"Tnc","Ctsc",NA
"Pdxp","Bcl6",NA
"Armcx4","Tgfbr3",NA
"Isca1","Zbtb12",NA
"Ifitm3","3110082I17Rik",NA
"Apbb1","Dnmt1",NA
"Zfp423","Hip1",NA
"Mrpl15","Ssb",NA
"Pradc1","Mapkapk3",NA
"Ppp2r5a","Utrn",NA
"Idh3b","Dbf4",NA
"Serpinb6a","Slc12a7",NA
"Cep162","Gnb4",NA
"Acadvl","Slc25a29",NA
"S100a1","Eftud2",NA
"Nek6","Yipf4",NA
"Ywhah","Adam8",NA
"Ndufs2","Jade2",NA
"Reep5","Crlf1",NA
"Mcee","1700086O06Rik",NA
"Ndufb2","Zfp367",NA
"Ptn","Mitf",NA
"Pyurf","Trmt61a",NA
"Acaa2","Psmc3",NA
"Rtl8b","Gcdh",NA
"Gas7","Rmdn1",NA
"Apln","Bst2",NA
"Trip13","Psmd8",NA
"Pmepa1","Cars1",NA
"Mc5r","Rigi",NA
"Atp5mf","Cradd",NA
"Il1rap","Vnn3",NA
"Prkg2","Mthfd1l",NA
"Rgs16","Lsm11",NA
"Tmem106a","Gdi1",NA
"Rnd1","Aup1",NA
"Slc5a6","Cgas",NA
"Rnf150","Gpr155",NA
"Gyg1","Rrp9",NA
"Mtpn","Shq1",NA
"Qki","Gm15987",NA
"Cdc42ep2","Pcyox1",NA
"Ch25h","A130010J15Rik",NA
"Vwa5a","H2-T22",NA
"Myorg","Gm49774",NA
"Frmd4a","Mmrn2",NA
"Ebpl","Mrpl51",NA
"Cox5b","Rcl1",NA
"Gnl1","Klhl33",NA
"Ypel5","Slc25a45",NA
"Hadha","Jpt1",NA
"Clcn5","Ndrg2",NA
"Hmgb3","D030025P21Rik",NA
"Prxl2a","Cdsn",NA
"Ttc39b","1810010H24Rik",NA
"Gbp7","Ap4s1",NA
"Basp1","Ap3s1",NA
"Tmco4","Bcl11b",NA
"Ifi207","Nup62",NA
"Suclg1","Anxa2",NA
"Lce1g","Ogfr",NA
"Tspan12","Spryd3",NA
"Isca2","Mcm7",NA
"Epb41l3","Uhrf1",NA
"Ube2h","Ttyh3",NA
"Rcn1","Lmnb1",NA
"Hk1","Stat6",NA
"Egfr","Ptpn23",NA
"Il15ra","Ntpcr",NA
"Il13ra2","Vezf1",NA
"Bag4","Gm48832",NA
"Parp14","Usp25",NA
"Cmbl","Ripk3",NA
"Mndal","Apex1",NA
"Wdr6","Katnbl1",NA
"Celf2","Gtpbp4",NA
"Derl1","Ncbp2as2",NA
"Rab11a","Trim56",NA
"H4c9","Il34",NA
"Hddc3","Sqor",NA
"Cox8b","Dnajc10",NA
"Dyrk2","Snx7",NA
"Mgst3","Ephb2",NA
"Cyp2f2","Lum",NA
"Cpped1","Gm56627",NA
"Xpo5","Bms1",NA
"Actb","Nol9",NA
"Nol10","Inpp5a",NA
"Daam1","Otud7b",NA
"Ptpn14","Daam2",NA
"Tor3a","Lamc2",NA
"Cyp7b1","Hectd2os",NA
"Etfrf1","Tom1l2",NA
"Pank1","Rfxank",NA
"Adcy6","Gatad2a",NA
"Mccc2","Ipo4",NA
"Fnta","Mapk1ip1",NA
"Tmem182","Fkbp9",NA
"Plpp6","Nphp1",NA
"Abhd5","Rbm19",NA
"Apobec1","Tubgcp4",NA
"Rmdn3","Eml4",NA
"Gm31305","Fbh1",NA
"Alas1","Tnip2",NA
"Spg21","Wdr3",NA
"Runx1t1","Eif4e2",NA
"Cabin1","Abr",NA
"4931408D14Rik","Gart",NA
"Igsf8","Gpc1",NA
"Hmgcs1","Rnf220",NA
"Pam16","Sav1",NA
"Aldh9a1","Ddah1",NA
"Gadd45b","Dcst2",NA
"Echdc3","Wipi1",NA
"Kdm6b","Gbp6",NA
"Adissp","Tm2d2",NA
"Myof","Mblac2",NA
"Arhgef17","Tmod3",NA
"Eea1","Gtpbp6",NA
"Il1rl2","Ltbp3",NA
"5031439G07Rik","Eif3b",NA
"Rnf149","Zbtb20",NA
"Dnajc15","Stx3",NA
"C030006K11Rik","Ube2l6",NA
"Tmem242","Clspn",NA
"Ucp2","Nod1",NA
"Zfp36l1","Gask1b",NA
"Slc27a1","Grb10",NA
"Spry2","Galnt7",NA
"Uqcrq","Ccdc73",NA
"Aqp3","Pdlim2",NA
"Ppm1m","Ndufa1",NA
"Ndufv1","9530082P21Rik",NA
"Cs","Naalad2",NA
"Iqsec1","Amy1",NA
"Dbnl","Srgap3",NA
"Fbxo9","Ddit4",NA
"Ivns1abp","Gtf2h1",NA
"Mogs","Peds1",NA
"Sparcl1","Arsj",NA
"Tmem143","Sec14l1",NA
"Phip","Samd5",NA
"Sf3b3","Utp18",NA
"Agfg2","Tbk1",NA
"Serpina3f","Vkorc1l1",NA
"Gm33841","Kif26b",NA
"Cyp51","Per2",NA
"Runx1","Elk4",NA
"Ip6k3","Zfp961",NA
"Bag1","Mdn1",NA
"Ndufa3","Tcaf1",NA
"Slc18b1","Ppp1r11",NA
"Itga6","Eif3c",NA
"Mcm6","Irf5",NA
"Map4","Pelp1",NA
"Tubb2b","Sco2",NA
"Tnfaip1","Mkx",NA
"Socs5","Ttc17",NA
"Ndufa6","St6galnac6",NA
"Dtx2","Npc1",NA
"Pros1","Rpf1",NA
"Rai14","Rnf5",NA
"Sgpp1","H2bc21",NA
"Gsta4","Ifrd1",NA
"Ugp2","Kpna4",NA
"4931406C07Rik","Wnt4",NA
"Reep6","Hcls1",NA
"Cox6b1","Gm32655",NA
"Emp1","Akr1c14",NA
"Pwwp3a","Arhgap24",NA
"Adam12","Gar1",NA
"Mrpl12","Eif2s1",NA
"Cyb5b","Noct",NA
"Lyar","Slc2a8",NA
"Dcp2","Twf1",NA
"Fdft1","Cct2",NA
"Mlkl","H2-T10",NA
"Aldh3b2","Arpc1b",NA
"Slc8a1","Snapc5",NA
"H4c8","Rae1",NA
"Inhba","Rbpms2",NA
"Herc6","Tjp2",NA
"Slc25a37","Sox11",NA
"2310010J17Rik","Farsa",NA
"Gm5617","Rab3gap2",NA
"Elk3","Slc35f6",NA
"Chchd2","Pawr",NA
"Man2a1","Synj2",NA
"Abcc5","Gm39213",NA
"Dapk1","Bdh2",NA
"Sfr1","Kdm7a",NA
"Ptgir","G3bp1",NA
"Lrrc42","Sh3bgrl",NA
"Ndufb3","Smyd1",NA
"Emp3","Ctnnal1",NA
"Col18a1","Cpne2",NA
"Chpt1","Snta1",NA
"Impdh1","Otud4",NA
"Uqcrb","Rfng",NA
"Ccl5","Immp2l",NA
"Slc5a3","Atxn10",NA
"Gm5460","Gm36860",NA
"Pfkfb3","Pisd",NA
"Cacng7","Fuca1",NA
"Rassf6","Il6ra",NA
"Mrpl53","Rhbdf2",NA
"Clmp","6820445E23Rik",NA
"Ndufa10","Polr3d",NA
"Mrps26","Nom1",NA
"Mafk","Ccdc85b",NA
"Abtb1","Nars1",NA
"Nqo1","Foxp1",NA
"Acat2","Nol12",NA
"Smarcc1","Crnkl1",NA
"Cacnb3","Tk1",NA
"Smim26","Rrm2",NA
"Slc25a16","Osgin2",NA
"Ndufa13","Gm10602",NA
"Nadk","Tmed8",NA
"Sh3bgrl3","Nupr2",NA
"Hs6st1","Izumo4",NA
"Ankef1","Wdtc1",NA
"Mtch2","Lrp10",NA
"H2bc6","Cd2ap",NA
"Wdr1","Tfap2a",NA
"Glul","Dhx15",NA
"Adgrg1","Fem1b",NA
"Mmab","Map2k1",NA
"Ptpn2","Otud5",NA
"Tmem65","Zfp429",NA
"Ndufb5","Fen1",NA
"Kcna4","Chchd7",NA
"Gbp5","Arf6",NA
"Slc1a5","Chst12",NA
"Spata6l","Borcs7",NA
"Mitd1","Arhgef12",NA
"Higd2a","Marchf9",NA
"Antxr1","Rrp15",NA
"Slk","Dctd",NA
"Dlg4","Npr3",NA
"Gem","Hdgf",NA
"Psmb9","Ppp2r5d",NA
"Slc25a30","Gm6634",NA
"Chchd3","Zdhhc12",NA
"Pdp2","Id4",NA
"Mdfic","Atp5pd",NA
"Rprml","Pcna",NA
"Plin4","Deaf1",NA
"Oit3","Gm56970",NA
"Gla","Cfdp1",NA
"Ptpa","Pcdh9",NA
"Agfg1","Rrm1",NA
"Cox6c","Dusp18",NA
"H2-Q4","Tcta",NA
"Aldoa","Glrx",NA
"Cdca4","Abhd17c",NA
"Ppfia1","Sgcd",NA
"Endog","Ddx54",NA
"Gm35853","Ccdc144b",NA
"Cnnm2","Traf2",NA
"Napepld","Itga11",NA
"Rnf19b","Dpep1",NA
"Gm10687","Nol8",NA
"Gm45187","Timeless",NA
"1700096K18Rik","Nhp2",NA
"Mmp14","Nlrp2",NA
"Pkp4","Nid2",NA
"Mxd4","Pno1",NA
"Cd276","Rhot2",NA
"Hdhd2","Klra6",NA
"Serpinb2","Hr",NA
"Adgrg2","Gm12216",NA
"Ifi203","Rdh14",NA
"Pex14","Gng2",NA
"Frmd8","Nop2",NA
"Lrg1","Ctsf",NA
"Grk5","Tyms",NA
"Flot1","Ptpre",NA
"Vat1","Vcf1",NA
"Lrrfip1","Pxdc1",NA
"Cycs","Tm2d1",NA
"Tbc1d2b","Zdhhc21",NA
"Zbtb7b","Rce1",NA
"Scrn3","Rdh5",NA
"Cox20","Pop1",NA
"Acy3","Stk10",NA
"Maged1","Arhgef3",NA
"Slc4a7","Osgin1",NA
"Psat1","Asb6",NA
"Dglucy","Stk4",NA
"Ogdh","Fbln7",NA
"A430046D13Rik","Bcar1",NA
"Ywhag","Dcbld1",NA
"Rad50","Kctd17",NA
"Atl3","Adk",NA
"Coq5","Cacna1a",NA
"Cebpd","Pdgfc",NA
"Zrsr2","Psmd7",NA
"Ephb3","Ntn3",NA
"Ptprm","Art3",NA
"Mrpl18","Ubtd2",NA
"Nr2c2ap","Mc2r",NA
"Tpbg","Slc6a8",NA
"Itga7","Hsp90aa1",NA
"Pls3","E2f3",NA
"Mcl1","Csnk2a2",NA
"Dtx4","Vldlr",NA
"Slc25a22","Shroom3",NA
"Uqcrfs1","Gulp1",NA
"Cdip1","Itgb5",NA
"Orm1","Rnaseh2a",NA
"Amigo2","Fkbp1a",NA
"Mgst1","Timp4",NA
"Micall2","Acer2",NA
"Aig1","Exosc1",NA
"Cyp4f17","Tex261",NA
"Dot1l","Gm32031",NA
"Mxd1","Casp8ap2",NA
"Gm15411","Aff1",NA
"Rffl","Nop14",NA
"Lox","Cacnb1",NA
"Plekhf1","Lzts1",NA
"Ifi47","Hivep2",NA
"Saa1","Eps8",NA
"Ndufb11","Nr2f1",NA
"Polr3gl","Sigmar1",NA
"Ankfy1","Hook2",NA
"Tmem276","Pet100",NA
"Pcyt2","Fbxo6",NA
"Sfxn3","Sema4b",NA
"Uck2","Incenp",NA
"C030014I23Rik","Usp11",NA
"Ktn1","AI837181",NA
"Gm26588","Pomgnt2",NA
"Ipo5","Tns2",NA
"Dock11","Ets1",NA
"Cdh13","Septin10",NA
"Fnbp1l","Hmgn5",NA
"Slc15a4","Abca5",NA
"Vasn","Pja1",NA
"Mgll","Aga",NA
"Dhcr24","Hoxa3",NA
"Auh","Gabpb1",NA
"Uqcc1","Sema3c",NA
"Mrps35","Pbx1",NA
"Hmgn3","Lin52",NA
"Klc4","Stat1",NA
"Idh3g","Cebpz",NA
"Podn","4921531C22Rik",NA
"Fsd2","Gm56901",NA
"Mast2","Bet1",NA
"A930005H10Rik","Cic",NA
"Dlst","Gm10644",NA
"Sppl2a","Ggct",NA
"Atf5","Elk1",NA
"Ubac1","Stx6",NA
"Slc25a11","Tceal8",NA
"S100a13","Sugct",NA
"Pdha1","Kif5b",NA
"6330409D20Rik","Flvcr2",NA
"Igf1r","Cox7c",NA
"D830050J10Rik","Cfap68",NA
"Gm31814","Ddx46",NA
"Megf9","Brip1",NA
"Coq8a","Gm10638",NA
"Rasl12","Ctdp1",NA
"Ppp3ca","Camk1g",NA
"Zfp36l2","Smdt1",NA
"Pcca","Gxylt2",NA
"Cyp2ab1","Smim10l1",NA
"Apbb1ip","Dyrk1b",NA
"Ndufa7","Rapgef1",NA
"Slc29a1","Setd6",NA
"Plin2","Abcc1",NA
"Flrt2","Cdk5rap1",NA
"Romo1","Rasa1",NA
"Acsl3","Prxl2b",NA
"Adamts4","Nradd",NA
"Tecr","Capzb",NA
"Sparc","Pwp2",NA
"Gm31070","Spring1",NA
"Agrn","Mrps14",NA
"Tbc1d16","Cmc4",NA
"Sri","Gm49336",NA
"Ifi211","9330159M07Rik",NA
"Gcsh","Rad18",NA
"Ebf1","Mylk",NA
"Lppos","Pnrc2",NA
"Stard7","Msrb2",NA
"Greb1","Rab40b",NA
"Cmtm4","Mylk2",NA
"Avpi1","Gm57411",NA
"ENSMUSG00000109903_Cdhr17","Eif1",NA
"Mtap","Pnpo",NA
"Glrx5","Slc7a11",NA
"Rcbtb2","Acad10",NA
"Anxa3","Mycbp2",NA
"Zc3hav1","Prickle2",NA
"4933412E12Rik","Marchf8",NA
"Immp1l","Dhx58os",NA
"Slc22a23","B9d2",NA
"H3c15","Usp53",NA
"Opa1","Rftn2",NA
"Dsel","Lrrc8b",NA
"Uqcrc1","Dbr1",NA
"Nln","Iigp1c",NA
"Tyk2","Cebpzos",NA
"Ehd2","Fkbp14",NA
"Fam83a","Pnrc1",NA
"Esd","Cnih4",NA
"Sae1","Pacsin3",NA
"Prr5","Ints11",NA
"Arpc5","Micall1",NA
"Ddx10","Zfp451",NA
"Tmem185a","Usp1",NA
"Nt5c","Tmbim4",NA
"Cd74","Ski",NA
"Eml1","Gkap1",NA
"Arid5b","Trim21",NA
"Cmc2","Nubp2",NA
"Fam117a","Fbf1",NA
"Marchf6","Tram1",NA
"Map3k1","Rpa2",NA
"Cry2","Sirt3",NA
"Syde1","Gm44421",NA
"Tmem126b","Gng7",NA
"Pink1","Hsd17b14",NA
"Tnk2","Dnajc13",NA
"Dnajb9","Malt1",NA
"Qdpr","Gm57352",NA
"Mfsd4b1","Nrg1",NA
"Sdhaf4","Anks6",NA
"Gdf5","Pdlim7",NA
"Srpx2","Rsl1d1",NA
"Aifm2","Tpmt",NA
"Slc20a1","Lpcat1",NA
"Ndufb7","Smarca1",NA
"Ptpn4","Tigd2",NA
"Zfp979","BC031181",NA
"Snhg18","Use1",NA
"C1s1","Mtch1",NA
"Slfn9","Tmx4",NA
"Igsf9","Stx1b",NA
"Tnfaip6","F2r",NA
"Sp140","Nck2",NA
"Unc93b1","Ppm1k",NA
"Cst3","Hectd3",NA
"Hoxa4","Max",NA
"Sdhd","Irx1",NA
"Rtn3","Gm5914",NA
"Sema3a","Ripk1",NA
"Rin1","Pla2g7",NA
"Cstf2t","Tax1bp1",NA
"Tlr3","Arhgap20",NA
"Kyat1","Antxr2",NA
"Sucla2","Tcn2",NA
"Ndst1","Ezh2",NA
"Ucp3","Atp6v0d1",NA
"Ikbkb","Gm43645",NA
"H2-T23","Calhm6",NA
"Hsp90ab1","0610030E20Rik",NA
"Rasgef1b","Prrg2",NA
"Ndufa4","Arl8b",NA
"Bloc1s6","Sox9",NA
"C1galt1","Azin2",NA
"Trp53cor1","Abca1",NA
"Hacl1","Swap70",NA
"Tmem63a","U2af2",NA
"Srebf1","Galnt15",NA
"Pdk1","Lsm7",NA
"Acads","Aebp1",NA
"Tmem37","F11r",NA
"Cited2","Ulk2",NA
"Ankrd40","Psd3",NA
"Serpinb9","B430319H21Rik",NA
"Col5a3","Cct6a",NA
"Cct8","Cmc1",NA
"Oxld1","Atic",NA
"Sfxn4","Snrpd3",NA
"Tmem88b","Srm",NA
"Flna","Smn1",NA
"Nopchap1","Wdr4",NA
"Tsc22d1","Acvr2a",NA
"Dhcr7","Gm5144",NA
"Plxna1","Rnf7",NA
"Mlycd","Wdr12",NA
"Gys1","Epb41l4b",NA
"Gsdmd","Fkbp7",NA
"Parp12","Pola1",NA
"Gatd3a","Dmac2l",NA
"Pkd2","Nufip1",NA
"Ndufs6","Adam19",NA
"Renbp","Kif3b",NA
"Klhl7","4833419F23Rik",NA
"Thbd","Vkorc1",NA
"Mfsd8","Chid1",NA
"Ly6e","Rab10os",NA
"Mrpl20","Plpp2",NA
"Rab29","Plekha2",NA
"Rilpl2","Cnot6",NA
"Rab31","Rasal2",NA
"Clmn","Gpat4",NA
"Mapk11","Tes",NA
"Gm9951","Arpc3",NA
"Gm15551","Tfpi2",NA
"Rbp1","Cxxc5",NA
"Timm17a","Fblim1",NA
"Acaca","Trps1",NA
"St6gal1","Phka2",NA
"Klhl2","Kbtbd3",NA
"Tshr","Slc39a1",NA
"Ndufa2","Prkra",NA
"Dusp7","Actr1b",NA
"Rhog","Tbc1d15",NA
"Cox7a1","Vma21",NA
"Cgnl1","Sf3b4",NA
"Cxcl9","Mcmbp",NA
"Fkbp11","Foxc1",NA
"Prdx3","Asgr2",NA
"Fer","Dhx38",NA
"Naa60","Asrgl1",NA
"Agtrap","Rfc1",NA
"Pdzk1","1700056E22Rik",NA
"Dynll2","Tlr4",NA
"Hdac7","Nme4",NA
"Sqle","Itpka",NA
"Pomt1","Apoe",NA
"Ado","Txnl4b",NA
"Ndufs8","Wdr27",NA
"Vdac1","Hsd17b7",NA
"Gzf1","Foxm1",NA
"Mgst2","Ipo9",NA
"Itsn1","Chaf1a",NA
"Trappc2b","Commd6",NA
"Isoc1","Dcaf13",NA
"Cd99l2","Ttll12",NA
"Dcn","Rbbp8",NA
"Cd68","Tuba4a",NA
"Prps1","Zfp456",NA
"Cttnbp2nl","Npat",NA
"Abcb8","Polr1a",NA
"Atp10a","Nck1",NA
"Poldip2","Apol10b",NA
"1700020L24Rik","Slc2a1",NA
"Agbl3","Gm19412",NA
"Tns3","Gas2",NA
"Fh1","Camsap3",NA
"Cbx8","Lasp1",NA
"Tspan4","Ctnna1",NA
"Zyx","Ehbp1",NA
"Mcc","Dhps",NA
"Plscr2","Tmem87b",NA
"Prkx","Cnr1",NA
"Gde1","Entpd6",NA
"Rad51d","Helz",NA
"Rnf115","Dcps",NA
"Atm","Tardbp",NA
"Natd1","Trim37",NA
"Tmem243","Mn1",NA
"Irgm2","Clptm1l",NA
"Gls","Zfp810",NA
"Jmjd8","Bmi1",NA
"Pdlim1","Ndufa5",NA
"Arhgap29","Csnk1g1",NA
"Taok3","Lars1",NA
"Cep83","Chrd",NA
"Rnf144b","Smim8",NA
"Cyp2u1","Nsun3",NA
"Syap1","Grk6",NA
"Slit2","Bptf",NA
"Adamts5","Rab21",NA
"Arhgap35","Slc16a9",NA
"Dld","Sec11a",NA
"Lrch1","Stk39",NA
"Lnx2","Tcim",NA
"Tcof1","D330023K18Rik",NA
"Ddr2","Nav2",NA
"Cilp2","Arhgef5",NA
"Adamtsl4","Etv5",NA
"Rreb1","Gpr107",NA
"Hlx","Snrpb2",NA
"Plat","Cenph",NA
"Aftph","Nop9",NA
"Myh10","Sardh",NA
"Bpnt1","Tada2a",NA
"Por","Pitpna",NA
"Saa2","Ctdsp1",NA
"Gm14221","Rpl9",NA
"Spdl1","Med15",NA
"Cxcl11","Poc1b",NA
"Gm43672","Vamp2",NA
"Erf","Ntmt1",NA
"Apobec3","Chaf1b",NA
"Ehd4","2010204K13Rik",NA
"Agpat4","Galnt10",NA
"Iigp1","Ctps2",NA
"Trim12c","Lyrm9",NA
"Mavs","Rcc1l",NA
"Pdpk1","Oxa1l",NA
"Nudt7","Apoo",NA
"Tefm","Lgals8",NA
"Zbtb11os1","Epb41l5",NA
"Cd82","Prrx2",NA
"Gchfr","Kazald1",NA
"Rnf213","Abcc10",NA
"Negr1","Zfhx4",NA
"Tap1","Zeb2os",NA
"Olfml3","Alkbh3",NA
"Slc10a6","Rcc1",NA
"Nubp1","Chst8",NA
"Slc35c1","1110019D14Rik",NA
"Tmed9","Mob4",NA
"Mapre2","Ncapg2",NA
"Eif5b","Anapc11",NA
"Ric8b","Far1",NA
"Orai2","Taf9b",NA
"Tnfrsf23","Yars2",NA
"Parl","Wdr70",NA
"Hivep1","Rad54l",NA
"Srgap2","Adrb1",NA
"Frmd6","Aldh5a1",NA
"Coq6","Cgref1",NA
"Zkscan3","Ppp6r1",NA
"Uhrf2","Fbxo31",NA
"Dync1i2","Rars1",NA
"Rb1","Hspbp1",NA
"Pik3r1","Fam110b",NA
"Acvrl1","Ppfibp1",NA
"Dynlt2b","Cept1",NA
"Grn","Mkrn2",NA
"Pde4dip","Mtfmt",NA
"Grpel1","Ndufaf1",NA
"ENSMUSG00000121347_Gm2011","Dlgap4",NA
"Sdf2l1","Xlr3a",NA
"Flacc1","Adcy9",NA
"Tuba1b","Gngt2",NA
"Pitpnm2","Rpain",NA
"Copz2","Klf16",NA
"Igtp","Cdk18",NA
"Tbrg1","Gm53610",NA
"Fads3","Aktip",NA
"Slc41a2","Glis1",NA
"Angptl2","Pold3",NA
"Zfp768","Akr1b8",NA
"Eda2r","Tmem80",NA
"Pold2","Rasa2",NA
"Fam178b","Serpinb9b",NA
"Prrc2c","Sphk1",NA
"Frrs1","Cdc42se2",NA
"Pdgfra","Nceh1",NA
"Dhrs7b","Wdr75",NA
"Gm42067","Ube2t",NA
"Cep20","Lsm2",NA
"Zbtb38","Arhgap11a",NA
"Ldhb-ps","Rdm1",NA
"Rassf1","Bbof1",NA
"Asb1","Dhx9",NA
"Tcirg1","Ctf1",NA
"Lmna","Abl2",NA
"Kif20b","B130011K05Rik",NA
"Rab7b","9230114K14Rik",NA
"C1rb","Srrt",NA
"Nipsnap1","Arhgdia",NA
"Sys1","Larp1",NA
"Bcat1","ENSMUSG00000121808",NA
"Shpk","Adamts15",NA
"Lama5","Pak4",NA
"Plxnd1","Katnal1",NA
"Inhbb","Rictor",NA
"Ahnak2","Rapgef6",NA
"Slc30a4","Vwa1",NA
"Chrdl1","Cep170b",NA
"Akt3","Rai1",NA
"Rnf114","Gk5",NA
"Parp8","Cstf2",NA
"Slc25a5","Zfp512b",NA
"Adhfe1","Gm57457",NA
"Col1a1","Inafm1",NA
"Lmo4","Utp14a",NA
"Il33","Ppm1b",NA
"Angptl1","Tmem43",NA
"Sbk1","Twist1",NA
"Dek","Rrp12",NA
"Lnpep","Galnt2",NA
"2310061I04Rik","Shox2",NA
"Ahr","Dusp3",NA
"Ppargc1a","Gprc5a",NA
"Vamp5","Acyp2",NA
"Zbp1","Gm28050",NA
"Pnp","Ankrd37",NA
"Il6","Pou2af3",NA
"Ftl1","Tcerg1",NA
"Gm56945","Lin54",NA
"Borcs5","Plagl1",NA
"Nos3","Utp3",NA
"Ank","Lxn",NA
"Ppp1r15b","Xylt2",NA
"Bckdha","Dnajc8",NA
"Abcb9","Rusc2",NA
"Epm2aip1","Scrn1",NA
"Fibin","Eif2s2",NA
"Gamt","Itpr3",NA
"Slc30a9","Styk1",NA
"Hs6st2","Cideb",NA
"Atp5f1e","Utp23",NA
"Tomm40","Pla2g4a",NA
"Vps37c","Dhtkd1",NA
"Rbm4b","Tnnt2",NA
"Elmod3","Mtbp",NA
"Cdc34","Fpgt",NA
"Gbp2b","Gprc5c",NA
"Sycp2","Rtp4",NA
"Rbm43","Cops9",NA
"Ahcyl2","A530072M11Rik",NA
"Uba7","Ints10",NA
"Gpx1","Lrrc20",NA
"Pgs1","Fggy",NA
"Egln3","Ern1",NA
"Pgm1","Shroom4",NA
"Pigyl","Lpin2",NA
"Ifit1","Arhgap23",NA
"Serhl","Trappc12",NA
"Jcad","Gm56909",NA
"Mospd3","Scn1b",NA
"Kxd1","Tmem254",NA
"Cyren","Nol4",NA
"Timm21","Ifi27l2a",NA
"Rab11bos1","Taf4b",NA
"Dusp22","Usp39",NA
"Mrps16","Plaa",NA
"Brd4","Araf",NA
"Mturn","Gm16124",NA
"Bloc1s1","Bdnf",NA
"Ddx60","Mir5136",NA
"Gm39121","Ipmk",NA
"Ifit2","Rab8b",NA
"Mosmo","Tmem256",NA
"Samd9l","Ccbe1",NA
"Nt5e","Snord13",NA
"Flrt3","Pgap1",NA
"Il17ra","Ralgps2",NA
"Apbb2","Ptprs",NA
"Ifit3","Eed",NA
"Txnrd1","Aqp2",NA
"Gsn","Acsf3",NA
"Arhgap31","Apol6",NA
"Pkd2l2","Kif13b",NA
"Slc25a24","Ptgs2os2",NA
"Kcnn4","Card10",NA
"Tmem132a","Tmem165",NA
"Myl12a","Ttll7",NA
"Smim41","Tspan9",NA
"Gm40617","Kmt2a",NA
"Helz2","Mcts1",NA
"Ehbp1l1","Mbd1",NA
"Trim3","Sptssa",NA
"Cirbp","R3hdm4",NA
"Spast","Dgkz",NA
"Rasa4","Anln",NA
"Ankrd1","Tmem138",NA
"Zdhhc18","Slc25a25",NA
"Clpx","Gm43413",NA
"Ankrd55","Nudcd1",NA
"Elf1","Siah1b",NA
"Chd2","Lrrfip2",NA
"Uap1l1","Arglu1",NA
"B430219N15Rik","Mdc1",NA
"Zbtb7c","Kat2b",NA
"Cdkn2b","Mettl13",NA
"Immt","Ercc3",NA
"Kctd10","Myl9",NA
"Snai2","Gpr176",NA
"Srgap1","Rnf103",NA
"Kifc3","Ywhaz",NA
"Irgm1","Stard3nl",NA
"Oxnad1","Recql4",NA
"Mrps34","Mrpl30",NA
"Atosa","Anxa7",NA
"Oaz1","Zc3h15",NA
"Emc6","Sat2",NA
"Slc25a42","Gm48771",NA
"Peg10","Gdnf",NA
"Adtrp","Actl6a",NA
"Fstl1","Anapc13",NA
"Coro1c","Atp6v0b",NA
"Egr2","Carf",NA
"Dguok","Ncapg",NA
"D3Ertd751e","Actn4",NA
"Daxx","Rnf141",NA
"Hmgcl","Ino80",NA
"Slc46a3","Mprip",NA
"Ddo","Dhx37",NA
"Ndufb4","Yy1",NA
"Coq7","Rin3",NA
"Ablim2","Lsm12",NA
"Dubr","Ago2",NA
"Gbp3","Abracl",NA
"Tprkb","Gm42788",NA
"9330154J02Rik","Ppp2ca",NA
"Gm56768","Lactb",NA
"Gm2415","Arid5a",NA
"Hivep3","Supt16",NA
"1810024B03Rik","Sap30",NA
"Src","Gm13205",NA
"Smim27","Camk1d",NA
"Ebna1bp2","Wdr73",NA
"Exoc8","Idi1",NA
"Hspb8","Sfxn2",NA
"Hcar1","Zdhhc4",NA
"Gnai2","Micu1",NA
"Reep4","Nlrx1",NA
"Psip1","Slc31a1",NA
"Irx3","Eif1ax",NA
"Cdc42ep1","Slc6a9",NA
"Rock1","Ccnl1",NA
"Iftap","Nup155",NA
"Mkks","Creld2",NA
"Abcb10","Arih1",NA
"Armcx1","Gabarap",NA
"Uba6","Efr3a",NA
"Rheb","Bop1",NA
"Sult2b1","Dusp12",NA
"Smim36","Mettl27",NA
"Slc25a20","Pi4k2b",NA
"Oplah","Tmem14a",NA
"Mtx2","Sec23a",NA
"Dcaf11","Fscn1",NA
"Ncan","Fbxo3",NA
"Lrrc32","Igf2bp1",NA
"Trak1","Iars1",NA
"Ptgs2","Map2",NA
"Hsd17b4","Ptbp1",NA
"Mgp","Zmat1",NA
"Micos10","Dusp14",NA
"Mycl","Carm1",NA
"Isg15","Eya1",NA
"Card19","Camsap1",NA
"Aacs","Wfdc21",NA
"Tmem70","Scaf11",NA
"Atp6v0e","Lrfn4",NA
"1190005I06Rik","Rnd3",NA
"Rnh1","Uba3",NA
"Tspan5","Ppic",NA
"Septin7","Fnip1",NA
"Pex11a","Eif2b5",NA
"Nudt12","Faf1",NA
"Il15","Slc10a3",NA
"Nkiras1","Klhl22",NA
"Ppm1h","Ncln",NA
"Lix1l","Gne",NA
"Ssrp1","Tab3",NA
"Cxcl10","Hikeshi",NA
"Mmp2","Polr3h",NA
"2310034G01Rik","Itgb3bp",NA
"Etfa","Zmpste24",NA
"Oasl2","Ppef1",NA
"Oip5os1","Nfyc",NA
"Cd63","2310009B15Rik",NA
"St3gal4","Trappc1",NA
"Bcs1l","Commd4",NA
"Rps6kb1","Snhg17",NA
"Ndufa12-ps","Plpp3",NA
"Dcun1d3","Hnrnpa3",NA
"Trim29","Heatr6",NA
"Usp42","Ice1",NA
"Stat2","Pdia3",NA
"Ckap2l","Notch3",NA
"Ndc1","Gm19605",NA
"Atoh8","Rgs19",NA
"Hsd17b10","Ldlr",NA
"Snrpg","2610008E11Rik",NA
"Swi5","Otx1",NA
"Ece1","Gm20125",NA
"Ebf2","Epc2",NA
"Ubl3","Pomp",NA
"Clcn7","Sod3",NA
"Cap1","Arl6ip5",NA
"Dock9","Ilf3",NA
"Rpl27a","Limd2",NA
"Krt36","Jund",NA
"Mvk","Ak6",NA
"Gm35290","Kirrel1",NA
"Cidea","Kifbp",NA
"Ifit3b","Slc25a13",NA
"Nhlrc3","Gm9347",NA
"Ly6h","Snu13",NA
"Pkmyt1","ENSMUSG00000121658",NA
"Ano6","Glt8d2",NA
"Fbxo2","Nptn",NA
"Ralbp1","Metrnl",NA
"Lpar6","Haus3",NA
"Gnptab","Slc22a4",NA
"Rtn4ip1","Mzt2",NA
"1700080G18Rik","Sspn",NA
"Pigp","Enkd1",NA
"Ddhd2","Surf1",NA
"Tm7sf2","Snhg15",NA
"Ogfod2","Ap2a1",NA
"Ercc1","Flywch2",NA
"Washc4","Stn1",NA
"Scly","Zfand1",NA
"Slc35a4","H2az2",NA
"Ifih1","Alg8",NA
"Rhebl1","Elmo2",NA
"A530020G20Rik","Atp5pf",NA
"Gm14636","Rgma",NA
"Spsb1","Adamts10",NA
"Phkg1","Marchf2",NA
"Pde1b","Cetn3",NA
"Synm","Ybx1",NA
"Fam107b","Hdac5",NA
"Gm56623","Kifc2",NA
"Smtn","Gm9908",NA
"Syt11","Gas8",NA
"Chmp1b2","Ldb1",NA
"Abhd6","Nol11",NA
"Txn2","Klra5",NA
"Tbcb","Gfod1",NA
"Uqcc2","Erlin2",NA
"Dr1","Cenps",NA
"mt-Nd5","Mettl21a",NA
"Dele1","Myh11",NA
"Afg3l2","Tchp",NA
"Hat1","Sec61a1",NA
"2310001K24Rik","Gm15050",NA
"Naglu","Emc7",NA
"Lncbate6","ENSMUSG00000117869_Snhg4",NA
"2510046G10Rik","Pcdh1",NA
"Dync1li2","Hyou1",NA
"Usp31","Slc25a4",NA
"Fam217b","Lemd2",NA
"Gm57122","Mrps7",NA
"Casp8","Phf5a",NA
"Prmt2","Gtpbp8",NA
"Scarb2","Adam10",NA
"Pex11g","Syngr1",NA
"Tmem237","Ccdc9",NA
"Cebpb","Pfn1",NA
"Pdzd2","Txndc12",NA
"3930402G23Rik","Slx9",NA
"Itsn2","Tsc22d2",NA
"Snx15","Mfsd3",NA
"Zhx1","Comt",NA
"Extl3","Riox1",NA
"Fgf7","Tmem220",NA
"Ndrg3","BC051226",NA
"Hadh","Plekhh3",NA
"Heph","Ccdc28b",NA
"Bcl2l13","Pepd",NA
"Itm2b","Ube2z",NA
"Rn7sk","Pola2",NA
"G430095P16Rik","Ptpn13",NA
"Creb5","Mfap1a",NA
"Optn","Nmt2",NA
"9130401M01Rik","Ctu2",NA
"Cbr4","Btd",NA
"4930412C18Rik","Smc3",NA
"Wdr93","Cops3",NA
"Htra3","Sema5a",NA
"Cmtm3","Ift56",NA
"Phf11d","Rtcb",NA
"Lncbate1","Lypla2",NA
"Tprg1l","Gm15972",NA
"Tmem53","Rfc3",NA
"Vcan","Btaf1",NA
"Rapgef3","Rfc5",NA
"Aplp2","St3gal3",NA
"Brip1os","Ptpn3",NA
"Lss","Sms",NA
"Zswim6","Bysl",NA
"Serpina3c","Tpr",NA
"Cox19","Ddhd1",NA
"Krt80","Ranbp9",NA
"Ift43","Gm57137",NA
"Sestd1","Npm3",NA
"Gm32389","Hcfc1r1",NA
"Sncg","Lrrc57",NA
"Arl4c","Fndc10",NA
"Aldh1l1","Rnft2",NA
"Nhsl3","Tomm40l",NA
"Lgmn","Snrpa1",NA
"Flad1","Golga2",NA
"H2ac6","Galk1",NA
"Fads1","Trim6",NA
"Cox5b-ps","Atxn7l1",NA
"Fuom","1010001B22Rik",NA
"Gm36180","Tgfbr1",NA
"Bcap31","Iws1",NA
"Aldh2","Cdc37l1",NA
"Pemt","AI506816",NA
"Dennd2d","Tor1b",NA
"Uvrag","Creb1",NA
"Zfp672","Tram2",NA
"Sertad4","Rdh10",NA
"Prl2c2","Atp6v1f",NA
"Pard6a","Ccng1",NA
"Arhgef9","Enoph1",NA
"Smim20","Ccdc9b",NA
"Bclaf1","Nme6",NA
"Coq10a","Tsc2",NA
"Diaph1","Serpinf1",NA
"Cdc40","Tmem106c",NA
"Git1","Sbno1",NA
"Phb2","Ebf3",NA
"Tmx2","Tmem64",NA
"Agl","Adss2",NA
"Ifi30","A930015D03Rik",NA
"Krt10","Nsmce1",NA
"Dync1h1","1110020A21Rik",NA
"Akna","Leng1",NA
"Plcb2","Ncs1",NA
"St6galnac4","Utp11",NA
"ENSMUSG00000121483_Gm20257","Trp53inp1",NA
"Ap5s1","Cox7b",NA
"Kctd3","Atp2a2",NA
"Zcchc24","Rel",NA
"Ndufs4","Stx7",NA
"Lrrc49","Dand5",NA
"Apol9a","Nras",NA
"Ecm1","Cdkn2a",NA
"Mif","Aqr",NA
"Sc5d","Cln5",NA
"6430571L13Rik","Nedd4l",NA
"Plk2","Chrna1os",NA
"Gba1","Gm42743",NA
"Serpina3m","Pitrm1",NA
"Il18bp","Clec2d",NA
"Togaram1","Ankrd44",NA
"Inca1","Tsc22d4",NA
"Itga5","Obi1",NA
"Tslp","Amotl2",NA
"Cmpk2","Gm20300",NA
"Sp100","Cib1",NA
"Ifi44","Ube2b",NA
"Rab1b","1110065P20Rik",NA
"Parp10","Rbm28",NA
"Gbe1","Psmc3ip",NA
"Ap1s2","Mfap1b",NA
"Fam241a","Edf1",NA
"Scoc","Ttc3",NA
"Adamts9","Plekha1",NA
"Cchcr1","Cdon",NA
"Arrb2","Sprr1a",NA
"Znfx1","Donson",NA
"Selenoi","Kctd6",NA
"Lgals9","D630045J12Rik",NA
"4122401K19Rik","Rad9b",NA
"Trim30a","Prmt3",NA
"Atp6ap2","Nfyb",NA
"Abcd3","Lhfpl2",NA
"Abhd3","Gtf2f2",NA
"Snx1","Lrp6",NA
"Sephs2","Scap",NA
"H3c4","Ankhd1",NA
"Itprip","Dnajb6",NA
"Gpr137b","Plscr4",NA
"Amacr","Gcat",NA
"Lman2","Dnttip2",NA
"Ascc3","4833439L19Rik",NA
"Hemk1","9130008F23Rik",NA
"Emp2","Atg3",NA
"Cybc1","Atxn3",NA
"Ipo7","Cox16",NA
"Olfml2b","Cdc37",NA
"Frmd8os","Wdr77",NA
"Tlcd3b","Smyd5",NA
"Ndufa12","Rad9a",NA
"Ly96","Rnf20",NA
"Tesk1","Rpf2",NA
"Uqcc3","Clpp",NA
"Chmp2b","Senp5",NA
"D5Ertd579e","Dleu2",NA
"Mettl9","Mfsd5",NA
"Nxn","Slc35b1",NA
"Trappc13","3110045C21Rik",NA
"Ppa2","Orc1",NA
"Zfand5","Rap2b",NA
"Gatc","Nit2",NA
"Rassf2","Ube2d2a",NA
"Rab34","Tmf1",NA
"Slfn8","Fam234a",NA
"Slc37a4","Wdr74",NA
"2810001A02Rik","Snx18",NA
"Sdhaf1","Rnmt",NA
"Bcl2l10","Patl1",NA
"Styxl1","Dnaja1",NA
"Wsb1","Katna1",NA
"Mapk7","Kyat3",NA
"Fam171a2","Repin1",NA
"Gabarapl1","Ppp2r2a",NA
"Arxes1","Map3k4",NA
"Smndc1","Rarg",NA
"Coq3","Arhgap27os2",NA
"Mpp7","Ifrd2",NA
"Ppp4r1","Man1a",NA
"Rell1","Tanc2",NA
"Asap3","Paip2",NA
"Pxn","BC005537",NA
"Synrg","Mtmr14",NA
"Heatr5a","Psmd2",NA
"Mx1","Clec16a",NA
"Osbpl5","Sars1",NA
"Dnajc28","Macir",NA
"Bcl2l1","Eif4a1",NA
"9330020H09Rik","Gm11205",NA
"Rsad2","Calhm5",NA
"mt-Tl2","Lyrm1",NA
"Melk","Tmem141",NA
"Spcs3","Tpp1",NA
"Trib2","Gm12762",NA
"Mterf2","Trim25",NA
"Spry4","Plk4",NA
"Ep400","Fxyd5",NA
"Nlrc5","1500011B03Rik",NA
"Xaf1","Sec23ip",NA
"Phf2","Abce1",NA
"Phpt1","Srek1ip1",NA
"Loxl1","Gga2",NA
"Furin","Arpin",NA
"Cox10","Tatdn2",NA
"Acta2","Cfap298",NA
"Tmem82","Pcgf6",NA
"Ldah","Upp2",NA
"Anks1","Cpsf4",NA
"Gm56915","Pex2",NA
"Cacna2d1","Cnot6l",NA
"Wipf1","Gm36738",NA
"Arrb1","2810414N06Rik",NA
"Nab2","Ap2b1",NA
"Txlng","Eif3d",NA
"Sdc3","Sertad1",NA
"Gja1","Usp3",NA
"Cdca7","Peg3",NA
"Mlx","Pkn2",NA
"Nfs1","Mir99ahg",NA
"Pick1","Esf1",NA
"Tomm20","Bphl",NA
"Mycbp","Rp9",NA
"Dlg1","Oaz2",NA
"Tor1aip1","Pten",NA
"Gm12250","Aimp1",NA
"Ehhadh","Dnaaf5",NA
"Apoc3","Rfesd",NA
"Dctn3","H2af-ps2",NA
"Nucb2","Pkm",NA
"Zfp706","Zhx3",NA
"Grina","Foxred1",NA
"0610005C13Rik","A430035B10Rik",NA
"Actr2","G630016G05Rik",NA
"Wdr55","Gm39228",NA
"Lrp11","Atp13a1",NA
"Sctr","Cdadc1",NA
"Ptk2","Golgb1",NA
"Mlana","Iffo2",NA
"Ptpn9","Stard3",NA
"Fbxw17","Mad2l1",NA
"Ap1ar","Setd7",NA
"Cntrl","Upf1",NA
"Insr","Fam8a1",NA
"Zfp267","Keap1",NA
"Mrpl49","Rap1gds1",NA
"C9orf72","Mark1",NA
"Apex2","Atg4a",NA
"Scarna2","Atp5mk",NA
"Tnpo1","Spry1",NA
"Neu1","Phlpp2",NA
"Vegfa","Tcea1",NA
"Gm29688","Cables1",NA
"Phf11b","Gm44950",NA
"2210408F21Rik","Smarca5",NA
"Cyb561a3","Nin",NA
"Coa5","Sgce",NA
"Ammecr1","Stau1",NA
"Atp5mc1","Spred2",NA
"Ptgfrn","Ccz1",NA
"Cdca7l","Arf5",NA
"Pla2g12a","Sin3a",NA
"4930523C07Rik","Spns1",NA
"Pex11b","Jam2",NA
"Nipsnap3b","Rpp38",NA
"Hdgfl2","Epha2",NA
"Myo9b","Sntb2",NA
"Ptpn21","Pknox1",NA
"Tpcn2","Sat1",NA
"Eif3a","Ttc23",NA
"Creb3l1","Gm13166",NA
"Dpm3","Pwp1",NA
"Ppp1r1a","Pip4p1",NA
"Timm17b","Rab12",NA
"Igf2bp3","Pex7",NA
"Nrp1","Cog6",NA
"Col5a1","Hexa",NA
"Slc30a7","Mrto4",NA
"Fut8","Fam161a",NA
"Gm9899","Bahcc1",NA
"Dnajc1","Scyl2",NA
"Lpin3","Casd1",NA
"Rrad","Mex3c",NA
"Mkln1","Nectin2",NA
"Sbf2","Tead4",NA
"3300005D01Rik","Wbp1l",NA
"Tpx2","Rara",NA
"Dpysl2","Cep83os",NA
"Mrpl52","Arfgap2",NA
"Cpeb1","Ranbp10",NA
"Gm16001","2010004M13Rik",NA
"Urgcp","Axin1",NA
"ENSMUSG00000121679","2900076A07Rik",NA
"Nckap1","Flot2",NA
"Nap1l4","Bbs4",NA
"Pole4","Cuedc2",NA
"Bcl2","Snx27",NA
"Col5a2","Ubr3",NA
"Tbc1d20","Fignl1",NA
"Akip1","Rsl1",NA
"Pak3","Slc66a2",NA
"Sik3","Plcb4",NA
"Tbl1xr1","Slc25a28",NA
"Mtg1","Gm4013",NA
"Mppe1","Yipf3",NA
"Pml","Exoc5",NA
"Gpr146","Dap3",NA
"1810055G02Rik","Dars2",NA
"Notch2","Gm50431",NA
"Ghitm","Rad23b",NA
"Glis2","Tmed4",NA
"Bsg","Ppp6r3",NA
"Psma6","Wdr46",NA
"Smarcc2","Macrod2",NA
"Birc5","Zfhx3",NA
"Cdc25b","Gtf2a2",NA
"Mfap3","Guf1",NA
"Ldb3","Dab2ip",NA
"Pex3","Ccdc59",NA
"Emg1","Nup54",NA
"Arl5a","Cgrrf1",NA
"Aatf","Nuak1",NA
"Llgl1","Ptger4",NA
"Rpusd3","Gm11520",NA
"Amdhd2","Sf3b2",NA
"Gas1","Pes1",NA
"Gm56859","Gnb1",NA
"Slc29a3","Sacs",NA
"Tdrp","Ascc1",NA
"Fabp12","Cpt1a",NA
"Mx2","Gm13470",NA
"Hyi","Iqgap3",NA
"Xpr1","Palld",NA
"Gm56911","Nfya",NA
"Pcmtd2","Fam43a",NA
"2410022M11Rik","Hspa13",NA
"Ubl4a","Galm",NA
"Pgrmc1","Cep164",NA
"Fbxo4","Ei24",NA
"Uggt1","Osbpl9",NA
"Nans","Pigq",NA
"Adar","Dnajc25",NA
"Ciao3","H1f4",NA
"Fyn","Xpo6",NA
"Gm10699","Cpq",NA
"Abhd12","Mmp19",NA
"Rnf31","Sqstm1",NA
"Ufd1","Zkscan17",NA
"Mief2","Nme3",NA
"Sccpdh","Zcchc4",NA
"Slc43a1","Heatr5b",NA
"Ncor1","Hic1",NA
"Sema4c","Mex3d",NA
"Nfib","Utp14b",NA
"Gm47071","Celf1",NA
"Smc4","Yjefn3",NA
"Slc46a1","Manea",NA
"H2-M3","Npr2",NA
"Trim30d","Gm20522",NA
"Irak3","Gm50240",NA
"Hgf","Prmt7",NA
"Abhd15","Fkbp10",NA
"Ssh3","Pycr3",NA
"Cavin3","Strap",NA
"Eif1b","Erdr1y",NA
"Nectin3","Mpp1",NA
"Ctcflos","Gm19426",NA
"Tent5a","Ppp4r3a",NA
"Vmac","Pclaf",NA
"Sptbn5","Nup107",NA
"Crls1","Rad21",NA
"Ccn1","Gorab",NA
"Gins2","Gosr1",NA
"Fah","Gpr15lg",NA
"Skp1","Tmem41a",NA
"Six4","Metap1d",NA
"Mttp","Fip1l1",NA
"Gnai3","Sgsm2",NA
"Csrp1","Nr2f2",NA
"Timm50","Abcf2",NA
"Lhx1","Rcc2",NA
"Vcl","Setx",NA
"Abhd1","Ccdc62",NA
"ENSMUSG00000121489_1810014B01Rik","Rest",NA
"Gm16163","Zscan26",NA
"Polr2i","Mta3",NA
"Eci1","Gpr149",NA
"Calcoco1","Gli2",NA
"Gm15408","Mettl8",NA
"Plxnb2","Atg7",NA
"Cd93","Eif4e",NA
"Tra2b","Apool",NA
"Alkbh7","Abcd1",NA
"Rflnb","Ifnar1",NA
"Pdhx","1600020E01Rik",NA
"Zfp385a","Cep41",NA
"Csf2rb","Plekhg6",NA
"Hint3","Otud3",NA
"Mtmr11","Gm28438",NA
"F730043M19Rik","Myc",NA
"Mpeg1","Sptlc1",NA
"Sprtn","Kif2a",NA
"Tdrd7","Crlf2",NA
"Supt3","Pigc",NA
"Smox","Ruvbl1",NA
"Nusap1","Rrp8",NA
"2510009E07Rik","B4galt2",NA
"Snapin","Homer3",NA
"Slc16a1","Fancl",NA
"Cpne3","Dusp23",NA
"Abcc3","Nxt1",NA
"Eno2","Sacm1l",NA
"Lsm1","Camk2n2",NA
"Trappc6a","Ap5m1",NA
"Smad6","Mmp11",NA
"Letmd1","Hnrnpr",NA
"Steap4","Rufy3",NA
"Myl6b","Cenpj",NA
"Rps15a","Stk19",NA
"Dmac1","Nit1",NA
"Hoxd3os1","Vps54",NA
"Fahd1","2810408I11Rik",NA
"Atf1","Yif1a",NA
"Ric8a","Rufy4",NA
"Adck2","Rbms2",NA
"Eif2ak2","Setd5",NA
"Mutyh","Gxylt1",NA
"Slc36a2","Ccdc125",NA
"D8Ertd738e","2210016L21Rik",NA
"Sft2d2","Notch1",NA
"Asap1","Ccnd1",NA
"Rtn4","Cmtm6",NA
"Cdr2","Ctla2a",NA
"Cldn15","Dcaf4",NA
"Washc5","Rpl38",NA
"Mmgt1","Zranb1",NA
"Oas2","Exoc6b",NA
"Gm10039","Cse1l",NA
"Rogdi","Ppp1r14b",NA
"Npc2","Zc3h12c",NA
"Xpo1","Uros",NA
"Ddx6","Cdk5rap2",NA
"St13","Ccnyl1",NA
"Gm56862","Uqcc4",NA
"Ednra","4933440N22Rik",NA
"Aldh3b1","Ap1m1",NA
"Efna2","Nectin1",NA
"Tmem11","Ercc6l",NA
"Galk2","Aldh3a2",NA
"Cnn2","Fbxo21",NA
"Dap","Gfpt2",NA
"Gid4","Krba1",NA
"Eci2","Gm6475",NA
"Parp11","Sart3",NA
"Tpi1","Ptges3",NA
"E230016K23Rik","N4bp3",NA
"Lrrc58","Zc3h13",NA
"Bbx","Bcl2l11",NA
"Engase","Snrpb",NA
"Dock4","Fzd8",NA
"2200002D01Rik","Zc3h7a",NA
"Ncam1","Sdf4",NA
"Egln1","Tirap",NA
"Klhdc10","Gm20492",NA
"Ppm1a","Nol3",NA
"Pogk","Pigm",NA
"Maco1","Nisch",NA
"Scaper","Zfr",NA
"Lactb2","Fpgs",NA
"Itgae","Zbtb41",NA
"Gm44771","Gtf3c5",NA
"Gm31718","Rad51ap1",NA
"Gna11","Ltv1",NA
"Kmt5a","Snx11",NA
"Cux1","Socs6",NA
"Pmm1","Timm8b",NA
"Sertad2","Sdcbp",NA
"Rpl13","Fam53a",NA
"Acat3","Wdr5b",NA
"Scd3","Cldn12",NA
"Mlf2","Fhl1",NA
"Zfpm2","Pbx2",NA
"Ap3b1","Sar1a",NA
"Mpc1","Abhd18",NA
"Cyfip1","Aox1",NA
"Nt5c2","Cyb5d2",NA
"Vwa8","Purb",NA
"Phb1","Cpeb4",NA
"Mrpl2","Tlcd3a",NA
"Msrb1","Parvaos",NA
"Morrbid","4933406I18Rik",NA
"Synpo","Phtf2",NA
"Rpl22","Ydjc",NA
"Usp18","1810019D21Rik",NA
"Thap11","Morf4l2",NA
"Gm20559","Lst1",NA
"Tor1aip2","Hmgb2",NA
"Ptgfr","Metap1",NA
"Crip1","Lrif1",NA
"Mien1","Pi4k2a",NA
"Ift57","Ikbip",NA
"Stk38","Mrps15",NA
"Fam120aos","Arl8a",NA
"Ncoa3","Tjap1",NA
"Tln1","Tmem258",NA
"Rpl14","Exo1",NA
"Poglut1","Itih4",NA
"Tmem14c","Pias1",NA
"Sh2b3","Rhobtb3",NA
"Ppip5k1","Mrpl37",NA
"Scara5","Ppp1r12b",NA
"Sowahc","Glo1",NA
"Abhd11","Dennd2a",NA
"Orc5","Tcp1",NA
"Anp32a","Rtn4rl1",NA
"Coasy","Gm20707",NA
"Ptges2","Smco4",NA
"Jagn1","Rab14",NA
"Usp38","Mtfp1",NA
"Twsg1","Snrpd2",NA
"ENSMUSG00000121583_Zftraf1","Stim2",NA
"Errfi1","Apc",NA
"Atp11a","Ssh2",NA
"Sord","Lmbr1l",NA
"Mir100hg","A230072C01Rik",NA
"2610029K11Rik","Dynlt3",NA
"Btnl12","Bckdk",NA
"Mrpl57","Ranbp6",NA
"Elovl5","Gm56860",NA
"Pea15a","Atp7a",NA
"Bmp1","Lage3",NA
"ENSMUSG00000121445","Aurkaip1",NA
"Rnf167","Thg1l",NA
"Tnfsf12","Spopl",NA
"Pex16","Myl4",NA
"Pdk4","Zbtb7a",NA
"5930430L01Rik","Nicn1",NA
"Fbxo8","Usp33",NA
"Zfand6","Sec22c",NA
"B230208H11Rik","Zbtb4",NA
"Samd4b","Stk24",NA
"Tysnd1","Rpp25l",NA
"Cdc27","Rab30",NA
"Lamtor4","Clasp1",NA
"Ndufaf3","Gm5436",NA
"Map2k5","Procr",NA
"Ctnnb1","Alpk1",NA
"Mvd","Taf5l",NA
"Timp3","Pxylp1",NA
"Rnf125","Ttll4",NA
"Pcsk4","Stxbp2",NA
"Fkbpl","Snora57",NA
"Rps5","Rbm17",NA
"Pdxk","Hsdl1",NA
"Gpatch11","Ccdc8",NA
"Cavin1","Slc25a46",NA
"Spice1","Tsnax",NA
"Tmem50a","Ifi27",NA
"Sgo1","Dnm3os",NA
"Pla2g15","Mblac1",NA
"Lamtor1","Tanc1",NA
"Ankrd46","Gtf2f1",NA
"Col16a1","Utp4",NA
"Ccn4","Dut",NA
"Gstt1","Psma2",NA
"Tsen34","Ubqln4",NA
"Pik3ip1","Ksr1",NA
"A530013C23Rik","Npy1r",NA
"Commd1b","Ccdc25",NA
"Naa38","Smad1",NA
"Atp6v1e1","Strbp",NA
"Myo7a","Mtres1",NA
"Sox5","Usp24",NA
"Postn","Icam5",NA
"Armcx2","Osbpl8",NA
"Ube2r2","Galnt11",NA
"Fastk","2510002D24Rik",NA
"Pds5b","Rny1",NA
"Snhg9","Selenoh",NA
"Golm1","Slc25a35",NA
"Rassf5","Wdfy3",NA
"Zfp386","Rps6ka3",NA
"Fundc1","mt-Cytb",NA
"Rab5if","Ifit1bl2",NA
"Gm13341","Man1c1",NA
"Cyb5rl","Sgo2a",NA
"B430105G09Rik","Rac1",NA
"Alcam","Rrbp1",NA
"Nuak2","Fig4",NA
"Bzw2","Herc3",NA
"Gm57071","D6Wsu163e",NA
"Acbd5","Zcrb1",NA
"Gucd1","Vmn1r4",NA
"Dhx58","Mtrf1",NA
"Bub1","Abhd2",NA
"Pkdcc","9530062K07Rik",NA
"Isg20","Ndufb1",NA
"Foxn3","Mpv17",NA
"Afg1l","Desi1",NA
"Fbxl19","Nbl1",NA
"Prc1","Mov10",NA
"Mgat4b","Gpx8",NA
"Stim1","Nacc2",NA
"Higd1a","Rhou",NA
"Rras2","Gm45051",NA
"Nrdc","Sumo3",NA
"Gm6166","Zeb2",NA
"Mrnip","Elp1",NA
"Crlf3","Lamtor2",NA
"Leprot","Gm9892",NA
"Ostc","Zdhhc1",NA
"Tmtc4","E2f4",NA
"Rock2","Gm13594",NA
"Hoxaas3","Zfp598",NA
"Aqp11","Ttc7b",NA
"Ilvbl","Hspa4",NA
"Nde1","Isg20l2",NA
"Mrpl55","Rnf14",NA
"Itgb1","Emd",NA
"Fgfr1","Tmem98",NA
"Rsu1","Gm57341",NA
"Ppt2","Senp1",NA
"Chst11","Unc45a",NA
"Cep290","Urm1",NA
"Mmadhc","Sgcb",NA
"Dlx4","P3h1",NA
"Tbc1d13","Gm43966",NA
"Nt5m","Plgrkt",NA
"Farp1","Pgm2",NA
"Gm49785","Atr",NA
"Dnajb14","Trim65",NA
"Elf4","Nbeal1",NA
"Tmem127","AI480526",NA
"Cpeb3","Esyt2",NA
"Ctdsp2","Hsp90b1",NA
"Mga","Dnajb11",NA
"Dcaf12","Fam161b",NA
"Dda1","Adgrl1",NA
"Armc1","Psmd3",NA
"Gm57475","Coa8",NA
"Siglec1","Txnrd2",NA
"Arhgef10","Gm20632",NA
"Ccdc115","Mrps21",NA
"Gid8","Sde2",NA
"Ube3a","Nae1",NA
"Vopp1","Skap2",NA
"Ibtk","Riox2",NA
"Large1","Mrpl4",NA
"Ehd3","Iqcc",NA
"Mbd2","Gm45494",NA
"Kctd13","Gm43703",NA
"Aifm1","Prss27",NA
"Prl2c3","Stambp",NA
"Nhs","Meis1",NA
"Uqcc6","Rab26os",NA
"Eif4ebp2","N4bp2l2",NA
"Arl13b","Fnbp4",NA
"Rbms3","Dhx57",NA
"Gm12059","Nynrin",NA
"Clybl","Zfp984",NA
"Gm57388","Lurap1l",NA
"mt-Nd1","Lrp1",NA
"Fryl","Aif1l",NA
"Ccng2","Clip2",NA
"Ube2w","Gmeb1",NA
"Polrmt","Wsb2",NA
"Psd","Dpf2",NA
"Pxdn","Ntn1",NA
"Gns","Tnrc18",NA
"Atp10d","Cdkn2aipnl",NA
"Exosc8","Sphk2",NA
"Mrps5","Hsf1",NA
"Map1s","Rpa3",NA
"Mrps24","Smg1",NA
"Ddb1","Gm15491",NA
"Atg4d","Golga5",NA
"Ephx1","Dynlrb1",NA
"Fam110c","Ndufs5",NA
"Tmem167","B9d1",NA
"Cisd3","Arhgap10",NA
"Praf2","Atp5mg",NA
"Nfatc4","Tceal1",NA
"Rcor2","Rab1a",NA
"Lima1","Pole2",NA
"Nav3","Tnfsf9",NA
"Nkiras2","Rps10",NA
"Pkp2","Ppm1l",NA
"Cyb5r3","Smg5",NA
"Grsf1","Mis18a",NA
"Spink5","Spop",NA
"Atrx","Cnot9",NA
"Gm57386","Rab5c",NA
"Snx33","Armc10",NA
"Homer1","Uba1",NA
"Tada2b","Inppl1",NA
"Ank2","Ajuba",NA
"Tut7","S1pr1",NA
"Sik1","Knop1",NA
"Parva","Snrnp40",NA
"Tmem60","Snx6",NA
"Uchl3","Setdb1",NA
"Slc37a3","Map1lc3a",NA
"Letm1","Rnf170",NA
"Dusp4","Ecsit",NA
"Has2","Marf1",NA
"Hprt1","Mthfsl",NA
"Apba1","Spata2l",NA
"Pusl1","Zranb2",NA
"Trpm4","Slc23a2",NA
"Bace1","Smarcb1",NA
"Coa3","Rmnd5b",NA
"Clk1","Gdi2",NA
"Scamp1","Gm56688",NA
"Naa10","Chd5",NA
"Rnaseh2b","Napa",NA
"Adgra2","Rnaset2b",NA
"Prelid3b","Babam2",NA
"9530068E07Rik","Cox17",NA
"Reep3","Twist2",NA
"Plscr3","Szrd1",NA
"Ndc80","Chtop",NA
"Gm57170","Fzd5",NA
"M6pr","Slc35b3",NA
"Cdc123","Cit",NA
"Lrrc27","Tbc1d24",NA
"2310022B05Rik","Rusc1",NA
"Gsk3a","Gsto2",NA
"Sbsn","2810001G20Rik",NA
"Spon2","Hoxd8",NA
"Ctdspl2","Unc5b",NA
"Rmc1","Pigx",NA
"Ssc4d","Chmp6",NA
"Serping1","Qsox2",NA
"Eva1b","Smcr8",NA
"Prkag2","Ccm2",NA
"Smc6","AU040320",NA
"Gm47595","Eif5",NA
"Spaar","Cotl1",NA
"Actr6","A730063M14Rik",NA
"Clic4","Ttc39a",NA
"1110046J04Rik","1700085D22Rik",NA
"Hacd2","Hcfc2",NA
"2810004N23Rik","Smc5",NA
"Gm10603","Gm26797",NA
"Prkag1","Diaph3",NA
"Tbl2","Kctd5",NA
"Cyp2c70","Gpd1l",NA
"4933406C10Rik","Gm9922",NA
"Nifk","Arpc1a",NA
"Hacd1","Paf1",NA
"Cnn3","Cand2",NA
"Sumo1","Cog4",NA
"Tmcc1","Spag9",NA
"Pbx4","Txndc11",NA
"Snhg1","Orc2",NA
"Bcas3","Lrrc1",NA
"Commd5","Mlxipl",NA
"Clasp2","Firrm",NA
"Racgap1","Eif1ad",NA
"Hoxb3os","Mink1",NA
"Tle3","Trappc14",NA
"Eral1","Hnrnph3",NA
"Ak4","Dhfr",NA
"Tapt1","Asf1b",NA
"Rassf3","Prox2",NA
"Wasl","Suv39h1",NA
"Stoml1","Slc30a1",NA
"Mrc2","Gmcl1",NA
"Dmxl2","Rhoa",NA
"Rgcc","Zfp219",NA
"Ift74","Habp4",NA
"Igfals","Trim27",NA
"Rbm47","Gan",NA
"Clec11a","Vps37b",NA
"Fmnl3","Decr2",NA
"Spart","Zdhhc20",NA
"Cisd2","Tle1",NA
"Cox11","Ruvbl2",NA
"Ube3b","Pcif1",NA
"Pbld2","H2bc9",NA
"Atp6v0e2","Cenpi",NA
"Fbxo30","Rab23",NA
"Hira","Cdca8",NA
"Angpt4","Cacul1",NA
"2010320M18Rik","Tnrc6c",NA
"Adora1","Adgrl2",NA
"Micu3","Plcxd2",NA
"Prkce","Ap4b1",NA
"Gm57383","Cnksr3",NA
"Tnfrsf21","Inip",NA
"Mlst8","Ccne1",NA
"Txnip","Spcs2",NA
"Katnal2","Dpf1",NA
"Ldha","Fhod1",NA
"Ppcs","Rap1gap2",NA
"Heca","Rab8a",NA
"Oard1","Ntan1",NA
"Usp6nl","Hmg20b",NA
"Lix1","Crybg3",NA
"Fam219a","Rps19bp1",NA
"Nsrp1","AW046200",NA
"Slc9a8","Ccdc50",NA
"Gm57003","Maip1",NA
"Gm56517","Eapp",NA
"Rnase4","Spty2d1",NA
"Tmem245","Vps33a",NA
"Ppif","Adam33",NA
"Mta1","Nim1k",NA
"Tiam1","Bin3",NA
"Ptms","Snx5",NA
"Srxn1","Gm31728",NA
"Thy1","Mical2",NA
"Col1a2","Gm20554",NA
"Dpm1","Mras",NA
"Irf7","Tmem183a",NA
"Arap1","Klc1",NA
"Vps18","Cdk14",NA
"Ctsa","Slc45a3",NA
"Cish","Asxl2",NA
"Ropn1l","Lmf1",NA
"Mul1","Eogt",NA
"Bhlhb9","Gins3",NA
"Slc44a2","Mbd4",NA
"Pum2","Aldh16a1",NA
"Hlcs","Mrgbp",NA
"Cfl1","Cpeb2",NA
"4930503L19Rik","Vps39",NA
"Snora73b","Tmem175",NA
"Akap1","Cul4b",NA
"Phospho2","Atad1",NA
"Ap3m2","Ggcx",NA
"Pmf1","Gas2l1",NA
"Rnf24","6330403L08Rik",NA
"Mical3","Pou6f1",NA
"Smad7","Kpnb1",NA
"Rps20","Trim2",NA
"Ccdc124","Npepps",NA
"9330160F10Rik","Nr1d1",NA
"Apol9b","Ust",NA
"Mrps23","Elac1",NA
"Eif2b1","Elf2",NA
"Aldh3b3","Morf4l1",NA
"Pcbp3","Bub3",NA
"Mkrn1","Ints15",NA
"Gm10762","Dcaf10",NA
"Msln","Leo1",NA
"Pcolce2","Opn3",NA
"1700086P04Rik","Haus6",NA
"Cenpe","Gtf3a",NA
"Arfgap3","Clcn6",NA
"Wrn","Npnt",NA
"Man1b1","Uap1",NA
"Lrrc8d","Gm30025",NA
"Smc1a","Ppdpf",NA
"Ophn1","Gm57059",NA
"Tmsb10","B230311B06Rik",NA
"Abtb2","Serinc3",NA
"4930453N24Rik","Sart1",NA
"Col4a1","Qtrt2",NA
"Mrpl11","Taf1d",NA
"Gm46404","Ppil1",NA
"Dusp19","Faf2",NA
"Tmco1","Nol6",NA
"F3","Psmc4",NA
"Ppp1r12a","Tex10",NA
"Ahnak","Bdp1",NA
"Asb8","H2az1",NA
"Gm50340","Ptk7",NA
"Kctd14","Gm56560",NA
"Cuedc1","Rmi2",NA
"Timm13","Mtmr6",NA
"2310039H08Rik","Nfu1",NA
"Mnt","Foxk1",NA
"Nxpe3","Erich1",NA
"Tbx15","Gm13421",NA
"Plk1","Khdrbs1",NA
"Tmem147","Trappc2l",NA
"Ercc5","Crtap",NA
"Pop5","Eef2kmt",NA
"Lztr1","Srp68",NA
"Fbxo33","Dpcd",NA
"Cklf","Aph1c",NA
"Chchd6","Tfdp1",NA
"Radil","Rhoh",NA
"Cr1l","Naxe",NA
"Gm56878","Adrm1",NA
"Wipi2","Aebp2",NA
"4933431K14Rik","Cul1",NA
"Nherf1","Abcg1",NA
"Ssbp4","Peli3",NA
"Gmds","Slain2",NA
"Plekhn1","Clint1",NA
"Hopx","Vav3",NA
"Mrpl44","Adal",NA
"Gabbr1","Mrps28",NA
"Nudt4","Mgat2",NA
"Gng10","Prelid2",NA
"Mat2b","Usp9x",NA
"Mrpl36","Chst2",NA
"Snx9","Alkbh2",NA
"Map4k3","Rps18-ps5",NA
"Cdc42ep3","Clcn2",NA
"Ccne2","Irf9",NA
"Snhg6","Lsp1",NA
"Tusc2","Grb2",NA
"Mtif2","Rps2",NA
"Xkr8","Apbb3",NA
"0610040B10Rik","Trappc5",NA
"Ormdl1","Zdhhc8",NA
"Psme3","Ubald2",NA
"Nicol1","Prrg1",NA
"B930094E09Rik","Gm57085",NA
"Gm41541","Etohd2",NA
"Cdc73","Tmpo",NA
"Gng11","Larp7",NA
"Exd1","Osgep",NA
"Kmt5c","Ddx41",NA
"Lrrn4cl","Blm",NA
"Acaa1b","Rbm25",NA
"Slc37a2","Ogfod3",NA
"Nlgn2","Ap4m1",NA
"Gpi1","Phf3",NA
"Stxbp3","Dennd1a",NA
"Slc19a1","Cox6a2",NA
"Eeig1","Sbf1",NA
"Mustn1","Ndufaf2",NA
"Parm1","Kbtbd2",NA
"Prss23","Ap5b1",NA
"Usp40","Shmt1",NA
"Frat1","Chmp1b",NA
"9430081H08Rik","Fam3a",NA
"Col4a5","Acbd3",NA
"Naa16","Cdk11b",NA
"Med30","Ubr4",NA
"Zbtb5","Tmem179b",NA
"Ncoa6","Phactr4",NA
"Cenpt","Hnrnpa0",NA
"Dixdc1","Otub1",NA
"Gm56596","Traf7",NA
"Slc1a4","BC004004",NA
"Anapc5","Frg2f1",NA
"Btbd2","E2f6",NA
"Mocs2","Ptpmt1",NA
"Crebbp","Rragc",NA
"Sypl1","Chek1",NA
"Rab11fip5","Mxi1",NA
"Snrk","Fis1",NA
"Ppp2r3a","Unc50",NA
"Fgf10","Mis18bp1",NA
"Ubp1","Noc3l",NA
"Lmo7","Copg1",NA
"Lekr1","5430425K12Rik",NA
"Ssh1","1810059H22Rik",NA
"Gm57241","Ptprn",NA
"Triap1","Prpf4b",NA
"Hipk2","Rfx1",NA
"Grb14","Kpna6",NA
"Zfp983","Pygo1",NA
"Vps4a","Pcdh18",NA
"Samd8","Slit3",NA
"Arhgef10l","Nmral1",NA
"Gfer","Grcc10",NA
"Pef1","Rps6kc1",NA
"Cenpw","Ier2",NA
"Oas1b","Rexo4",NA
"Hsd17b12","Ccdc137",NA
"Cby1","Braf",NA
"Anp32e","Bcl9l",NA
"Spata6","Fut10",NA
"Ift122","Ldlrad4",NA
"Ptbp3","Klf13",NA
"Ccdc82","Gm47863",NA
"Jade1","Ing1",NA
"Klf4","Farsb",NA
"Pdia5","Nup153",NA
"Prkca","Acot2",NA
"Angel2","Gm16740",NA
"Gm6658","Ttc27",NA
"Tbrg4","Acin1",NA
"Pgbd1","Lsm8",NA
"Slc25a26","Pcm1",NA
"Pgd","Tasor2",NA
"Appbp2","Wars2",NA
"Pan3","Ikbkg",NA
"Thoc2","Zyg11b",NA
"Rnf215","Tet1",NA
"Brd9","Trmt112",NA
"Rnasel","Snhg12",NA
"Mettl16","Lims1",NA
"Mpv17l2","Prkn",NA
"Lipt2","Kpna1",NA
"Chrac1","Nox4",NA
"Kras","Eaf2",NA
"Pkig","Tmem158",NA
"Gm22748","Spidr",NA
"Crnde","Rspo2",NA
"Ttll1","8430429K09Rik",NA
"Sirpa","Lrwd1",NA
"Rpia","Wdr83",NA
"Dnaja3","Gpcpd1",NA
"Pik3cb","Pdcd11",NA
"Slc35b2","Aen",NA
"Eef1d","Yap1",NA
"Tmem134","Tlk2",NA
"Tshz1","Bltp1",NA
"Limk1","Dstn",NA
"Nid1","Lrrc56",NA
"Lyrm4","Tulp4",NA
"Mxra8","Cds2",NA
"Ankrd12","Zmym3",NA
"Ccna2","Mtmr1",NA
"Plekhg5","Cox18",NA
"Gm10138","Rabgap1",NA
"Snora30","Gm14539",NA
"Pde6d","Tbc1d31",NA
"Mrgprf","Kctd11",NA
"Tubg1","Gm11942",NA
"Hspbap1","Gm10250",NA
"Prss36","Spats1",NA
"Plpp5","Pptc7",NA
"Elovl3","Pakap",NA
"Cd1d1","Zbtb17",NA
"Tsfm","Sema4g",NA
"Fastkd1","Dedd",NA
"Bicc1","Rpl6",NA
"Ptcd2","Cptp",NA
"Mrpl3","Ciz1",NA
"Wdfy2","Mrpl28",NA
"Gm57397","Tyro3",NA
"Slc9a6","Ap1s1",NA
"Gfm2","Cdc42bpa",NA
"Atn1","Prkd3",NA
"Mysm1","Slc39a13",NA
"Six1","Pvt1",NA
"Ap5z1","Plekhm2",NA
"Mfsd9","Gatad2b",NA
"Slc50a1","Uspl1",NA
"Mgat3","Hspa1b",NA
"Midn","Skp2",NA
"Zfp362","Asb13",NA
"L3hypdh","Fam219b",NA
"Zfr2","Mtpap",NA
"Mapk3","Ddx52",NA
"Exoc3","Nvl",NA
"Jak1","Dnm1l",NA
"ENSMUSG00000121794","Zc3h6",NA
"Psmf1","Sidt2",NA
"Med14","2310040G24Rik",NA
"Zbtb39","Kdm4b",NA
"Tvp23bos","Tha1",NA
"Fam53b","Impdh2",NA
"Stc1","Fez2",NA
"Alms1","Lypla1",NA
"Selenow","Tmem128",NA
"D16Ertd472e","Ddx23",NA
"Mirt2","Smarcd2",NA
"Cyp4f16","Gm8566",NA
"Nudc-ps1","E2f8",NA
"Plekha4","Eif2b2",NA
"Psmg2","Capn2",NA
"Zc2hc1a","Dhx8",NA
"Gm17501","Gipc1",NA
"Gm15867","Trip10",NA
"Trp63","Tnpo2",NA
"Nmnat1","Gm49890",NA
"Amot","Slc25a33",NA
"Wdfy1","Atxn7",NA
"Fem1a","Dzip1",NA
"Clec10a","Mms22l",NA
"Serpinb1a","Pabir1",NA
"Pknox2","Gm11930",NA
"Abi3bp","Yju2",NA
"Cdc25a","Cdkn2d",NA
"Lgals4","Crkl",NA
"Dnaaf2","Tafazzin",NA
"Tpst1","Sirt4",NA
"Trerf1","Rab39b",NA
"Bsdc1","Prokr1",NA
"Chrna2","Gpd2",NA
"Prorsd1","Kif14",NA
"Def8","1110006O24Rik",NA
"Cdpf1","Tcf19",NA
"Dhdds","Mrps31",NA
"Stk40","Akt1",NA
"Gm10851","Phkb",NA
"Shld2","Acad9",NA
"Slc31a2","Wdhd1",NA
"Eppk1","Rbfox2",NA
"Med13l","Peg12",NA
"Hotairm1","Rnf44",NA
"Taok2","Lrp12",NA
"Gstt3","Epas1",NA
"Acot13","Thpo",NA
"Abi2","Pus7",NA
"Tfb1m","Pigu",NA
"Map7d1","Cep72",NA
"Mxra7","Dph2",NA
"Mcfd2","Abcb6",NA
"Tspan18","Cep85",NA
"Atp6v1d","Dtl",NA
"Tmem202","Trim67",NA
"Nthl1","Svep1",NA
"Cenpl","4932422M17Rik",NA
"Mast3","Hnrnpf",NA
"Adcy3","B4galt3",NA
"Rnf157","Cars2",NA
"Ppara","Ppcdc",NA
"Acsbg1","Adipor1",NA
"Zfas1","Tnks2",NA
"Gm12781","Rnft1",NA
"Tradd","Abraxas1",NA
"Pcna-ps2","Snrnp200",NA
"Stx4a","Tmem38a",NA
"Gm10134","Scpep1",NA
"Nudt9","Qtrt1",NA
"Cma1","Ube2d3",NA
"Apaf1","Manba",NA
"Ghrh","Zc3h10",NA
"Slc35f5","Snapc4",NA
"C1s2","Rimoc1",NA
"Matn2","Tbc1d1",NA
"Gm56797","Pus10",NA
"Smyd3","Klhl26",NA
"Ltc4s","Prodh",NA
"Mrps2","9930012K11Rik",NA
"Pex10","Vti1b",NA
"Fbn1","Hexd",NA
"Atg13","C2",NA
"mt-Co1","Rdh11",NA
"Coq2","Vdac2",NA
"Pik3r3","Zdhhc13",NA
"Mrps17","Srp14",NA
"Dennd5b","Kif1b",NA
"Zdhhc7","Fancd2",NA
"Endou","Rida",NA
"Irf2bpl","Hectd1",NA
"Clstn1","Appl1",NA
"Kif21a","Spc25",NA
"Sox4","Lgalsl",NA
"Pop7","Yrdc",NA
"Vgll3","Retreg2",NA
"Mrpl48","Tmem42",NA
"Atad3a","Dnajc19",NA
"Bud31","Nudc",NA
"Acsf2","1700084E18Rik",NA
"Smim14","Naa20",NA
"Lonp1","Phf19",NA
"Rhbdd3","Tcaim",NA
"Apba3","Zc3h11a",NA
"Kif23","Usp28",NA
"Hps4","Sgk3",NA
"Abhd13","Wwc1",NA
"Slc25a39","Arsk",NA
"Calhm2","Creb3l2",NA
"Yaf2","Srpk2",NA
"Pdlim5","Sel1l",NA
"Krt79","Zfp563",NA
"ENSMUSG00000121871_Slc2a4rg-ps","Dennd4b",NA
"Pip4p2","C330018D20Rik",NA
"Mon1b","Mroh1",NA
"Mrpl50","Hmces",NA
"Pex1","Hoxa5",NA
"Psmd4","AA465934",NA
"Qser1","Prpf4",NA
"Gm8927","Xab2",NA
"Picalm","Foxred2",NA
"Zup1","Pcnp",NA
"Tbccd1","Wbp4",NA
"Xpnpep3","Rgs9bp",NA
"Myadm","Tubgcp6",NA
"Rpl12","Zmynd8",NA
"Tiparp","Gm43737",NA
"Gm15464","Trappc2",NA
"Ankrd24","Nrbp1",NA
"Aspa","Park7",NA
"Oat","Gm16089",NA
"Iba57","Gnao1",NA
"Elovl6","Minpp1",NA
"Rbpms","Kcnk2",NA
"Igfbp7","Jkamp",NA
"BC023719","Zfp518b",NA
"Rars2","Gmip",NA
"Evi5","Tigd5",NA
"Slc16a10","Cep350",NA
"Mmp23","Hdac9",NA
"Ubxn2a","Zfp275",NA
"Phtf1","Arhgap19",NA
"Pfkl","Desi2",NA
"Cryab","Tsn",NA
"Add1","Ralgps1",NA
"Cdh11","Eif3g",NA
"Cflar","Inha",NA
"Mark4","Hip1r",NA
"Mrps9","Psmb4",NA
"Pld2","Tm9sf4",NA
"Pdcl3","Ppil2",NA
"Hnrnpul2","Denr",NA
"Coq10b","Gga1",NA
"Pex5","Rbks",NA
"Rny3","Rchy1",NA
"Phc1","Gm56687",NA
"Tgds","Zfp524",NA
"Pfkfb4","Dxo",NA
"Terf2ip","Pvr",NA
"Plekhm1","Itgb3",NA
"Alg2","Efcab14",NA
"Slc35d1","Fgfbp3",NA
"Fam210a","Tle2",NA
"Xrcc5","Atp13a2",NA
"Pggt1b","Lbhd1",NA
"Rab10","Pcgf5",NA
"9330133O14Rik","Rbm22",NA
"Zfp90","Adss1",NA
"Smpd2","Tmem184b",NA
"Vim","Alyref",NA
"Aasdhppt","Pja2",NA
"Rnf122","Zfp992",NA
"Polr1has","Ppt1",NA
"Sap30l","Irgq",NA
"Rnf166","Gabre",NA
"Slc4a4","Gm49741",NA
"Chst15","Pfdn6",NA
"Trim23","Tbcel",NA
"Tbcd","Fbxw5",NA
"Nenf","Erbb2",NA
"Ubap2","D330041H03Rik",NA
"Cmpk1","Dgkh",NA
"Ptgis","Cryz",NA
"Nf2","Wdr81",NA
"Brpf3","Ccp110",NA
"Kank2","Rsad1",NA
"Tgm2","Mpv17l",NA
"1110038B12Rik","Syngap1",NA
"Fam110a","Coro7",NA
"Phyh","Psmc2",NA
"Bltp3a","Mbnl2",NA
"Fam114a1","Zfp874a",NA
"Fam216a","Zfp931",NA
"Arl14ep","Zfp568",NA
"Creg1","Ptdss2",NA
"Lpgat1","Rtf1",NA
"Kif1c","Ubiad1",NA
"Fzr1","Ctbp1",NA
"Ccdc71l","Ptov1",NA
"Ddr1","Fbxo22",NA
"Tex2","Nucb1",NA
"Dnal4","Strip1",NA
"Cers6","Reno1",NA
"Fn1","Lrriq3",NA
"Pkn1","BC037039",NA
"1700123O20Rik","Stimate",NA
"Sec22b","Arl1",NA
"Ppp1cb","Acox2",NA
"Arfrp1","Col12a1",NA
"Vamp8","Serpinh1",NA
"Pus1","Gemin5",NA
"Suds3","Acsl4",NA
"Trim8","Cdca5",NA
"Acbd6","Myo5a",NA
"Marchf5","Cip2a",NA
"Slc25a51","Frs3",NA
"Tceal9","Nkapd1",NA
"Vps36","Psmd14",NA
"Arsa","Gnl2",NA
"Serpine2","Mff",NA
"Bckdhb","Mre11a",NA
"Ubxn1","Cep70",NA
"Efemp2","Csgalnact2",NA
"Gnas","Tmem170b",NA
NA,"Ccnl2",NA
NA,"Mmaa",NA
NA,"Tcp11l2",NA
NA,"Gpaa1",NA
NA,"B230206L02Rik",NA
NA,"Kif22",NA
NA,"Clip1",NA
NA,"Otub2",NA
NA,"Tln2",NA
NA,"Rbm10",NA
NA,"Hnrnpll",NA
NA,"Ankrd49",NA
NA,"Itga3",NA
NA,"Odf2",NA
NA,"Bub1b",NA
NA,"Plagl2",NA
NA,"Cachd1",NA
NA,"Kdelr1",NA
NA,"Kri1",NA
NA,"Vipas39",NA
NA,"Znhit6",NA
NA,"Zfp52",NA
NA,"Slc38a10",NA
NA,"Mapre3",NA
NA,"Swsap1",NA
NA,"Ccdc174",NA
NA,"ENSMUSG00000121511",NA
NA,"Tent4a",NA
NA,"Commd7",NA
NA,"Ssr1",NA
NA,"Rft1",NA
NA,"Rfc2",NA
NA,"Nudt2",NA
NA,"Tars3",NA
NA,"Vps28",NA
NA,"Bpgm",NA
NA,"Zkscan14",NA
NA,"Casp3",NA
NA,"Med17",NA
NA,"Gm11110",NA
NA,"Aldh18a1",NA
NA,"Arhgap32",NA
NA,"Hilpda",NA
NA,"Irx5",NA
NA,"Gpr35",NA
NA,"Klra4",NA
NA,"Sanbr",NA
NA,"Uprt",NA
NA,"Glcci1",NA
NA,"Trip4",NA
NA,"H3f3a",NA
NA,"Gm17690",NA
NA,"Pak2",NA
NA,"Hpcal1",NA
NA,"Hfe",NA
NA,"AV099323",NA
NA,"Lncppara",NA
NA,"Nfxl1",NA
NA,"Zfp784",NA
NA,"Slc5a7",NA
NA,"ENSMUSG00000121504_Ppp4r1l-ps",NA
NA,"Anxa9",NA
NA,"Rrp1b",NA
NA,"Eif3j1",NA
NA,"Ncdn",NA
NA,"Prmt5",NA
NA,"Irak4",NA
NA,"Rgs4",NA
NA,"Lca5",NA
NA,"Sirt5",NA
NA,"Dtwd1",NA
NA,"Pole",NA
NA,"Des",NA
NA,"Ids",NA
NA,"Hoxb4",NA
NA,"Nadsyn1",NA
NA,"Gm4204",NA
NA,"Fadd",NA
NA,"Ift46",NA
NA,"Actr10",NA
NA,"Zfp667",NA
NA,"Mkln1os",NA
NA,"Camk2n1",NA
NA,"Fam76b",NA
NA,"Lrr1",NA
NA,"4921524J17Rik",NA
NA,"Nr3c1",NA
NA,"Gm42670",NA
NA,"Ncor2",NA
NA,"Dnajc9",NA
NA,"Arpc4",NA
NA,"Slf2",NA
NA,"Ube2m",NA
NA,"Vash2",NA
NA,"Medag",NA
NA,"Eef1g",NA
NA,"B4galnt1",NA
NA,"C630043F03Rik",NA
NA,"Dhx29",NA
NA,"Paxx",NA
NA,"Wfdc12",NA
NA,"Gm57301",NA
NA,"Gm48933",NA
NA,"Fam13b",NA
NA,"Abitram",NA
NA,"Dcaf1",NA
NA,"Knl1",NA
NA,"Mrpl48-ps",NA
NA,"Usp19",NA
NA,"Rnf121",NA
NA,"Fbxo46",NA
NA,"Ep300",NA
NA,"Thumpd3",NA
NA,"Tmem223",NA
NA,"1700120C14Rik",NA
NA,"Cyp2j6",NA
NA,"Tbc1d7",NA
NA,"Arl15",NA
NA,"Brd3os",NA
NA,"Grwd1",NA
NA,"Tmem9",NA
NA,"Mapre1",NA
NA,"4833417C18Rik",NA
NA,"Tut4",NA
NA,"Cd81",NA
NA,"Brms1l",NA
NA,"Ppm1g",NA
NA,"Neo1",NA
NA,"Fgf1",NA
NA,"Adck5",NA
NA,"Fzd3",NA
NA,"Sptbn1",NA
NA,"Gm56994",NA
NA,"Zfp330",NA
NA,"Rgs12",NA
NA,"Narf",NA
NA,"Slc49a4",NA
NA,"Nr1h2",NA
NA,"Rab4a",NA
NA,"Fbl",NA
NA,"Rusf1",NA
NA,"Phyhd1",NA
NA,"Nbr1",NA
NA,"Gm10643",NA
NA,"Smu1",NA
NA,"Cdkl3",NA
NA,"Sass6",NA
NA,"Osbpl2",NA
NA,"Mrps36",NA
NA,"Odc1",NA
NA,"Rtca",NA
NA,"Cutc",NA
NA,"Vstm2a",NA
NA,"Npffr1",NA
NA,"Tmem131l",NA
NA,"Cep135",NA
NA,"Insyn1",NA
NA,"Ccnf",NA
NA,"Urb2",NA
NA,"Polm",NA
NA,"Btbd1",NA
NA,"Sos1",NA
NA,"Adh7",NA
NA,"Fam20a",NA
NA,"Hoxa1",NA
NA,"Fam149a",NA
NA,"Ppp1r13b",NA
NA,"Ppig",NA
NA,"Nsmf",NA
NA,"Sec63",NA
NA,"Fbxo5",NA
NA,"Hnrnpm",NA
NA,"Stx16",NA
NA,"Nbdy",NA
NA,"Tmx3",NA
NA,"Csk",NA
NA,"Ctxnd1",NA
NA,"Rab3ip",NA
NA,"Odr4",NA
NA,"Gm49599",NA
NA,"Nexn",NA
NA,"Slc39a10",NA
NA,"Ccdc47",NA
NA,"Rpl8",NA
NA,"Dbn1",NA
NA,"Klhdc1",NA
NA,"Siae",NA
NA,"Zmynd19",NA
NA,"Cmtr1",NA
NA,"Gm49041",NA
NA,"A330035P11Rik",NA
NA,"Acp6",NA
NA,"Ttf2",NA
NA,"5830448L01Rik",NA
NA,"Rassf7",NA
NA,"Elac2",NA
NA,"Epn2",NA
NA,"H13",NA
NA,"Rsl24d1",NA
NA,"Psme2b",NA
NA,"Trir",NA
NA,"Mia2",NA
NA,"Gpalpp1",NA
NA,"1700001O22Rik",NA
NA,"Zfp180",NA
NA,"4833408A19Rik",NA
NA,"Dtd2",NA
NA,"Tpd52l2",NA
NA,"Jmjd1c",NA
NA,"Usp7",NA
NA,"1810041H14Rik",NA
NA,"Dcakd",NA
NA,"Prpf38a",NA
NA,"Pcgf2",NA
NA,"Magi1",NA
NA,"Foxc2",NA
NA,"Gnl3l",NA
NA,"2810013P06Rik",NA
NA,"Aqp5",NA
NA,"Zfp449",NA
NA,"Gm57385",NA
NA,"Senp2",NA
NA,"Bex3",NA
NA,"Papss1",NA
NA,"Sec23b",NA
NA,"Serf2",NA
NA,"Nek1",NA
NA,"Phf23",NA
NA,"Mob3a",NA
NA,"Sema6d",NA
NA,"Ccnb1",NA
NA,"Akr1e1",NA
NA,"Nr3c2",NA
NA,"Taf10",NA
NA,"Manbal",NA
NA,"Cdc42ep4",NA
NA,"R3hcc1",NA
NA,"F8",NA
NA,"Kiss1r",NA
NA,"Pstk",NA
NA,"Sgms1os1",NA
NA,"Alg13",NA
NA,"Asah1",NA
NA,"Vrk3",NA
NA,"Pigo",NA
NA,"Tango6",NA
NA,"Hic2",NA
NA,"Sdhaf2",NA
NA,"H4c14",NA
NA,"Psme4",NA
NA,"Mfsd14a",NA
NA,"Smap1",NA
NA,"Slf1",NA
NA,"Rab2b",NA
NA,"Atp6v0a1",NA
NA,"Morn2",NA
NA,"Ager",NA
NA,"Fam174c",NA
NA,"A730056A06Rik",NA
NA,"Ect2",NA
NA,"Thumpd2",NA
NA,"Vps13b",NA
NA,"Tbx6",NA
NA,"Gm17586",NA
NA,"Rpp14",NA
NA,"Exosc10",NA
NA,"Hdac4",NA
NA,"Gm54266",NA
NA,"Psma5",NA
NA,"Gm16263",NA
NA,"Iscu",NA
NA,"Zfp68",NA
NA,"Lrch3",NA
NA,"Tmem79",NA
NA,"Churc1",NA
NA,"Rassf8",NA
NA,"Endov",NA
NA,"Casp6",NA
NA,"Kat6b",NA
NA,"Zfp799",NA
NA,"Thap3",NA
NA,"Usp22",NA
NA,"Mrm2",NA
NA,"9330175E14Rik",NA
NA,"Mllt1",NA
NA,"Fam98b",NA
NA,"Ccnk",NA
NA,"Prpf3",NA
NA,"Stx1a",NA
NA,"Gm20712",NA
NA,"Ncald",NA
NA,"Usp49",NA
NA,"Ipo8",NA
NA,"Ddx19a",NA
NA,"Zfp119b",NA
NA,"Mtmr3",NA
NA,"Siah1a",NA
NA,"Kcnd1",NA
NA,"Hmmr",NA
NA,"Lcmt1",NA
NA,"Imp3",NA
NA,"Dgcr2",NA
NA,"Sh2b1",NA
NA,"Rpp40",NA
NA,"Klhdc8b",NA
NA,"Krtcap2",NA
NA,"Glmn",NA
NA,"Nle1",NA
NA,"Pias4",NA
NA,"Fubp3",NA
NA,"Urod",NA
NA,"Wdr90",NA
NA,"Tmem106b",NA
NA,"Mb21d2",NA
NA,"Fundc2",NA
NA,"Atp1b1",NA
NA,"Pbrm1",NA
NA,"Gm6277",NA
NA,"Polr2m",NA
NA,"Spire1",NA
NA,"Hdac11",NA
NA,"Gstcd",NA
NA,"Apod",NA
NA,"Gm57424",NA
NA,"Usp5",NA
NA,"9330102E08Rik",NA
NA,"Kctd15",NA
NA,"Snapc2",NA
NA,"Erlec1",NA
NA,"Gm14966",NA
NA,"Zfp606",NA
NA,"Gmnn",NA
NA,"Thumpd1",NA
NA,"Letm2",NA
NA,"Arrdc2",NA
NA,"Fbln1",NA
NA,"Zfp963",NA
NA,"Gm43136",NA
NA,"Mocos",NA
NA,"Gfus",NA
NA,"Rps18-ps3",NA
NA,"D130020L05Rik",NA
NA,"Fam13c",NA
NA,"Rraga",NA
NA,"Nsun5",NA
NA,"Srrm1",NA
NA,"Neil1",NA
NA,"Tceanc",NA
NA,"Snord89",NA
NA,"Polr3e",NA
NA,"Med4",NA
NA,"Nqo2",NA
NA,"Ckap5",NA
NA,"Snx21",NA
NA,"Gm36220",NA
NA,"1700048O20Rik",NA
NA,"Mpnd",NA
NA,"C330013E15Rik",NA
NA,"Arid2",NA
NA,"Astn2",NA
NA,"Ift70a1",NA
NA,"Prr3",NA
NA,"Mief1",NA
NA,"Cdk10",NA
NA,"C030015A19Rik",NA
NA,"Fhdc1",NA
NA,"Clba1",NA
NA,"Gm37691",NA
NA,"Llph",NA
NA,"Dnaja2",NA
NA,"2500004C02Rik",NA
NA,"Gm26787",NA
NA,"Pskh1",NA
NA,"Mgmt",NA
NA,"Frg1",NA
NA,"Gm37607",NA
NA,"Ssu72",NA
NA,"Vps35",NA
NA,"Gm43667",NA
NA,"Ahdc1",NA
NA,"P2ry2",NA
NA,"6230426M11Rik",NA
NA,"1810062G17Rik",NA
NA,"Zfp869",NA
NA,"Gm10642",NA
NA,"Ptpra",NA
NA,"Prrc2a",NA
NA,"Ehmt2",NA
NA,"Dpy19l3",NA
NA,"Fnip2",NA
NA,"Nuf2",NA
NA,"Fancc",NA
NA,"Fmo1",NA
NA,"Arrdc3",NA
NA,"Tank",NA
NA,"Tatdn1",NA
NA,"Sft2d1rt",NA
NA,"BC039966",NA
NA,"Acad12",NA
NA,"Ube2f",NA
NA,"Etaa1",NA
NA,"Huwe1",NA
NA,"B230377A18Rik",NA
NA,"Taok1",NA
NA,"ENSMUSG00000121798_2810025M15Rik",NA
NA,"Zfp324",NA
NA,"Rabgef1",NA
NA,"Ldlrap1",NA
NA,"Cenpx",NA
NA,"Tut1",NA
NA,"Rad51",NA
NA,"G730003C15Rik",NA
NA,"Oxsr1",NA
NA,"Glt28d2",NA
NA,"Zfp3",NA
NA,"Prr14",NA
NA,"Cfap36",NA
NA,"Chaserr",NA
NA,"Haus8",NA
NA,"Rangrf",NA
NA,"Prpf6",NA
NA,"Gbf1",NA
NA,"Chmp1a",NA
NA,"Kif15",NA
NA,"Kif11",NA
NA,"Btg2",NA
NA,"Mrs2",NA
NA,"Zzz3",NA
NA,"Klhdc4",NA
NA,"Runx2",NA
NA,"Hmbox1",NA
NA,"Bmper",NA
NA,"Pafah1b3",NA
NA,"Topbp1",NA
NA,"Nt5dc3",NA
NA,"Pir",NA
NA,"Mki67",NA
NA,"Kpna3",NA
NA,"C920021L13Rik",NA
NA,"Rps3",NA
NA,"Rbbp5",NA
NA,"Cog2",NA
NA,"Alkbh5",NA
NA,"Gm49066",NA
NA,"Ddx19b",NA
NA,"Pask",NA
NA,"Trim33",NA
NA,"Zfp974",NA
NA,"Cbx7",NA
NA,"Polk",NA
NA,"Zc3h18",NA
NA,"1700001G11Rik",NA
NA,"Inpp4b",NA
NA,"Ino80d",NA
NA,"Pitpnm1",NA
NA,"Fth1-ps",NA
NA,"Orai1",NA
NA,"Zbtb21",NA
NA,"C2cd5",NA
NA,"5730414N17Rik",NA
NA,"Psmc1",NA
NA,"Herc4",NA
NA,"Per1",NA
NA,"Phf6",NA
NA,"Ino80e",NA
NA,"Wdr62",NA
NA,"9430038I01Rik",NA
NA,"Tlk1",NA
NA,"Zcchc9",NA
NA,"Med6",NA
NA,"Cdc6",NA
NA,"Pigbos1",NA
NA,"Spa17",NA
NA,"Atf6b",NA
NA,"Unc119b",NA
NA,"Zkscan5",NA
NA,"Zfp579",NA
NA,"Hspa2",NA
NA,"Mtcl2",NA
NA,"Hsf2bp",NA
NA,"Dctn6",NA
NA,"Col8a1",NA
NA,"Zc3h14",NA
NA,"Vps53",NA
NA,"Lrrc51",NA
NA,"Arv1",NA
NA,"Stk38l",NA
NA,"Arl2",NA
NA,"Lats2",NA
NA,"Spout1",NA
NA,"Zfp975",NA
NA,"Hscb",NA
NA,"Birc6",NA
NA,"Tnks",NA
NA,"Abhd17b",NA
NA,"Dynll1",NA
NA,"Akap9",NA
NA,"Gpsm1",NA
NA,"Jmjd4",NA
NA,"Cbfb",NA
NA,"Alkbh1",NA
NA,"Csnk1a1",NA
NA,"Chtf18",NA
NA,"Zcchc2",NA
NA,"Rbm3",NA
NA,"Slc3a2",NA
NA,"Mllt6",NA
NA,"Polr3b",NA
NA,"Galc",NA
NA,"Cuta",NA
NA,"Cwc25",NA
NA,"Cherp",NA
NA,"Porcn",NA
NA,"Zfp428",NA
NA,"Spin1",NA
NA,"Gm16845",NA
NA,"Zfp101",NA
NA,"Srl",NA
NA,"Dusp1",NA
NA,"Paip1",NA
NA,"Plekhg2",NA
NA,"Mettl23",NA
NA,"Dnajb4",NA
NA,"Ube2e3",NA
NA,"Ndufaf7",NA
NA,"Exoc6",NA
NA,"Med8",NA
NA,"Tsen2",NA
NA,"Ywhae",NA
NA,"Gm43860",NA
NA,"Cnih2",NA
NA,"Exosc2",NA
NA,"Tmem203",NA
NA,"Eif3i",NA
NA,"Nr1h3",NA
NA,"Mier1",NA
NA,"Tbl3",NA
NA,"Herc2",NA
NA,"Csrnp2",NA
NA,"Dram2",NA
NA,"Zfp53",NA
NA,"Sike1",NA
NA,"Tmem121",NA
NA,"Zfp719",NA
NA,"Vbp1",NA
NA,"Washc3",NA
NA,"Alg14",NA
NA,"Lyrm7",NA
NA,"Larp4b",NA
NA,"Mir503hg",NA
NA,"Atox1",NA
NA,"Zfp608",NA
NA,"Thoc5",NA
NA,"Ahctf1",NA
NA,"Cenpq",NA
NA,"Tfeb",NA
NA,"Il20rb",NA
NA,"2700033N17Rik",NA
NA,"Sp3",NA
NA,"Med9",NA
NA,"Pgap2",NA
NA,"Zmynd11",NA
NA,"Rpl27",NA
NA,"Qars1",NA
NA,"Kif2c",NA
NA,"Cers2",NA
NA,"Mrpl10",NA
NA,"Polr1g",NA
NA,"Cbx5",NA
NA,"Stam",NA
NA,"Pcyox1l",NA
NA,"Zfp595",NA
NA,"Fndc3a",NA
NA,"Espl1",NA
NA,"Tdp2",NA
NA,"Supt4a",NA
NA,"B4galt7",NA
NA,"Rlf",NA
NA,"Pbk",NA
NA,"Bud23",NA
NA,"Vps45",NA
NA,"Rxrg",NA
NA,"Tex30",NA
NA,"Kif7",NA
NA,"Coro2b",NA
NA,"Tubd1",NA
NA,"Pcnt",NA
NA,"Gm45769",NA
NA,"Ddx31",NA
NA,"Zfp950",NA
NA,"Tfap4",NA
NA,"Stk11ip",NA
NA,"Wdsub1",NA
NA,"Magt1",NA
NA,"Garem1",NA
NA,"Brd1",NA
NA,"Supt7l",NA
NA,"Rhod",NA
NA,"Uxs1",NA
NA,"Klhl42",NA
NA,"Snrpf",NA
NA,"Zfp493",NA
NA,"1810037I17Rik",NA
NA,"Olfm2",NA
NA,"Igf2r",NA
NA,"Myo6",NA
NA,"Slc16a13",NA
NA,"Nup214",NA
NA,"Cda",NA
NA,"Ssx2ip",NA
NA,"Edem3",NA
NA,"Retreg3",NA
NA,"Pex12",NA
NA,"Usp12",NA
NA,"2010007H06Rik",NA
NA,"Rpl36",NA
NA,"Pold1",NA
NA,"Dync2h1",NA
NA,"Ddb2",NA
NA,"Prr12",NA
NA,"4930579G24Rik",NA
NA,"Fmo5",NA
NA,"Hdac3",NA
NA,"Fam72a",NA
NA,"Gm15535",NA
NA,"1110013H19Rik",NA
NA,"Alkbh6",NA
NA,"Cox6c2",NA
NA,"Ppan",NA
NA,"Gmppb",NA
NA,"R3hdm1",NA
NA,"Tmem192",NA
NA,"Stil",NA
NA,"Klf10",NA
NA,"Zfp7",NA
NA,"Dnajc30",NA
NA,"Ptpn11",NA
NA,"Rnf126",NA
NA,"Shc1",NA
NA,"Ankrd39",NA
NA,"A430033K04Rik",NA
NA,"Slc35a3",NA
NA,"Gm11696",NA
NA,"Card6",NA
NA,"Zfp65",NA
NA,"Prpf31",NA
NA,"Gm56912",NA
NA,"Tmem8b",NA
NA,"Rab18",NA
NA,"Abcf3",NA
NA,"Meaf6",NA
NA,"Pcnx",NA
NA,"Ccser2",NA
NA,"5830408C22Rik",NA
NA,"Arhgap1",NA
NA,"Prickle3",NA
NA,"Nucks1",NA
NA,"Calm1",NA
NA,"Dzip1l",NA
NA,"Fyco1",NA
NA,"A630089N07Rik",NA
NA,"Pdia6",NA
NA,"Rps15a-ps5",NA
NA,"Mib1",NA
NA,"Rhbdd1",NA
NA,"Cdnf",NA
NA,"Abcf1",NA
NA,"Smad4",NA
NA,"Sdf2",NA
NA,"Dzip3",NA
NA,"AA986860",NA
NA,"Rtkn",NA
NA,"Gm26910",NA
NA,"Smg9",NA
NA,"Smchd1",NA
NA,"Plppr2",NA
NA,"Exog",NA
NA,"Atp1b3",NA
NA,"Gtpbp3",NA
NA,"Ccdc117",NA
NA,"Luzp1",NA
NA,"Mrpl41",NA
NA,"Ythdf1",NA
NA,"Ddt",NA
NA,"Myom1",NA
NA,"Gas2l3",NA
NA,"Asl",NA
NA,"Cnst",NA
NA,"Cenpc1",NA
NA,"Nmnat2",NA
NA,"Casp2",NA
NA,"Nfkbil1",NA
NA,"Zfp618",NA
NA,"Trio",NA
NA,"Ttc9c",NA
NA,"Cep55",NA
NA,"Hbs1l",NA
NA,"Gm16675",NA
NA,"Naip2",NA
NA,"Egfl7",NA
NA,"Ufc1",NA
NA,"Cmtm7",NA
NA,"G2e3",NA
NA,"Zfta",NA
NA,"Lin9",NA
NA,"Mboat7",NA
NA,"Mtm1",NA
NA,"Golm2",NA
NA,"Carmil1",NA
NA,"Eif2b3",NA
NA,"Dscc1",NA
NA,"Flvcr1",NA
NA,"Rplp2",NA
NA,"Gm16754",NA
NA,"Tshz3",NA
NA,"Dnajc12",NA
NA,"Ascc2",NA
NA,"Krr1",NA
NA,"1700037C18Rik",NA
NA,"Nup85",NA
NA,"Gm16244",NA
NA,"2810449D17Rik",NA
NA,"Flt3l",NA
NA,"Plpbp",NA
NA,"Troap",NA
NA,"Lztfl1",NA
NA,"Gm14303",NA
NA,"Ctsb",NA
NA,"Psph",NA
NA,"Gtf2h5",NA
NA,"Hykk",NA
NA,"Mtx3",NA
NA,"C530020B09Rik",NA
NA,"Homez",NA
NA,"Ube2q1",NA
NA,"Slc22a17",NA
NA,"Cenpu",NA
NA,"Nr2c1",NA
NA,"Snap29",NA
NA,"Jak3",NA
NA,"Ntaq1",NA
NA,"Nelfe",NA
NA,"Usf1",NA
NA,"Gm8213",NA
NA,"Tdrkh",NA
NA,"B130034C11Rik",NA
NA,"Nek2",NA
NA,"Fkbp3",NA
NA,"Golga4",NA
NA,"Psen1",NA
NA,"Plcg1",NA
NA,"Mcm10",NA
NA,"Zfp446",NA
NA,"Dnaja4",NA
NA,"Ext2",NA
NA,"Cops4",NA
NA,"Tufm",NA
NA,"Tmem191",NA
NA,"Tmem268",NA
NA,"Ttbk2",NA
NA,"Ptrhd1",NA
NA,"Pard6b",NA
NA,"Hoxd9",NA
NA,"Pold4",NA
NA,"Poldip3",NA
NA,"Pmel",NA
NA,"Tmem67",NA
NA,"Pnpt1",NA
NA,"Acvr2b",NA
NA,"Adam15",NA
NA,"Zfp81",NA
NA,"Kti12",NA
NA,"Ankrd11",NA
NA,"Tedc2",NA
NA,"Glrx2",NA
NA,"Ccdc17",NA
NA,"Hapstr1",NA
NA,"Cln8",NA
NA,"Kif18a",NA
NA,"Tpgs2",NA
NA,"Bod1l",NA
NA,"Brdt",NA
NA,"Gss",NA
NA,"Snrpc",NA
NA,"Lsm4",NA
NA,"ENSMUSG00000121789",NA
NA,"Plekhm3",NA
NA,"Brat1",NA
NA,"Psmg3",NA
NA,"Fbxl4",NA
NA,"Bhlhe41",NA
NA,"Rsrc1",NA
NA,"Synj2bp",NA
NA,"Cd9",NA
NA,"Ramacl",NA
NA,"Gm33318",NA
NA,"Uggt2",NA
NA,"Gak",NA
NA,"Ptbp2",NA
NA,"Man2c1",NA
NA,"Tsg101",NA
NA,"Tmem218",NA
NA,"Zfp292",NA
NA,"Dffa",NA
NA,"Rbl2",NA
NA,"Smarcd3",NA
NA,"Tkfc",NA
NA,"Abl1",NA
NA,"Aurkb",NA
NA,"Bag6",NA
NA,"Gm49492",NA
NA,"Imp4",NA
NA,"Lancl1",NA
NA,"Prkaa2",NA
NA,"Trim59",NA
NA,"Med28",NA
NA,"Ankib1",NA
NA,"Stamos",NA
NA,"Rbm5",NA
NA,"Zfp2",NA
NA,"Taf5",NA
NA,"Triqk",NA
NA,"Dnajb1",NA
NA,"Pspc1",NA
NA,"Ap1g2",NA
NA,"Snrpa",NA
NA,"Adpgk",NA
NA,"Emc10",NA
NA,"Zfp217",NA
NA,"Pde10a",NA
NA,"Polg2",NA
NA,"Gm15706",NA
NA,"Fbxo38",NA
NA,"Ahi1",NA
NA,"Dis3l2",NA
NA,"Cdh2",NA
NA,"Ptpdc1",NA
NA,"Adarb1",NA
NA,"Vps37d",NA
NA,"2810002D19Rik",NA
NA,"Nprl2",NA
NA,"Nup37",NA
NA,"Gm56503",NA
NA,"Cplx2",NA
NA,"Rab7",NA
NA,"Cep85l",NA
NA,"Srpk1",NA
NA,"Zfp365",NA
NA,"Acot8",NA
NA,"Tmc6",NA
NA,"Elp3",NA
NA,"Pgam5",NA
NA,"Enpp3",NA
NA,"Cenpk",NA
NA,"Cdk9",NA
NA,"Arhgap6",NA
NA,"Gm53058",NA
NA,"Gm56824",NA
NA,"Zpbp",NA
NA,"Yeats4",NA
NA,"Pgghg",NA
NA,"Rgs17",NA
NA,"Ubxn4",NA
NA,"Vps26c",NA
NA,"Jpx",NA
NA,"Xylb",NA
NA,"Lrrc45",NA
NA,"Mef2b",NA
NA,"Tomm34",NA
NA,"Ppp6c",NA
NA,"Foxf2",NA
NA,"Crk",NA
NA,"Ube2j2",NA
NA,"Ankrd13b",NA
NA,"Dvl3",NA
NA,"Gm10297",NA
NA,"Vps52",NA
NA,"2810402E24Rik",NA
NA,"Tent2",NA
NA,"Tacc3",NA
NA,"Trmu",NA
NA,"Gm37397",NA
NA,"Zwint",NA
NA,"Cenpm",NA
NA,"Spag1",NA
NA,"Gm10509",NA
NA,"Rala",NA
NA,"4833418N02Rik",NA
NA,"Setd2",NA
NA,"Shoc2",NA
NA,"Capns1",NA
NA,"Sumf2",NA
NA,"Tatdn3",NA
NA,"Ube2e1",NA
NA,"Bloc1s5",NA
NA,"Aurka",NA
NA,"Rbak",NA
NA,"Kat2a",NA
NA,"Zbed5",NA
NA,"Gm9776",NA
NA,"Tsen54",NA
NA,"Ska1",NA
NA,"H4c1",NA
NA,"Psmd13",NA
NA,"Magee1",NA
NA,"Klf3",NA
NA,"Aaas",NA
NA,"Ercc4",NA
NA,"Zbtb47",NA
NA,"Mettl26",NA
NA,"Gpr162",NA
NA,"0610009L18Rik",NA
NA,"Prdm4",NA
NA,"Spr",NA
NA,"Gm9790",NA
NA,"Topors",NA
NA,"Fbln5",NA
NA,"Cir1",NA
NA,"Gm4117",NA
NA,"E130311K13Rik",NA
NA,"Arl6",NA
NA,"Tmem201",NA
NA,"Wasf2",NA
NA,"Krcc1",NA
NA,"Bud13",NA
NA,"Spryd4",NA
NA,"Cdk12",NA
NA,"ENSMUSG00000121377_Gm5113",NA
NA,"Gm12389",NA
NA,"Drap1",NA
NA,"Ndor1",NA
NA,"Tgfb3",NA
NA,"Ccdc171",NA
NA,"Phf20",NA
NA,"Baz2b",NA
NA,"Prrc1",NA
NA,"Rps25",NA
NA,"Adat2",NA
NA,"Gm11966",NA
NA,"E2f7",NA
NA,"Spsb2",NA
NA,"Ift70b",NA
NA,"Kif4",NA
NA,"Cyrib",NA
NA,"Pcyt1b",NA
NA,"Oscp1",NA
NA,"Klhl36",NA
NA,"Pdk3",NA
NA,"Map3k20",NA
NA,"Cinp",NA
NA,"Maml1",NA
NA,"Hps6",NA
NA,"Cnih1",NA
NA,"Dimt1",NA
NA,"Ddx56",NA
NA,"Arhgap17",NA
NA,"Nmrk1",NA
NA,"Arcn1",NA
NA,"Ggnbp1",NA
NA,"Tm9sf3",NA
NA,"Zfp870",NA
NA,"Zfp398",NA
NA,"Dusp28",NA
NA,"Pecr",NA
NA,"Macf1",NA
NA,"Taf1c",NA
NA,"Rps18",NA
NA,"1700018L02Rik",NA
NA,"Mrpl9",NA
NA,"Fam149b",NA
NA,"Gm56546",NA
NA,"Snap47",NA
NA,"Chn2",NA
NA,"Mpi",NA
NA,"Cnpy2",NA
NA,"Tedc1",NA
NA,"Zcchc17",NA
NA,"Cplane1",NA
NA,"Mrps11",NA
NA,"Smim15",NA
NA,"Evc",NA
NA,"Gatb",NA
NA,"Fam133b",NA
NA,"Zdhhc3",NA
NA,"Tab2",NA
NA,"Brca2",NA
NA,"Ddx49",NA
NA,"Ttc19",NA
NA,"Agtpbp1",NA
NA,"Ash1l",NA
NA,"Gfm1",NA
NA,"Fam171a1",NA
NA,"Tbc1d32",NA
NA,"Bmal2",NA
NA,"Xpnpep1",NA
NA,"Naa12",NA
NA,"Sbds",NA
NA,"Clec2i",NA
NA,"Chtf8",NA
NA,"Paxip1",NA
NA,"Tyw5",NA
NA,"Nup35",NA
NA,"Wdr41",NA
NA,"Actg1",NA
NA,"Sf3b5",NA
NA,"Mnd1",NA
NA,"AKAP17A",NA
NA,"Sugt1",NA
NA,"Chfr",NA
NA,"Rbm27",NA
NA,"Paox",NA
NA,"Kbtbd4",NA
NA,"Tctn2",NA
NA,"Nsmaf",NA
NA,"Dlx2",NA
NA,"Irf2bp2",NA
NA,"Eif4a3",NA
NA,"ENSMUSG00000121430",NA
NA,"Ppp6r2",NA
NA,"Pdrg1",NA
NA,"Zfand2a",NA
NA,"Kctd7",NA
NA,"Slc35e2",NA
NA,"Anapc7",NA
NA,"Gpc4",NA
NA,"Acot6",NA
NA,"Rbm38",NA
NA,"Fkrp",NA
NA,"Hmgxb3",NA
NA,"Rtraf",NA
NA,"Mlec",NA
NA,"Zfp574",NA
NA,"Mbip",NA
NA,"Laptm4b",NA
NA,"Eif4g2",NA
NA,"Gnaq",NA
NA,"Usf2",NA
NA,"Plpp1",NA
NA,"Khsrp",NA
NA,"Serf1",NA
NA,"Rpl13a",NA
NA,"Dus4l",NA
NA,"Tfdp2",NA
NA,"Glg1",NA
NA,"Kif20a",NA
NA,"Particl",NA
NA,"S100pbp",NA
NA,"Map4k5",NA
NA,"Srrm2",NA
NA,"Satb2",NA
NA,"Pard3",NA
NA,"Gemin6",NA
NA,"Nudt16l1",NA
NA,"Nsl1",NA
NA,"Ilk",NA
NA,"Tomm7",NA
NA,"1810034E14Rik",NA
NA,"Ctsz",NA
NA,"Slc30a6",NA
NA,"2210408I21Rik",NA
NA,"Slc9a5",NA
NA,"Hdac8",NA
NA,"Glrb",NA
NA,"Zfp697",NA
NA,"Ahcy",NA
NA,"Tmem62",NA
NA,"Surf6",NA
NA,"Ncbp1",NA
NA,"Necap1",NA
NA,"Cnot11",NA
NA,"Vps4b",NA
NA,"4930578M01Rik",NA
NA,"5730455P16Rik",NA
NA,"Tmco3",NA
NA,"Pcdhb7",NA
NA,"Zfp511",NA
NA,"Slc29a2",NA
NA,"Htt",NA
NA,"Gpn2",NA
NA,"Me2",NA
NA,"Ikzf2",NA
NA,"B230307C23Rik",NA
NA,"Arhgap21",NA
NA,"Snap23",NA
NA,"Upf3b",NA
NA,"Galnt4",NA
NA,"Saal1",NA
NA,"Phf8",NA
NA,"Rsrp1",NA
NA,"Rnf8",NA
NA,"Pmpcb",NA
NA,"Cdk5rap3",NA
NA,"Zbtb16",NA
NA,"Glce",NA
NA,"C1qbp",NA
NA,"Ift88",NA
NA,"Gm3625",NA
NA,"Ubxn2b",NA
NA,"Rab11fip3",NA
NA,"Tle6",NA
NA,"Sh3bp5l",NA
NA,"Angptl6",NA
NA,"Ubtd1",NA
NA,"Mbd5",NA
NA,"Taf6l",NA
NA,"Rras",NA
NA,"Mtln",NA
NA,"Zscan12",NA
NA,"Paqr3",NA
NA,"R74862",NA
NA,"Zdhhc9",NA
NA,"Mid2",NA
NA,"Hars2",NA
NA,"Mydgf",NA
NA,"Sf3a3",NA
NA,"Lmln",NA
NA,"Gm16580",NA
NA,"Uaca",NA
NA,"Parg",NA
NA,"Adck1",NA
NA,"Fam98c",NA
NA,"Timm23",NA
NA,"Dcaf15",NA
NA,"Galt",NA
NA,"Plcb3",NA
NA,"Ppat",NA
NA,"Tpd52",NA
NA,"Hsf2",NA
NA,"Pear1",NA
NA,"Tarbp1",NA
NA,"4930556M19Rik",NA
NA,"Pip4k2a",NA
NA,"Mmachc",NA
NA,"Mrpl47",NA
NA,"Ggh",NA
NA,"Sec62",NA
NA,"Tbc1d14",NA
NA,"Kptn",NA
NA,"Cxxc1",NA
NA,"Cystm1",NA
NA,"Col6a3",NA
NA,"Vps50",NA
NA,"Rcor3",NA
NA,"Slc22a5",NA
NA,"Polr1b",NA
NA,"Polr1f",NA
NA,"Nudt19",NA
NA,"Arid1b",NA
NA,"Gm8186",NA
NA,"Fbxo7",NA
NA,"Fbxw9",NA
NA,"Prkci",NA
NA,"Maoa",NA
NA,"Arrdc1",NA
NA,"Gin1",NA
NA,"Ddx27",NA
NA,"Map3k12",NA
NA,"Hmgxb4",NA
NA,"Baz1b",NA
NA,"Xrn1",NA
NA,"Hapln4",NA
NA,"Cks2",NA
NA,"Tent4b",NA
NA,"Zmat3",NA
NA,"Srsf3",NA
NA,"Snf8",NA
NA,"Slc10a7",NA
NA,"Sgsh",NA
NA,"Abcb7",NA
NA,"Dohh",NA
NA,"Smurf1",NA
NA,"Cops7a",NA
NA,"Rbm26",NA
NA,"Gm14403",NA
NA,"Man1a2",NA
NA,"Rpsa",NA
NA,"Josd2",NA
NA,"Taf13",NA
NA,"Pdcd10",NA
NA,"Ethe1",NA
NA,"Garnl3",NA
NA,"Rprd1a",NA
NA,"Rabif",NA
NA,"Fbxl18",NA
NA,"Kdm4a",NA
NA,"Gm56765",NA
NA,"Alyref2",NA
NA,"Card14",NA
NA,"Rspry1",NA
NA,"Slc17a5",NA
NA,"Rab5a",NA
NA,"2310001H17Rik",NA
NA,"Raph1",NA
NA,"Alg3",NA
NA,"Orc3",NA
NA,"Gng5",NA
NA,"Lars2",NA
NA,"Siva1",NA
NA,"Maml2",NA
NA,"Hace1",NA
NA,"Gm5112",NA
NA,"Ankrd26",NA
NA,"Pus3",NA
NA,"Uba52",NA
NA,"Gtf3c2",NA
NA,"Tgfbrap1",NA
NA,"Ccs",NA
NA,"Ttk",NA
NA,"Tvp23b",NA
NA,"Commd1",NA
NA,"Tmem184c",NA
NA,"Klhdc2",NA
NA,"Zfp622",NA
NA,"Inka1",NA
NA,"Rgl2",NA
NA,"Ppp1cc",NA
NA,"Cmss1",NA
NA,"Prkcsh",NA
NA,"Copb1",NA
NA,"Got1",NA
NA,"Comtd1",NA
NA,"Rsf1",NA
NA,"Mpg",NA
NA,"Scrib",NA
NA,"Mtx1",NA
NA,"Klhl9",NA
NA,"Sufu",NA
NA,"Dcaf6",NA
NA,"Adgre5",NA
NA,"Cdc14b",NA
NA,"Bbip1",NA
NA,"Nacc1",NA
NA,"Nudt5",NA
NA,"Kics2",NA
NA,"Yars1",NA
NA,"Crcp",NA
NA,"Parp4",NA
NA,"Dusp16",NA
NA,"Rnaset2a",NA
NA,"Odf2l",NA
NA,"Slc52a2",NA
NA,"Slc12a9",NA
NA,"Numa1",NA
NA,"Irx2",NA
NA,"Nfx1",NA
NA,"H2aj",NA
NA,"Hmox1",NA
NA,"Ctnnbl1",NA
NA,"Usp14",NA
NA,"Fam118a",NA
NA,"Ccdc91",NA
NA,"Hmgn2",NA
NA,"Exoc1",NA
NA,"Gtse1",NA
NA,"Ift20",NA
NA,"Primpol",NA
NA,"1700008J07Rik",NA
NA,"Fars2",NA
NA,"Copg2",NA
NA,"Stam2",NA
NA,"Tor1a",NA
NA,"Ss18l1",NA
NA,"mt-Rnr2",NA
NA,"Ncaph",NA
NA,"Rbm6",NA
NA,"Tm7sf3",NA
NA,"Mthfs",NA
NA,"Gjc1",NA
NA,"Nat10",NA
NA,"Tmem86a",NA
NA,"Dmwd",NA
NA,"Acap2",NA
NA,"Dop1b",NA
NA,"Brf1",NA
NA,"Rabl2",NA
NA,"Whamm",NA
NA,"Hps3",NA
NA,"Sall2",NA
NA,"Timmdc1",NA
NA,"Cep57",NA
NA,"Brix1",NA
NA,"Usp21",NA
NA,"Prdx2-ps1",NA
NA,"Rps27l",NA
NA,"Slc19a2",NA
NA,"Zfp780b",NA
NA,"Afap1",NA
NA,"Rapgef2",NA
NA,"Tnrc6b",NA
NA,"Rps6kb2",NA
NA,"Zfp110",NA
NA,"Taf7",NA
NA,"Slc30a5",NA
NA,"Fam168b",NA
NA,"Wtap",NA
NA,"Trib3",NA
NA,"Lemd3",NA
NA,"Exoc4",NA
NA,"Fuz",NA
NA,"Sec61a2",NA
NA,"Lyset",NA
NA,"Trip11",NA
NA,"Gtf2ird2",NA
NA,"Siah2",NA
NA,"3110009E18Rik",NA
NA,"Anxa8",NA
NA,"Ankrd13a",NA
NA,"Slc25a32",NA
NA,"Prkcd",NA
NA,"Tmem241",NA
NA,"Gm57032",NA
NA,"Ccdc85c",NA
NA,"Dync2i1",NA
NA,"Epb41l2",NA
NA,"Antkmt",NA
NA,"Arf2",NA
NA,"Myg1",NA
NA,"Map3k10",NA
NA,"Suz12",NA
NA,"Oxr1",NA
NA,"Pdcd2",NA
NA,"Gpr157",NA
NA,"Rpl37",NA
NA,"Amd1",NA
NA,"Lama4",NA
NA,"Tmem208",NA
NA,"Cwf19l1",NA
NA,"Rngtt",NA
NA,"Syne2",NA
NA,"Eloa",NA
NA,"Asap2",NA
NA,"Mtmr12",NA
NA,"Senp8",NA
NA,"Toe1",NA
NA,"Pdcl",NA
NA,"Ift140",NA
NA,"Uckl1",NA
NA,"Gnptg",NA
NA,"Trmt11",NA
NA,"Pigg",NA
NA,"Pdcd6ip",NA
NA,"Dync2li1",NA
NA,"Snrnp25",NA
NA,"Thap12",NA
NA,"Rnf135",NA
NA,"Kdm2a",NA
NA,"Wls",NA
NA,"Gab2",NA
NA,"Rps6ka5",NA
NA,"Atpsckmt",NA
NA,"Thoc1",NA
NA,"Ing3",NA
NA,"Arhgef25",NA
NA,"Hint1",NA
NA,"Ppp1r8",NA
NA,"Rpusd1",NA
NA,"Ipo11",NA
NA,"Dhrs1",NA
NA,"Dgcr8",NA
NA,"Pi4ka",NA
NA,"Anapc16",NA
NA,"Ncapd3",NA
NA,"Rab4b",NA
NA,"Sirt1",NA
NA,"Exosc5",NA
NA,"Zbtb25",NA
NA,"Fdxr",NA
NA,"Rpa1",NA
NA,"Rnf10",NA
NA,"Supt6",NA
NA,"Sf3a2",NA
NA,"Pomgnt1",NA
NA,"Pygo2",NA
NA,"Lrrc41",NA
NA,"Rrm2b",NA
NA,"Efna5",NA
NA,"Trp53rka",NA
NA,"Ccdc112",NA
NA,"Kdm1a",NA
NA,"Laptm4a",NA
NA,"Naif1",NA
NA,"Mettl5",NA
NA,"Tbc1d23",NA
NA,"Gpx7",NA
NA,"Nono",NA
NA,"Ankrd16",NA
NA,"Ranbp2",NA
NA,"Trub2",NA
NA,"Prelid1",NA
NA,"Sp2",NA
NA,"Cks1b",NA
NA,"Stard5",NA
NA,"Chka",NA
NA,"Surf2",NA
NA,"Ccndbp1",NA
NA,"Lin7c",NA
NA,"Kidins220",NA
NA,"Ankmy2",NA
NA,"Rad1",NA
NA,"Snrpe",NA
NA,"Ino80c",NA
NA,"Rad52",NA
NA,"Neurl4",NA
NA,"Gapdh",NA
NA,"Rab9",NA
NA,"Tmem230",NA
NA,"Hirip3",NA
NA,"Tjp1",NA
NA,"Dip2c",NA
NA,"Taf8",NA
NA,"Arfgef1",NA
NA,"Dhodh",NA
NA,"Casp9",NA
NA,"Gm13375",NA
NA,"Trpc4ap",NA
NA,"Arl5b",NA
NA,"Mrpl17",NA
NA,"Brd3",NA
NA,"Pex6",NA
NA,"Erg28",NA
NA,"Rwdd1",NA
NA,"Ypel2",NA
NA,"Ranbp3",NA
NA,"Pfdn4",NA
NA,"Rer1",NA
NA,"Srsf2",NA
NA,"Calu",NA
NA,"Ccdc43",NA
NA,"Cdc20",NA
NA,"Srek1",NA
NA,"Chchd1",NA
NA,"Slc36a1",NA
NA,"Mafg",NA
NA,"Ccdc122",NA
NA,"Cobll1",NA
NA,"Twnk",NA
NA,"Nsf",NA
NA,"Maged2",NA
NA,"Wdr59",NA
NA,"Galnt18",NA
NA,"Srp9",NA
NA,"Slc36a4",NA
NA,"Niban1",NA
NA,"Plekha6",NA
NA,"Nbn",NA
NA,"Spats2",NA
NA,"Ccdc127",NA
NA,"Dnajc24",NA
NA,"Mthfd2",NA
NA,"Vcpkmt",NA
NA,"Ttpal",NA
NA,"Specc1l",NA
NA,"Ywhaq",NA
NA,"Tfpt",NA
NA,"Eef1e1",NA
NA,"Bcl7a",NA
NA,"Srrd",NA
NA,"Fbxl17",NA
NA,"Taf1",NA
NA,"Dexi",NA
NA,"Ube3c",NA
NA,"Slc33a1",NA
NA,"Gspt1",NA
NA,"Ldlrad3",NA
NA,"Ccdc22",NA
NA,"Itfg1",NA
NA,"Plekhf2",NA
NA,"Ciao1",NA
NA,"Zbed4",NA
NA,"Csnk2a1-ps3",NA
NA,"Usp10",NA
NA,"Focad",NA
NA,"Akt1s1",NA
NA,"Bap1",NA
NA,"Bri3bp",NA
NA,"Mipep",NA
NA,"Ubl5",NA
NA,"Nfic",NA
NA,"Selenoo",NA
NA,"Zfx",NA
NA,"Vrk2",NA
NA,"Mrpl32",NA
NA,"Tmem129",NA
NA,"Msh6",NA
NA,"Sh3bp4",NA
NA,"Thyn1",NA
NA,"Ints1",NA
NA,"Cbx1",NA
NA,"3110040N11Rik",NA
NA,"Rubcn",NA
NA,"Slc25a15",NA
NA,"Mcoln1",NA
NA,"Hnrnpu",NA
NA,"Rap2c",NA
NA,"Entpd7",NA
NA,"Bc1",NA
NA,"Dennd4a",NA
NA,"Bahd1",NA
NA,"Capn7",NA
NA,"Erlin1",NA
NA,"Ngrn",NA
NA,"Sdhaf3",NA
NA,"Ints5",NA
NA,"Hspe1",NA
NA,"Btrc",NA
NA,"Tacc1",NA
NA,"Dnaaf9",NA
NA,"Snx14",NA
NA,"Sfpq",NA
NA,"Cacfd1",NA
NA,"Atp6v1a",NA
NA,"Dcaf7",NA
NA,"Tomm6",NA
NA,"Gfod2",NA
NA,"Gcc2",NA
NA,"Gtf2h3",NA
NA,"Gtf2b",NA
NA,"Tbc1d10b",NA
NA,"Ap3m1",NA
NA,"Net1",NA
NA,"Eml3",NA
NA,"Timm9",NA
NA,"Hmgb1",NA
NA,"Rpl7l1",NA
NA,"Ube2i",NA
NA,"Slc25a36",NA
NA,"Nmt1",NA
NA,"Blzf1",NA
NA,"Ppp1r21",NA
NA,"Rpl22l1",NA
NA,"Ctcf",NA
NA,"Get3",NA
NA,"Nup188",NA
NA,"Kat5",NA
NA,"Poglut3",NA
NA,"Gigyf2",NA
NA,"Snx16",NA
NA,"Gapvd1",NA
NA,"Socs4",NA
NA,"Ddx18",NA
NA,"Gosr2",NA
NA,"Hmg20a",NA
NA,"Ddx1",NA
NA,"Car13",NA
NA,"Pigt",NA
NA,"Adh5",NA
NA,"Skic2",NA
NA,"Top1",NA
NA,"Dhrs7",NA
NA,"Ppp1ca",NA
NA,"Pcf11",NA
NA,"Tpgs1",NA
NA,"Tenm4",NA
NA,"Ptcd1",NA
NA,"Naa35",NA
NA,"Stx17",NA
NA,"Osr1",NA
NA,"Ythdf2",NA
NA,"Tmem199",NA
NA,"Nmd3",NA
NA,"Cdc42",NA
NA,"Sec24c",NA
NA,"Alg10b",NA
NA,"Rcor1",NA
NA,"Atosb",NA
NA,"Ammecr1l",NA
NA,"Wiz",NA
NA,"Rps13",NA
NA,"Znhit2",NA
NA,"Hs2st1",NA
NA,"Glod4",NA
NA,"Cnep1r1",NA
NA,"Ppp2r5c",NA
NA,"Rps26",NA
NA,"Prkrip1",NA
NA,"Vps41",NA
NA,"Aldh1l2",NA
NA,"Ift52",NA
NA,"Senp6",NA
NA,"Ndfip1",NA
NA,"Ahsa1",NA
NA,"Zcwpw1",NA
NA,"Spcs1",NA
NA,"Mesd",NA
NA,"Mrps18c",NA
NA,"Rere",NA
NA,"Hcfc1",NA
NA,"Trap1",NA
NA,"Nipbl",NA
NA,"Brk1",NA
NA,"Taf3",NA
NA,"Top2b",NA
NA,"Srsf9",NA
NA,"Rps8",NA
NA,"Rin2",NA
NA,"Trnt1",NA
NA,"Snrnp27",NA
NA,"Arhgef40",NA
NA,"H2ax",NA
NA,"Timp2",NA
NA,"Fbxw7",NA
NA,"Amz2",NA
NA,"Aldh7a1",NA
NA,"Taf15",NA
NA,"Cope",NA
NA,"Prpf40a",NA
NA,"Bcorl1",NA
NA,"Gaa",NA
NA,"Dtymk",NA
NA,"Gda",NA
NA,"Zfp800",NA
NA,"Pik3ca",NA
NA,"Macrod1",NA
NA,"Ppp1r2",NA
NA,"Igbp1",NA
NA,"Clk4",NA
NA,"Hipk1",NA
NA,"Dpm2",NA
NA,"Atg12",NA
NA,"Elof1",NA
NA,"Elp2",NA
NA,"Pafah1b1",NA
NA,"Ptgr3",NA
NA,"Csnk1d",NA
NA,"Api5",NA
NA,"Cdc16",NA
NA,"Timm10b",NA
NA,"Psmd11",NA
NA,"Uso1",NA
NA,"Tmem263",NA
NA,"Impact",NA
NA,"Ndrg1",NA
NA,"Txndc9",NA
NA,"Prkacb",NA
NA,"Smarca4",NA
NA,"Pals1",NA
NA,"Atf4",NA
NA,"Med1",NA
NA,"Pqbp1",NA
NA,"Stard4",NA
NA,"Cpd",NA
NA,"Ssr3",NA
NA,"Mob1a",NA
NA,"Scand1",NA
NA,"Nr2c2",NA
NA,"Sf3b6",NA
NA,"Micu2",NA
NA,"Maea",NA
NA,"Arf3",NA
NA,"Dnajc21",NA
NA,"Luc7l3",NA
NA,"Strn3",NA
NA,"Dctn2",NA
NA,"Fkbp8",NA
NA,"Ccdc88a",NA
NA,"Lpp",NA
NA,"Ggnbp2",NA
NA,"Eef2",NA
